Workbook

Sheet register_한솔55"
V1: MCLK
V2: mhz | W2: 16.128 | X2: 16.128 | Y2: 16.128 | Z2: 15.912 | AA2: 16.128 | AB2: 15.84 | AC2: 16.128 | AD2: 15.984 | AE2: 15.6 | AF2: 16.128
V3: ns | W3: =1/W2*1000 -> 62.003968 | X3: =1/X2*1000 -> 62.003968 | Y3: =1/Y2*1000 -> 62.003968 | Z3: =1/Z2*1000 -> 62.845651 | AA3: =1/AA2*1000 -> 62.003968 | AB3: =1/AB2*1000 -> 63.131313 | AC3: =1/AC2*1000 -> 62.003968 | AD3: =1/AD2*1000 -> 62.562563 | ... AF3: =1/AF2*1000 -> 62.003968 | AG3: =1/AE2 -> 0.064102564
B4: Type | C4: Address | D4: Register | F4: D15 | G4: D14 | H4: D13 | I4: D12 | J4: D11 | K4: D10 | L4: D9 | M4: D8 | N4: D7 | O4: D6 | P4: D5 | Q4: D4 | R4: D3 | S4: D2 | T4: D1 | U4: D0 | V4: SF# | W4: 128 | X4: 120 | Y4: 112 | Z4: 104 | AA4: 96 | AB4: 88 | AC4: 80 | AD4: 72 | AE4: 64 | AF4: 56
B6: CMD1 | C6: ‘h00 | D6: SOFT RESET | K6: x | L6: x | M6: BROADCAST | N6: x | O6: x | P6: x | Q6: x | R6: x | S6: RST3 | T6: RST2 | U6: RST1 | W6: 0x0001→0x0000 | X6: @ initial
M7: 0 | S7: 0 | T7: 0 | U7: 1 → 0
C8: ‘h01 | D8: MODE CONTROL | K8: INT_MCLK | L8: VS_FT | M8: VS_COMP | N8: KEEP_FRAME | O8: X2 | P8: X8 | Q8: NORMAL | R8: x | S8: x | T8: x | U8: DRV_MODE | W8: 0x0091
K9: 0 | L9: 0 | M9: 0 | N9: 1 | O9: 0 | P9: 0 | Q9: 1 | U9: 1
C10: ‘h02 | D10: FIX CONTROL | K10: DUP_O | L10: x | M10: LD_FORCE | N10: x | O10: LD_I_FIX | P10: DUTY_FIX | Q10: HD_FIX | R10: CS_OUT | S10: HOLD_OUT | T10: x | U10: CS/HD_FIX | W10: 0x0x0x→0x0400 | X10: CZ[1:0]= 1→2→3→0@1*6 (2→3→0→1@2*3)
K11: 1 | M11: var | O11: 0 | P11: 0 | Q11: 0 | R11: var | S11: var | U11: var
C12: ‘h03 | D12: CS/HOLD FIX CH | K12: x | L12: FIX_CH10 | M12: FIX_CH9 | N12: FIX_CH8 | O12: FIX_CH7 | P12: FIX_CH6 | Q12: FIX_CH5 | R12: FIX_CH4 | S12: FIX_CH3 | T12: FIX_CH2 | U12: FIX_CH1 | W12: 0x0063 | X12: CH1, CH6은 1*6 config
K13: 0 | L13: 0 | M13: 0 | N13: 0 | O13: 1 | P13: 1 | Q13: 0 | R13: 0 | S13: 0 | T13: 1 | U13: 1
B15: CMD2 | C15: ‘h00 | D15: FRAME SIZE | F15: x | G15: x | H15: SHSYNC_SIZE [5:0] | N15: SVSYNC_SIZE [7:0] | W15: 0x0680 | X15: 0x0678 | Y15: 0x0670 | Z15: 0x0668 | AA15: 0x0660 | AB15: 0x0658 | AC15: 0x0650 | AD15: 0x0648 | AE15: 0x0640 | AF15: 0x0638
K16: 6 | W16: =DEC2HEX(W4) -> 80 | X16: =DEC2HEX(X4) -> 78 | Y16: =DEC2HEX(Y4) -> 70 | Z16: =DEC2HEX(Z4) -> 68 | AA16: =DEC2HEX(AA4) -> 60 | AB16: =DEC2HEX(AB4) -> 58 | AC16: =DEC2HEX(AC4) -> 50 | AD16: =DEC2HEX(AD4) -> 48 | ... AF16: =DEC2HEX(AF4) -> 38
C17: ‘h01 | D17: FRAME START | F17: x | G17: SVSYNC_START2 [6:0] | N17: x | O17: SVSYNC_START1 [6:0] | W17: 0x4701 | X17: 0x4301 | Y17: 0x3F01 | Z17: 0x3B01 | AA17: 0x3601 | AB17: 0x3001 | AC17: 0x2C01 | AD17: 0x2801 | AE17: 0x2401 | AF17: 0x2001
W18: 71 | X18: 67 | Y18: 63 | Z18: 59 | AA18: 54 | AB18: 48 | AC18: 44 | AD18: 40 | AE18: 36 | AF18: 32
C19: ‘h02 | D19: CH S/SVSYNC DLY | F19: x | G19: x | H19: x | I19: CH_SIZE [4:0] | N19: x | O19: x | P19: x | Q19: SVSYNC_DELAY [4:0] | W19: 0x140E | X19: 0x140D | Y19: 0x140C | Z19: 0x140B | AA19: 0x140A | AB19: 0x140A | AC19: 0x1409 | AD19: 0x1408 | AE19: 0x1407 | AF19: 0x1406
W20: 14 | X20: 13 | Y20: 12 | Z20: 11 | AA20: 10 | AB20: 10 | AC20: 9 | AD20: 8 | AE20: 7 | AF20: 6
C21: ‘h03 | D21: SVSYNC OFFSET | F21: x | G21: SVSYNC_OFFSET [14:0] | W21: 0x0000
C23: ‘h04 | D23: SVSYNC PERIOD | F23: x | G23: SVSYNC_PERIOD [14:0] | W23: 0x041A | X23: 0x0460 | Y23: 0x04B0 | Z23: 0x04FB | AA23: 0x0578 | AB23: 0x05DC | AC23: 0x0690 | AD23: 0x073A | AE23: 0x0834 | AF23: 0x0960 | AG23: =10000/64/AG3 -> 2437.5 | AH23: 2435 | AI23: =_xlfn.CONCAT("0x", DEC2HEX(AH23)) -> 0x983
C25: ‘h05 | D25: SHSYNC PERIOD | F25: x | G25: x | H25: x | I25: SHSYNC_PERIOD [12:0] | W25: 0x00AF | X25: 0x00BA | Y25: 0x00C8 | Z25: 0x00D4 | AA25: 0x00E9 | AB25: 0x00FA | AC25: 0x0118 | AD25: 0x0134 | AE25: 0x015E | AF25: 0x0190 | AG25: =10000/64/6/AG3 -> 406.25 | AH25: 406 | AI25: =_xlfn.CONCAT("0x", DEC2HEX(AH25)) -> 0x196
C27: ‘h06 | D27: HOLD SIZE R1 | F27: HOLD_SIZE4 [3:0] | J27: HOLD_SIZE3 [3:0] | N27: HOLD_SIZE2 [3:0] | R27: HOLD_SIZE1 [3:0] | W27: 0x0005
C29: ‘h07 | D29: HOLD SIZE R2 | F29: HOLD_SIZE8 [3:0] | J29: HOLD_SIZE7 [3:0] | N29: HOLD_SIZE6 [3:0] | R29: HOLD_SIZE5[3:0] | W29: 0x0050
C31: ‘h08 | D31: HOLD SIZE R3 | F31: x | G31: x | H31: x | I31: x | J31: x | K31: x | L31: x | M31: x | N31: HOLD_SIZE10 [3:0] | R31: HOLD_SIZE9 [3:0] | W31: 0x0000
C33: ‘h09 | D33: HOLD DUMY S1 | F33: x | G33: HOLD5_DUMY_SIZE [2:0] | J33: HOLD4_DUMY_SIZE [2:0] | M33: HOLD3_DUMY_SIZE [2:0] | P33: HOLD2_DUMY_SIZE [2:0] | S33: HOLD1_DUMY_SIZE [2:0] | W33: 0x0001
C35: ‘h0A | D35: HOLD DUMY S2 | F35: x | G35: HOLD10_DUMY_SIZE [2:0] | J35: HOLD9_DUMY_SIZE [2:0] | M35: HOLD8_DUMY_SIZE [2:0] | P35: HOLD7_DUMY_SIZE [2:0] | S35: HOLD6_DUMY_SIZE [2:0] | W35: 0x0001
C37: ‘h0B | D37: HOLD SETUP | F37: x | G37: x | H37: x | I37: x | J37: x | K37: x | L37: HOLD_SU [9:0] | W37: 0x0089 | X37: 0x0095 | Y37: 0x00A2 | Z37: 0x00AE | AA37: 0x00C3 | AB37: 0x00D4 | AC37: 0x00F2 | AD37: 0x010E | AE37: 0x0138 | AF37: 0x016A
C39: ‘h0C | D39: HOLD ON | F39: x | G39: x | H39: x | I39: x | J39: x | K39: x | L39: x | M39: HOLD_ON [8:0] | W39: 0x0020
C41: ‘h0D | D41: X PERIOD | F41: x | G41: x | H41: x | I41: x | J41: x | K41: x | L41: x | M41: x | N41: x | O41: X_PERIOD [6:0] | W41: 0x0010 | X41: 0x000F | Y41: 0x000E | Z41: 0x000D | AA41: 0x000C | AB41: 0x000B | AC41: 0x000A | AD41: 0x0009 | AE41: 0x0008 | AF41: 0x0007
C43: ‘h0E | D43: VSYNC_COMP1 | F43: x | G43: x | H43: x | I43: x | J43: VS_COMP1 [11:0] | W43: 0x0000
C45: ‘h0F | D45: VSYNC_COMP2 | F45: x | G45: x | H45: x | I45: x | J45: x | K45: x | L45: VS_COMP2 [9:0] | W45: 0x0000
C47: ‘h10 | D47: FRAME HD FIX | F47: x | G47: x | H47: FRAME_CZ [1:0] | J47: FRAME_VREF [11:0] | W47: variable
C49: ‘h11 | D49: DUTY FIX | F49: x | G49: x | H49: x | I49: x | J49: x | K49: x | L49: x | M49: x | N49: DUTY_FIX [7:0] | W49: 0x0000
C51: ‘h12 | D51: LD_I FIX | F51: x | G51: x | H51: x | I51: x | J51: LD_I_FIX [11:0] | W51: 0x0000
C53: ‘h13 | D53: STRB DUP EN | F53: x | G53: x | H53: x | I53: x | J53: x | K53: x | L53: ch10 | M53: ch9 | N53: ch8 | O53: ch7 | P53: ch6 | Q53: ch5 | R53: ch4 | S53: ch3 | T53: ch2 | U53: ch1 | W53: 0x0042
O54: 1 | T54: 1
C55: ‘h14 | D55: STB DUP CH R1 | F55: CH4_STB_DUP_CH[3:0] | J55: CH3_STB_DUP_CH[3:0] | N55: CH2_STB_DUP_CH[3:0] | R55: CH1_STB_DUP_CH[3:0] | W55: 0x0010
O56: 1
C57: ‘h15 | D57: STB DUP CH R2 | F57: CH8_STB_DUP_CH[3:0] | J57: CH7_STB_DUP_CH[3:0] | N57: CH6_STB_DUP_CH[3:0] | R57: CH5_STB_DUP_CH[3:0] | W57: 0x0600
L58: 6
C59: ‘h16 | D59: STB DUP CH R3 | F59: x | G59: x | H59: x | I59: x | J59: x | K59: x | L59: x | M59: x | N59: CH10_STB_DUP_CH[3:0] | R59: CH9_STB_DUP_CH[3:0] | W59: 0x0000
C61: ‘h17 | D61: FULL STEP SIZE | F61: x | G61: x | H61: x | I61: x | J61: FULL_STEP_SIZE [11:0] | W61: 0x0FFF
C63: ‘h18 | D63: FULL STEP DT TH | F63: x | G63: x | H63: x | I63: x | J63: x | K63: x | L63: x | M63: x | N63: FULL_STEP_DUTY_TH [7:0] | W63: 0x0000
C65: ‘h19 | D65: OUTPUT CH EN 1 | F65: ch16 | G65: ch15 | H65: ch14 | I65: ch13 | J65: ch12 | K65: ch11 | L65: ch10 | M65: ch9 | N65: ch8 | O65: ch7 | P65: ch6 | Q65: ch5 | R65: ch4 | S65: ch3 | T65: ch2 | U65: ch1 | W65: 0xF3FF
F66: 1 | G66: 1 | H66: 1 | I66: 1 | L66: 1 | M66: 1 | N66: 1 | O66: 1 | P66: 1 | Q66: 1 | R66: 1 | S66: 1 | T66: 1 | U66: 1
C67: ‘h1A | D67: OUTPUT CH EN 2 | F67: x | G67: x | H67: x | I67: x | J67: x | K67: x | L67: x | M67: x | N67: ch24 | O67: ch23 | P67: ch22 | Q67: ch21 | R67: ch20 | S67: ch19 | T67: ch18 | U67: ch17 | W67: 0x003F
P68: 1 | Q68: 1 | R68: 1 | S68: 1 | T68: 1 | U68: 1
C69: ‘h1B | D69: MCLK_LOCK_CNT | F69: MCLK_LOCK_CNT [15:0] | W69: 0x0000
C71: ‘h1c | D71: MCLK_LOCK_CNT | F71: x | G71: x | H71: x | I71: x | J71: x | K71: x | L71: x | M71: x | N71: x | O71: x | P71: x | Q71: MCLK_LOCK_CNT [20:16] | W71: 0x0000
W72: =8333333.333/W3 -> 134400 | X72: =8333333.333/X3 -> 134400 | Y72: =8333333.333/Y3 -> 134400 | Z72: =8333333.333/Z3 -> 132600 | AA72: =8333333.333/AA3 -> 134400 | AB72: =8333333.333/AB3 -> 132000 | AC72: =8333333.333/AC3 -> 134400 | AD72: =8333333.333/AD3 -> 133200 | ... AF72: =8333333.333/AF3 -> 134400
W73: =DEC2HEX(W72) -> 20CFF | X73: =DEC2HEX(X72) -> 20CFF | Y73: =DEC2HEX(Y72) -> 20CFF | Z73: =DEC2HEX(Z72) -> 205F7 | AA73: =DEC2HEX(AA72) -> 20CFF | AB73: =DEC2HEX(AB72) -> 2039F | AC73: =DEC2HEX(AC72) -> 20CFF | AD73: =DEC2HEX(AD72) -> 2084F | ... AF73: =DEC2HEX(AF72) -> 20CFF

Sheet mclk_dual
B3: basic common freqeucy | C3: khz | E3: 72 | G3: 72 | I3: 72 | K3: 72 | M3: 72 | O3: 72 | Q3: 72 | S3: 72 | U3: 72
B4: x | C4: ea | E4: 224 | G4: 224 | I4: 224 | K4: 221 | M4: 224 | O4: 220 | Q4: 224 | S4: 222 | U4: 224
B5: common frequence | C5: mhz | E5: 16.1666 | G5: =G3*G4/1000 -> 16.128 | I5: =I3*I4/1000 -> 16.128 | K5: =K3*K4/1000 -> 15.912 | M5: =M3*M4/1000 -> 16.128 | O5: =O3*O4/1000 -> 15.84 | Q5: =Q3*Q4/1000 -> 16.128 | S5: =S3*S4/1000 -> 15.984 | U5: =U3*U4/1000 -> 16.128
B6: tolerance | C6: -0.02
C7: 0.02
B9: mclk | C9: mhz | E9: =E5 -> 16.1666 | F9: =1/E9*1000 -> 61.855925 | G9: =G5 -> 16.128 | H9: =1/G9*1000 -> 62.003968 | I9: =I5 -> 16.128 | J9: =1/I9*1000 -> 62.003968 | K9: =K5 -> 15.912 | L9: =1/K9*1000 -> 62.845651 | M9: =M5 -> 16.128 | N9: =1/M9*1000 -> 62.003968 | O9: =O5 -> 15.84 | P9: =1/O9*1000 -> 63.131313 | Q9: =Q5 -> 16.128 | R9: =1/Q9*1000 -> 62.003968 | S9: =S5 -> 15.984 | T9: =1/S9*1000 -> 62.562563 | U9: =U5 -> 16.128 | V9: =1/U9*1000 -> 62.003968
B10: frame frequency | C10: hz | E10: 120 | F10: 100 | G10: 120 | H10: 100 | I10: 120 | J10: 100 | K10: 120 | L10: 100 | M10: 120 | N10: 100 | O10: 120 | P10: 100 | Q10: 120 | R10: 100 | S10: 120 | T10: 100 | U10: 120 | V10: 100
B11: frame period | C11: us | E11: =1/E10*1000000 -> 8333.3333 | F11: =1/F10*1000000 -> 10000 | G11: =1/G10*1000000 -> 8333.3333 | H11: =1/H10*1000000 -> 10000 | I11: =1/I10*1000000 -> 8333.3333 | J11: =1/J10*1000000 -> 10000 | K11: =1/K10*1000000 -> 8333.3333 | L11: =1/L10*1000000 -> 10000 | ... V11: =1/V10*1000000 -> 10000
B12: drive | C12: ea | E12: 2 | F12: =E12 -> 2 | G12: =F12 -> 2 | H12: =G12 -> 2 | I12: =H12 -> 2 | J12: =I12 -> 2 | K12: =J12 -> 2 | L12: =K12 -> 2 | M12: =L12 -> 2 | ... V12: =U12 -> 2
B13: total line # | C13: ea | E13: 12 | F13: =E13 -> 12 | G13: =F13 -> 12 | H13: =G13 -> 12 | I13: =H13 -> 12 | J13: =I13 -> 12 | K13: =J13 -> 12 | L13: =K13 -> 12 | M13: =L13 -> 12 | ... V13: =U13 -> 12
B15: SVSYNC_SIZE | C15: ea | E15: 64 | F15: =E15 -> 64 | G15: 120 | H15: =G15 -> 120 | I15: 112 | J15: =I15 -> 112 | K15: 104 | L15: =K15 -> 104 | M15: 128 | N15: =M15 -> 128 | O15: 88 | P15: =O15 -> 88 | Q15: 80 | R15: =Q15 -> 80 | S15: 72 | T15: =S15 -> 72 | U15: 64 | V15: =U15 -> 64
C16: hex | E16: =DEC2HEX(E15) -> 40 | F16: =DEC2HEX(F15) -> 40 | G16: =DEC2HEX(G15) -> 78 | H16: =DEC2HEX(H15) -> 78 | I16: =DEC2HEX(I15) -> 70 | J16: =DEC2HEX(J15) -> 70 | K16: =DEC2HEX(K15) -> 68 | L16: =DEC2HEX(L15) -> 68 | ... V16: =DEC2HEX(V15) -> 40
B17: sub frame period | C17: us | E17: =E11/E15 -> 130.20833 | F17: =F11/F15 -> 156.25 | G17: =G11/G15 -> 69.444444 | H17: =H11/H15 -> 83.333333 | I17: =I11/I15 -> 74.404762 | J17: =J11/J15 -> 89.285714 | K17: =K11/K15 -> 80.128205 | L17: =L11/L15 -> 96.153846 | ... V17: =V11/V15 -> 156.25
B18: clk#/sub frame | C18: ea | E18: =E17*1000/$F$9 -> 2105.026 | F18: =F17*1000/$F$9 -> 2526.0312 | G18: =G17*1000/$H$9 -> 1120 | H18: =H17*1000/$H$9 -> 1344 | I18: =I17*1000/$J$9 -> 1200 | J18: =J17*1000/$J$9 -> 1440 | K18: =K17*1000/$L$9 -> 1275 | L18: =L17*1000/$L$9 -> 1530 | M18: =M17*1000/$N$9 -> 1050 | N18: =N17*1000/$N$9 -> 1260 | O18: =O17*1000/$P$9 -> 1500 | P18: =P17*1000/$P$9 -> 1800 | Q18: =Q17*1000/$R$9 -> 1680 | R18: =R17*1000/$R$9 -> 2016 | S18: =S17*1000/$T$9 -> 1850 | T18: =T17*1000/$T$9 -> 2220 | U18: =U17*1000/$V$9 -> 2100 | V18: =V17*1000/$V$9 -> 2520
B19: SVSYNC_PERIOD | C19: ea | E19: =ROUNDDOWN(E18,0) -> 2105 | F19: =ROUNDDOWN(F18,0) -> 2526 | G19: =ROUNDDOWN(G18,0) -> 1120 | H19: =ROUNDDOWN(H18,0) -> 1344 | I19: =ROUNDDOWN(I18,0) -> 1200 | J19: =ROUNDDOWN(J18,0) -> 1440 | K19: =ROUNDDOWN(K18,0) -> 1275 | L19: =ROUNDDOWN(L18,0) -> 1530 | ... V19: =ROUNDDOWN(V18,0) -> 2520
C20: hex | E20: =DEC2HEX(E19) -> 839 | F20: =DEC2HEX(F19) -> 9DE | G20: =DEC2HEX(G19) -> 460 | H20: =DEC2HEX(H19) -> 540 | I20: =DEC2HEX(I19) -> 4B0 | J20: =DEC2HEX(J19) -> 5A0 | K20: =DEC2HEX(K19) -> 4FB | L20: =DEC2HEX(L19) -> 5FA | ... V20: =DEC2HEX(V19) -> 9D8
C21: us | E21: =E19*$F$9/1000 -> 130.20672 | F21: =F19*$F$9/1000 -> 156.24807 | G21: =G19*$H$9/1000 -> 69.444444 | H21: =H19*$H$9/1000 -> 83.333333 | I21: =I19*$J$9/1000 -> 74.404762 | J21: =J19*$J$9/1000 -> 89.285714 | K21: =K19*$L$9/1000 -> 80.128205 | L21: =L19*$L$9/1000 -> 96.153846 | M21: =M19*$N$9/1000 -> 65.104167 | N21: =N19*$N$9/1000 -> 78.125 | O21: =O19*$P$9/1000 -> 94.69697 | P21: =P19*$P$9/1000 -> 113.63636 | Q21: =Q19*$R$9/1000 -> 104.16667 | R21: =R19*$R$9/1000 -> 125 | S21: =S19*$T$9/1000 -> 115.74074 | T21: =T19*$T$9/1000 -> 138.88889 | U21: =U19*$V$9/1000 -> 130.20833 | V21: =V19*$V$9/1000 -> 156.25
B22: residue/sub frame | C22: ns | E22: =(E17-E21)*1000 -> 1.6108314 | F22: =(F17-F21)*1000 -> 1.9329977 | G22: =(G17-G21)*1000 -> 0 | H22: =(H17-H21)*1000 -> 0 | I22: =(I17-I21)*1000 -> 0 | J22: =(J17-J21)*1000 -> 0 | K22: =(K17-K21)*1000 -> 1.4210855e-11 | L22: =(L17-L21)*1000 -> 0 | ... V22: =(V17-V21)*1000 -> 0
C23: % | E23: =(E17-E21)/E17 -> 1.2371185e-05 | F23: =(F17-F21)/F17 -> 1.2371185e-05 | G23: =(G17-G21)/G17 -> 0 | H23: =(H17-H21)/H17 -> 0 | I23: =(I17-I21)/I17 -> 0 | J23: =(J17-J21)/J17 -> 0 | K23: =(K17-K21)/K17 -> 1.7735147e-16 | L23: =(L17-L21)/L17 -> 0 | ... V23: =(V17-V21)/V17 -> 0
B24: residue/frame | C24: us | E24: =E11-E21*E15 -> 0.10309321 | F24: =F11-F21*F15 -> 0.12371185 | G24: =G11-G21*G15 -> 0 | H24: =H11-H21*H15 -> 0 | I24: =I11-I21*I15 -> 0 | J24: =J11-J21*J15 -> 0 | K24: =K11-K21*K15 -> 0 | L24: =L11-L21*L15 -> 0 | ... V24: =V11-V21*V15 -> 0
C25: % | E25: =E24/E11 -> 1.2371185e-05 | F25: =F24/F11 -> 1.2371185e-05 | G25: =G24/G11 -> 0 | H25: =H24/H11 -> 0 | I25: =I24/I11 -> 0 | J25: =J24/J11 -> 0 | K25: =K24/K11 -> 0 | L25: =L24/L11 -> 0 | ... V25: =V24/V11 -> 0
B26: worst divi/SVSYNC | C26: % | E26: =E24/E21 -> 0.00079176564 | F26: =F24/F21 -> 0.00079176564 | G26: =G24/G21 -> 0 | H26: =H24/H21 -> 0 | I26: =I24/I21 -> 0 | J26: =J24/J21 -> 0 | K26: =K24/K21 -> 0 | L26: =L24/L21 -> 0 | ... V26: =V24/V21 -> 0
B28: SHSYNC_SIZE | C28: ea | E28: =E13/E12 -> 6 | F28: =F13/F12 -> 6 | G28: =G13/G12 -> 6 | H28: =H13/H12 -> 6 | I28: =I13/I12 -> 6 | J28: =J13/J12 -> 6 | K28: =K13/K12 -> 6 | L28: =L13/L12 -> 6 | ... V28: =V13/V12 -> 6
C29: hex | E29: =DEC2HEX(E28) -> 6 | F29: =DEC2HEX(F28) -> 6 | G29: =DEC2HEX(G28) -> 6 | H29: =DEC2HEX(H28) -> 6 | I29: =DEC2HEX(I28) -> 6 | J29: =DEC2HEX(J28) -> 6 | K29: =DEC2HEX(K28) -> 6 | L29: =DEC2HEX(L28) -> 6 | ... V29: =DEC2HEX(V28) -> 6
B30: shsync_period | C30: us | E30: =E17/E28 -> 21.701389 | F30: =F17/F28 -> 26.041667 | G30: =G17/G28 -> 11.574074 | H30: =H17/H28 -> 13.888889 | I30: =I17/I28 -> 12.400794 | J30: =J17/J28 -> 14.880952 | K30: =K17/K28 -> 13.354701 | L30: =L17/L28 -> 16.025641 | ... V30: =V17/V28 -> 26.041667
B31: clk#/shsync | C31: ea | E31: =E30*1000/$F$9 -> 350.83767 | F31: =F30*1000/$F$9 -> 421.00521 | G31: =G30*1000/$H$9 -> 186.66667 | H31: =H30*1000/$H$9 -> 224 | I31: =I30*1000/$J$9 -> 200 | J31: =J30*1000/$J$9 -> 240 | K31: =K30*1000/$L$9 -> 212.5 | L31: =L30*1000/$L$9 -> 255 | M31: =M30*1000/$N$9 -> 175 | N31: =N30*1000/$N$9 -> 210 | O31: =O30*1000/$P$9 -> 250 | P31: =P30*1000/$P$9 -> 300 | Q31: =Q30*1000/$R$9 -> 280 | R31: =R30*1000/$R$9 -> 336 | S31: =S30*1000/$T$9 -> 308.33333 | T31: =T30*1000/$T$9 -> 370 | U31: =U30*1000/$V$9 -> 350 | V31: =V30*1000/$V$9 -> 420
B32: SHSYNC_PERIOD | C32: ea | E32: =ROUNDDOWN(E31,0) -> 350 | F32: =ROUNDDOWN(F31,0) -> 421 | G32: =ROUNDDOWN(G31,0) -> 186 | H32: =ROUNDDOWN(H31,0) -> 224 | I32: =ROUNDDOWN(I31,0) -> 200 | J32: =ROUNDDOWN(J31,0) -> 240 | K32: =ROUNDDOWN(K31,0) -> 212 | L32: =ROUNDDOWN(L31,0) -> 255 | ... V32: =ROUNDDOWN(V31,0) -> 420
C33: hex | E33: =DEC2HEX(E32) -> 15E | F33: =DEC2HEX(F32) -> 1A5 | G33: =DEC2HEX(G32) -> BA | H33: =DEC2HEX(H32) -> E0 | I33: =DEC2HEX(I32) -> C8 | J33: =DEC2HEX(J32) -> F0 | K33: =DEC2HEX(K32) -> D4 | L33: =DEC2HEX(L32) -> FF | ... V33: =DEC2HEX(V32) -> 1A4
C34: us | E34: =E32*$F$9/1000 -> 21.649574 | F34: =F32*$F$9/1000 -> 26.041345 | G34: =G32*$H$9/1000 -> 11.532738 | H34: =H32*$H$9/1000 -> 13.888889 | I34: =I32*$J$9/1000 -> 12.400794 | J34: =J32*$J$9/1000 -> 14.880952 | K34: =K32*$L$9/1000 -> 13.323278 | L34: =L32*$L$9/1000 -> 16.025641 | M34: =M32*$N$9/1000 -> 10.850694 | N34: =N32*$N$9/1000 -> 13.020833 | O34: =O32*$P$9/1000 -> 15.782828 | P34: =P32*$P$9/1000 -> 18.939394 | Q34: =Q32*$R$9/1000 -> 17.361111 | R34: =R32*$R$9/1000 -> 20.833333 | S34: =S32*$T$9/1000 -> 19.269269 | T34: =T32*$T$9/1000 -> 23.148148 | U34: =U32*$V$9/1000 -> 21.701389 | V34: =V32*$V$9/1000 -> 26.041667
B35: residue/sub hsync | C35: us | E35: =E30-E34 -> 0.051815076 | F35: =F30-F34 -> 0.00032216628 | G35: =G30-G34 -> 0.041335979 | H35: =H30-H34 -> 0 | I35: =I30-I34 -> 0 | J35: =J30-J34 -> 0 | K35: =K30-K34 -> 0.031422826 | L35: =L30-L34 -> 0 | ... V35: =V30-V34 -> 0
B37: HOLD_SU | C37: ea | E37: =E32-E41-E40 -> 312 | F37: =F32-F41-F40 -> 383 | G37: =G32-G41-G40 -> 148 | H37: =H32-H41-H40 -> 186 | I37: =I32-I41-I40 -> 162 | J37: =J32-J41-J40 -> 202 | K37: =K32-K41-K40 -> 174 | L37: =L32-L41-L40 -> 217 | ... V37: =V32-V41-V40 -> 382
C38: hex | E38: =DEC2HEX(E37) -> 138 | F38: =DEC2HEX(F37) -> 17F | G38: =DEC2HEX(G37) -> 94 | H38: =DEC2HEX(H37) -> BA | I38: =DEC2HEX(I37) -> A2 | J38: =DEC2HEX(J37) -> CA | K38: =DEC2HEX(K37) -> AE | L38: =DEC2HEX(L37) -> D9 | ... V38: =DEC2HEX(V37) -> 17E
C39: us | E39: =E37*$F$9/1000 -> 19.299049 | F39: =F37*$F$9/1000 -> 23.690819 | G39: =G37*$H$9/1000 -> 9.1765873 | H39: =H37*$H$9/1000 -> 11.532738 | I39: =I37*$J$9/1000 -> 10.044643 | J39: =J37*$J$9/1000 -> 12.524802 | K39: =K37*$L$9/1000 -> 10.935143 | L39: =L37*$L$9/1000 -> 13.637506 | M39: =M37*$N$9/1000 -> 8.4945437 | N39: =N37*$N$9/1000 -> 10.664683 | O39: =O37*$P$9/1000 -> 13.383838 | P39: =P37*$P$9/1000 -> 16.540404 | Q39: =Q37*$R$9/1000 -> 15.00496 | R39: =R37*$R$9/1000 -> 18.477183 | S39: =S37*$T$9/1000 -> 16.891892 | T39: =T37*$T$9/1000 -> 20.770771 | U39: =U37*$V$9/1000 -> 19.345238 | V39: =V37*$V$9/1000 -> 23.685516
B40: adj cofficient | C40: ea | E40: 6 | F40: =E40 -> 6 | G40: 6 | H40: =G40 -> 6 | I40: 6 | J40: =I40 -> 6 | K40: 6 | L40: =K40 -> 6 | M40: 6 | N40: =M40 -> 6 | O40: 6 | P40: =O40 -> 6 | Q40: 6 | R40: =Q40 -> 6 | S40: 6 | T40: =S40 -> 6 | U40: 6 | V40: =U40 -> 6
B41: HOLD_ON | C41: ea | E41: 32 | F41: =E41 -> 32 | G41: 32 | H41: =G41 -> 32 | I41: 32 | J41: =I41 -> 32 | K41: 32 | L41: =K41 -> 32 | M41: 32 | N41: =M41 -> 32 | O41: 32 | P41: =O41 -> 32 | Q41: 32 | R41: =Q41 -> 32 | S41: 32 | T41: =S41 -> 32 | U41: 32 | V41: =U41 -> 32
C42: hex | E42: =DEC2HEX(E41) -> 20 | F42: =DEC2HEX(F41) -> 20 | G42: =DEC2HEX(G41) -> 20 | H42: =DEC2HEX(H41) -> 20 | I42: =DEC2HEX(I41) -> 20 | J42: =DEC2HEX(J41) -> 20 | K42: =DEC2HEX(K41) -> 20 | L42: =DEC2HEX(L41) -> 20 | ... V42: =DEC2HEX(V41) -> 20
C43: us | E43: =E41*$F$9/1000 -> 1.9793896 | F43: =F41*$F$9/1000 -> 1.9793896 | G43: =G41*$H$9/1000 -> 1.984127 | H43: =H41*$H$9/1000 -> 1.984127 | I43: =I41*$J$9/1000 -> 1.984127 | J43: =J41*$J$9/1000 -> 1.984127 | K43: =K41*$L$9/1000 -> 2.0110608 | L43: =L41*$L$9/1000 -> 2.0110608 | M43: =M41*$N$9/1000 -> 1.984127 | N43: =N41*$N$9/1000 -> 1.984127 | O43: =O41*$P$9/1000 -> 2.020202 | P43: =P41*$P$9/1000 -> 2.020202 | Q43: =Q41*$R$9/1000 -> 1.984127 | R43: =R41*$R$9/1000 -> 1.984127 | S43: =S41*$T$9/1000 -> 2.002002 | T43: =T41*$T$9/1000 -> 2.002002 | U43: =U41*$V$9/1000 -> 1.984127 | V43: =V41*$V$9/1000 -> 1.984127
B45: ADO setup time | C45: us | E45: =(E37-3)*$F$9/1000 -> 19.113481 | F45: =(F37-3)*$F$9/1000 -> 23.505252 | G45: =(G37-3)*$H$9/1000 -> 8.9905754 | H45: =(H37-3)*$H$9/1000 -> 11.346726 | I45: =(I37-3)*$J$9/1000 -> 9.858631 | J45: =(J37-3)*$J$9/1000 -> 12.33879 | K45: =(K37-3)*$L$9/1000 -> 10.746606 | L45: =(L37-3)*$L$9/1000 -> 13.448969 | M45: =(M37-3)*$N$9/1000 -> 8.3085317 | N45: =(N37-3)*$N$9/1000 -> 10.478671 | O45: =(O37-3)*$P$9/1000 -> 13.194444 | P45: =(P37-3)*$P$9/1000 -> 16.35101 | Q45: =(Q37-3)*$R$9/1000 -> 14.818948 | R45: =(R37-3)*$R$9/1000 -> 18.291171 | S45: =(S37-3)*$T$9/1000 -> 16.704204 | T45: =(T37-3)*$T$9/1000 -> 20.583083 | U45: =(U37-3)*$V$9/1000 -> 19.159226 | V45: =(V37-3)*$V$9/1000 -> 23.499504
B46: ADO hold time | C46: us | E46: =(E32-E37-E41+3)*$F$9/1000 -> 0.55670333 | F46: =(F32-F37-F41+3)*$F$9/1000 -> 0.55670333 | G46: =(G32-G37-G41+3)*$H$9/1000 -> 0.55803571 | H46: =(H32-H37-H41+3)*$H$9/1000 -> 0.55803571 | I46: =(I32-I37-I41+3)*$J$9/1000 -> 0.55803571 | J46: =(J32-J37-J41+3)*$J$9/1000 -> 0.55803571 | K46: =(K32-K37-K41+3)*$L$9/1000 -> 0.56561086 | L46: =(L32-L37-L41+3)*$L$9/1000 -> 0.56561086 | M46: =(M32-M37-M41+3)*$N$9/1000 -> 0.55803571 | N46: =(N32-N37-N41+3)*$N$9/1000 -> 0.55803571 | O46: =(O32-O37-O41+3)*$P$9/1000 -> 0.56818182 | P46: =(P32-P37-P41+3)*$P$9/1000 -> 0.56818182 | Q46: =(Q32-Q37-Q41+3)*$R$9/1000 -> 0.55803571 | R46: =(R32-R37-R41+3)*$R$9/1000 -> 0.55803571 | S46: =(S32-S37-S41+3)*$T$9/1000 -> 0.56306306 | T46: =(T32-T37-T41+3)*$T$9/1000 -> 0.56306306 | U46: =(U32-U37-U41+3)*$V$9/1000 -> 0.55803571 | V46: =(V32-V37-V41+3)*$V$9/1000 -> 0.55803571
B47: HOLD falling to CS rising | C47: us | E47: =(E32-E37-E41+9)*$F$9/1000 -> 0.92783888 | F47: =(F32-F37-F41+9)*$F$9/1000 -> 0.92783888 | G47: =(G32-G37-G41+9)*$H$9/1000 -> 0.93005952 | H47: =(H32-H37-H41+9)*$H$9/1000 -> 0.93005952 | I47: =(I32-I37-I41+9)*$J$9/1000 -> 0.93005952 | J47: =(J32-J37-J41+9)*$J$9/1000 -> 0.93005952 | K47: =(K32-K37-K41+9)*$L$9/1000 -> 0.94268477 | L47: =(L32-L37-L41+9)*$L$9/1000 -> 0.94268477 | M47: =(M32-M37-M41+9)*$N$9/1000 -> 0.93005952 | N47: =(N32-N37-N41+9)*$N$9/1000 -> 0.93005952 | O47: =(O32-O37-O41+9)*$P$9/1000 -> 0.9469697 | P47: =(P32-P37-P41+9)*$P$9/1000 -> 0.9469697 | Q47: =(Q32-Q37-Q41+9)*$R$9/1000 -> 0.93005952 | R47: =(R32-R37-R41+9)*$R$9/1000 -> 0.93005952 | S47: =(S32-S37-S41+9)*$T$9/1000 -> 0.93843844 | T47: =(T32-T37-T41+9)*$T$9/1000 -> 0.93843844 | U47: =(U32-U37-U41+9)*$V$9/1000 -> 0.93005952 | V47: =(V32-V37-V41+9)*$V$9/1000 -> 0.93005952
B48: total shsync time | C48: us | E48: =(E37+E41)*$F$9/1000 -> 21.278438 | F48: =(F37+F41)*$F$9/1000 -> 25.670209 | G48: =(G37+G41)*$H$9/1000 -> 11.160714 | H48: =(H37+H41)*$H$9/1000 -> 13.516865 | I48: =(I37+I41)*$J$9/1000 -> 12.02877 | J48: =(J37+J41)*$J$9/1000 -> 14.508929 | K48: =(K37+K41)*$L$9/1000 -> 12.946204 | L48: =(L37+L41)*$L$9/1000 -> 15.648567 | M48: =(M37+M41)*$N$9/1000 -> 10.478671 | N48: =(N37+N41)*$N$9/1000 -> 12.64881 | O48: =(O37+O41)*$P$9/1000 -> 15.40404 | P48: =(P37+P41)*$P$9/1000 -> 18.560606 | Q48: =(Q37+Q41)*$R$9/1000 -> 16.989087 | R48: =(R37+R41)*$R$9/1000 -> 20.46131 | S48: =(S37+S41)*$T$9/1000 -> 18.893894 | T48: =(T37+T41)*$T$9/1000 -> 22.772773 | U48: =(U37+U41)*$V$9/1000 -> 21.329365 | V48: =(V37+V41)*$V$9/1000 -> 25.669643
B50: shsync_period | C50: ea | E50: =E37+E40+E41 -> 350 | F50: =F37+F40+F41 -> 421 | G50: =G37+G40+G41 -> 186 | H50: =H37+H40+H41 -> 224 | I50: =I37+I40+I41 -> 200 | J50: =J37+J40+J41 -> 240 | K50: =K37+K40+K41 -> 212 | L50: =L37+L40+L41 -> 255 | ... V50: =V37+V40+V41 -> 420
C51: us | E51: =E50*$F$9/1000 -> 21.649574 | F51: =F50*$F$9/1000 -> 26.041345 | G51: =G50*$H$9/1000 -> 11.532738 | H51: =H50*$H$9/1000 -> 13.888889 | I51: =I50*$J$9/1000 -> 12.400794 | J51: =J50*$J$9/1000 -> 14.880952 | K51: =K50*$L$9/1000 -> 13.323278 | L51: =L50*$L$9/1000 -> 16.025641 | M51: =M50*$N$9/1000 -> 10.850694 | N51: =N50*$N$9/1000 -> 13.020833 | O51: =O50*$P$9/1000 -> 15.782828 | P51: =P50*$P$9/1000 -> 18.939394 | Q51: =Q50*$R$9/1000 -> 17.361111 | R51: =R50*$R$9/1000 -> 20.833333 | S51: =S50*$T$9/1000 -> 19.269269 | T51: =T50*$T$9/1000 -> 23.148148 | U51: =U50*$V$9/1000 -> 21.701389 | V51: =V50*$V$9/1000 -> 26.041667
B52: residue/sub hsync | C52: us | E52: =E34-E51 -> 0 | F52: =F34-F51 -> 0 | G52: =G34-G51 -> 0 | H52: =H34-H51 -> 0 | I52: =I34-I51 -> 0 | J52: =J34-J51 -> 0 | K52: =K34-K51 -> 0 | L52: =L34-L51 -> 0 | ... V52: =V34-V51 -> 0
B54: residue/SVSYNC | C54: us | E54: =E21-E28*E51 -> 0.30927963 | F54: =F21-F28*F51 -> 0 | G54: =G21-G28*G51 -> 0.24801587 | H54: =H21-H28*H51 -> 0 | I54: =I21-I28*I51 -> 0 | J54: =J21-J28*J51 -> 0 | K54: =K21-K28*K51 -> 0.18853695 | L54: =L21-L28*L51 -> 0 | ... V54: =V21-V28*V51 -> 0
B56: total SVSYNC_PERIOD | C56: us | E56: =E21*E15 -> 8333.2302 | F56: =F21*F15 -> 9999.8763 | G56: =G21*G15 -> 8333.3333 | H56: =H21*H15 -> 10000 | I56: =I21*I15 -> 8333.3333 | J56: =J21*J15 -> 10000 | K56: =K21*K15 -> 8333.3333 | L56: =L21*L15 -> 10000 | ... V56: =V21*V15 -> 10000
B57: residue/frame | C57: us | E57: =E11-E56 -> 0.10309321 | F57: =F11-F56 -> 0.12371185 | G57: =G11-G56 -> 0 | H57: =H11-H56 -> 0 | I57: =I11-I56 -> 0 | J57: =J11-J56 -> 0 | K57: =K11-K56 -> 0 | L57: =L11-L56 -> 0 | ... V57: =V11-V56 -> 0

Sheet line delay
B2: dual drive | C2: 2 | E2: 2 | G2: 2 | I2: 2 | K2: 2 | M2: 2 | O2: 2 | Q2: 2 | S2: 2 | U2: 2
B3: sub-frame | C3: 128 | E3: 120 | G3: 112 | I3: 104 | K3: 96 | M3: 88 | O3: 80 | Q3: 72 | S3: 64 | U3: 56
B4: line # | C4: 5 | E4: 5 | G4: 5 | I4: 5 | K4: 5 | M4: 5 | O4: 5 | Q4: 5 | S4: 5 | U4: 5
B6: svsync_delay | C6: =(C3/K2)/(C4) -> 12.8 | E6: =(E3/$K$2)/(E4) -> 12 | G6: =(G3/$K$2)/(G4) -> 11.2 | I6: =(I3/$K$2)/(I4) -> 10.4 | K6: =(K3/$K$2)/(K4) -> 9.6 | M6: =(M3/$K$2)/(M4) -> 8.8 | O6: =(O3/$K$2)/(O4) -> 8 | Q6: =(Q3/$K$2)/(Q4) -> 7.2 | S6: =(S3/$K$2)/(S4) -> 6.4 | U6: =(U3/$K$2)/(U4) -> 5.6
C7: 14 | E7: 13 | G7: 12 | I7: 11 | K7: 10 | M7: 10 | O7: 9 | Q7: 8 | S7: 7 | U7: 6
B8: start1 | C8: 1 | E8: 1 | G8: 1 | I8: 1 | K8: 1 | M8: 1 | O8: 1 | Q8: 1 | S8: 1 | U8: 1
B9: start2 | C9: =C3/$K$2+1 -> 65 | E9: =E3/$K$2+1 -> 61 | G9: =G3/$K$2+1 -> 57 | I9: =I3/$K$2+1 -> 53 | K9: =K3/$K$2+1 -> 49 | M9: =M3/$K$2+1 -> 45 | O9: =O3/$K$2+1 -> 41 | Q9: =Q3/$K$2+1 -> 37 | S9: =S3/$K$2+1 -> 33 | U9: =U3/$K$2+1 -> 29
C11: start # | D11: gap | E11: start # | F11: gap | G11: start # | H11: gap | I11: start # | J11: gap | K11: start # | L11: gap | M11: start # | N11: gap | O11: start # | P11: gap | Q11: start # | R11: gap | S11: start # | T11: gap | U11: start # | V11: gap
B12: 1 | C12: =C8 -> 1 | E12: =E8 -> 1 | G12: =G8 -> 1 | I12: =I8 -> 1 | K12: =K8 -> 1 | M12: =M8 -> 1 | O12: =O8 -> 1 | Q12: =Q8 -> 1 | S12: =S8 -> 1 | U12: =U8 -> 1
B13: 2 | C13: =C12+C7 -> 15 | D13: =C13-C12 -> 14 | E13: =E12+E7 -> 14 | F13: =E13-E12 -> 13 | G13: =G12+G7 -> 13 | H13: =G13-G12 -> 12 | I13: =I12+I7 -> 12 | J13: =I13-I12 -> 11 | K13: =K12+K7 -> 11 | L13: =K13-K12 -> 10 | M13: =M12+M7 -> 11 | N13: =M13-M12 -> 10 | O13: =O12+O7 -> 10 | P13: =O13-O12 -> 9 | Q13: =Q12+Q7 -> 9 | R13: =Q13-Q12 -> 8 | S13: =S12+S7 -> 8 | T13: =S13-S12 -> 7 | U13: =U12+U7 -> 7 | V13: =U13-U12 -> 6
B14: 3 | C14: =C13+C7 -> 29 | D14: =C14-C13 -> 14 | E14: =E13+E7 -> 27 | F14: =E14-E13 -> 13 | G14: =G13+G7 -> 25 | H14: =G14-G13 -> 12 | I14: =I13+I7 -> 23 | J14: =I14-I13 -> 11 | K14: =K13+K7 -> 21 | L14: =K14-K13 -> 10 | M14: =M13+M7 -> 21 | N14: =M14-M13 -> 10 | O14: =O13+O7 -> 19 | P14: =O14-O13 -> 9 | Q14: =Q13+Q7 -> 17 | R14: =Q14-Q13 -> 8 | S14: =S13+S7 -> 15 | T14: =S14-S13 -> 7 | U14: =U13+U7 -> 13 | V14: =U14-U13 -> 6
B15: 4 | C15: =C14+C7 -> 43 | D15: =C15-C14 -> 14 | E15: =E14+E7 -> 40 | F15: =E15-E14 -> 13 | G15: =G14+G7 -> 37 | H15: =G15-G14 -> 12 | I15: =I14+I7 -> 34 | J15: =I15-I14 -> 11 | K15: =K14+K7 -> 31 | L15: =K15-K14 -> 10 | M15: =M14+M7 -> 31 | N15: =M15-M14 -> 10 | O15: =O14+O7 -> 28 | P15: =O15-O14 -> 9 | Q15: =Q14+Q7 -> 25 | R15: =Q15-Q14 -> 8 | S15: =S14+S7 -> 22 | T15: =S15-S14 -> 7 | U15: =U14+U7 -> 19 | V15: =U15-U14 -> 6
B16: 5 | C16: =C15+C7 -> 57 | D16: =C16-C15 -> 14 | E16: =E15+E7 -> 53 | F16: =E16-E15 -> 13 | G16: =G15+G7 -> 49 | H16: =G16-G15 -> 12 | I16: =I15+I7 -> 45 | J16: =I16-I15 -> 11 | K16: =K15+K7 -> 41 | L16: =K16-K15 -> 10 | M16: =M15+M7 -> 41 | N16: =M16-M15 -> 10 | O16: =O15+O7 -> 37 | P16: =O16-O15 -> 9 | Q16: =Q15+Q7 -> 33 | R16: =Q16-Q15 -> 8 | S16: =S15+S7 -> 29 | T16: =S16-S15 -> 7 | U16: =U15+U7 -> 25 | V16: =U16-U15 -> 6
B18: 6 | C18: =C9+6 -> 71 | D18: =C18-C16 -> 14 | E18: =E9+6 -> 67 | F18: =E18-E16 -> 14 | G18: =G9+6 -> 63 | H18: =G18-G16 -> 14 | I18: =I9+6 -> 59 | J18: =I18-I16 -> 14 | K18: =K9+5 -> 54 | L18: =K18-K16 -> 13 | M18: =M9+3 -> 48 | N18: =M18-M16 -> 7 | O18: =O9+3 -> 44 | P18: =O18-O16 -> 7 | Q18: =Q9+3 -> 40 | R18: =Q18-Q16 -> 7 | S18: =S9+3 -> 36 | T18: =S18-S16 -> 7 | U18: =U9+3 -> 32 | V18: =U18-U16 -> 7
B19: 7 | C19: =C18+C7 -> 85 | D19: =C19-C18 -> 14 | E19: =E18+E7 -> 80 | F19: =E19-E18 -> 13 | G19: =G18+G7 -> 75 | H19: =G19-G18 -> 12 | I19: =I18+I7 -> 70 | J19: =I19-I18 -> 11 | K19: =K18+K7 -> 64 | L19: =K19-K18 -> 10 | M19: =M18+M7 -> 58 | N19: =M19-M18 -> 10 | O19: =O18+O7 -> 53 | P19: =O19-O18 -> 9 | Q19: =Q18+Q7 -> 48 | R19: =Q19-Q18 -> 8 | S19: =S18+S7 -> 43 | T19: =S19-S18 -> 7 | U19: =U18+U7 -> 38 | V19: =U19-U18 -> 6
B20: 8 | C20: =C19+C7 -> 99 | D20: =C20-C19 -> 14 | E20: =E19+E7 -> 93 | F20: =E20-E19 -> 13 | G20: =G19+G7 -> 87 | H20: =G20-G19 -> 12 | I20: =I19+I7 -> 81 | J20: =I20-I19 -> 11 | K20: =K19+K7 -> 74 | L20: =K20-K19 -> 10 | M20: =M19+M7 -> 68 | N20: =M20-M19 -> 10 | O20: =O19+O7 -> 62 | P20: =O20-O19 -> 9 | Q20: =Q19+Q7 -> 56 | R20: =Q20-Q19 -> 8 | S20: =S19+S7 -> 50 | T20: =S20-S19 -> 7 | U20: =U19+U7 -> 44 | V20: =U20-U19 -> 6
B21: 9 | C21: =C20+C7 -> 113 | D21: =C21-C20 -> 14 | E21: =E20+E7 -> 106 | F21: =E21-E20 -> 13 | G21: =G20+G7 -> 99 | H21: =G21-G20 -> 12 | I21: =I20+I7 -> 92 | J21: =I21-I20 -> 11 | K21: =K20+K7 -> 84 | L21: =K21-K20 -> 10 | M21: =M20+M7 -> 78 | N21: =M21-M20 -> 10 | O21: =O20+O7 -> 71 | P21: =O21-O20 -> 9 | Q21: =Q20+Q7 -> 64 | R21: =Q21-Q20 -> 8 | S21: =S20+S7 -> 57 | T21: =S21-S20 -> 7 | U21: =U20+U7 -> 50 | V21: =U21-U20 -> 6
B22: 10 | C22: =C21+C7 -> 127 | D22: =C22-C21 -> 14 | E22: =E21+E7 -> 119 | F22: =E22-E21 -> 13 | G22: =G21+G7 -> 111 | H22: =G22-G21 -> 12 | I22: =I21+I7 -> 103 | J22: =I22-I21 -> 11 | K22: =K21+K7 -> 94 | L22: =K22-K21 -> 10 | M22: =M21+M7 -> 88 | N22: =M22-M21 -> 10 | O22: =O21+O7 -> 80 | P22: =O22-O21 -> 9 | Q22: =Q21+Q7 -> 72 | R22: =Q22-Q21 -> 8 | S22: =S21+S7 -> 64 | T22: =S22-S21 -> 7 | U22: =U21+U7 -> 56 | V22: =U22-U21 -> 6

Sheet SYSCLK
A1: STM32G473RCTx | J1: VCO output frequency | AA1: PLLCLK | AB1: system clock | AQ1: PLLCLK | AR1: system clock | BG1: PLLCLK | BH1: system clock | BW1: PLLCLK | BX1: system clock
D2: /PLLM | E2: VCO input frequency | I2: *PLLN | J2: 1 | K2: 2 | L2: 3 | M2: 4 | N2: 5 | O2: 6 | P2: 7 | Q2: 8 | R2: 9 | S2: 10 | T2: 11 | U2: 12 | V2: 13 | W2: 14 | X2: 15 | Y2: 16 | AA2: /PLLR | AB2: 2 | AQ2: /PLLR | AR2: 4 | BG2: /PLLR | BH2: 6 | BW2: /PLLR | BX2: 8 | DW2: /R
A3: HSE CLK | B3: 16 | D3: 1 | E3: =$B$3/D3 -> 16 | I3: 8 | J3: =$E$3*I3 -> 128 | K3: =$E$4*I3 -> 64 | L3: =$E$5*I3 -> 42.666667 | M3: =$E$6*I3 -> 32 | N3: =$E$7*I3 -> 25.6 | O3: =$E$8*I3 -> 21.333333 | P3: =$E$9*I3 -> 18.285714 | Q3: =$E$10*I3 -> 16 | R3: =$E$11*I3 -> 14.222222 | S3: =$E$12*I3 -> 12.8 | T3: =$E$13*I3 -> 11.636364 | U3: =$E$14*I3 -> 10.666667 | V3: =$E$15*I3 -> 9.8461538 | W3: =$E$16*I3 -> 9.1428571 | X3: =$E$17*I3 -> 8.5333333 | Y3: =$E$18*I3 -> 8 | AA3: =J3/$AB$2 -> 64 | AB3: =K3/$AB$2 -> 32 | AC3: =L3/$AB$2 -> 21.333333 | AD3: =M3/$AB$2 -> 16 | AE3: =N3/$AB$2 -> 12.8 | AF3: =O3/$AB$2 -> 10.666667 | AG3: =P3/$AB$2 -> 9.1428571 | AH3: =Q3/$AB$2 -> 8 | ... AP3: =Y3/$AB$2 -> 4 | AQ3: =J3/$AR$2 -> 32 | AR3: =K3/$AR$2 -> 16 | AS3: =L3/$AR$2 -> 10.666667 | AT3: =M3/$AR$2 -> 8 | AU3: =N3/$AR$2 -> 6.4 | AV3: =O3/$AR$2 -> 5.3333333 | AW3: =P3/$AR$2 -> 4.5714286 | AX3: =Q3/$AR$2 -> 4 | ... BF3: =Y3/$AR$2 -> 2 | BG3: =J3/$BH$2 -> 21.333333 | BH3: =K3/$BH$2 -> 10.666667 | BI3: =L3/$BH$2 -> 7.1111111 | BJ3: =M3/$BH$2 -> 5.3333333 | BK3: =N3/$BH$2 -> 4.2666667 | BL3: =O3/$BH$2 -> 3.5555556 | BM3: =P3/$BH$2 -> 3.047619 | BN3: =Q3/$BH$2 -> 2.6666667 | ... BV3: =Y3/$BH$2 -> 1.3333333 | BW3: =J3/$BX$2 -> 16 | BX3: =K3/$BX$2 -> 8 | BY3: =L3/$BX$2 -> 5.3333333 | BZ3: =M3/$BX$2 -> 4 | CA3: =N3/$BX$2 -> 3.2 | CB3: =O3/$BX$2 -> 2.6666667 | CC3: =P3/$BX$2 -> 2.2857143 | CD3: =Q3/$BX$2 -> 2 | ... CL3: =Y3/$BX$2 -> 1 | DW3: 2 | DX3: 4 | DY3: 6 | DZ3: 8
D4: 2 | E4: =$B$3/D4 -> 8 | I4: 9 | J4: =$E$3*I4 -> 144 | K4: =$E$4*I4 -> 72 | L4: =$E$5*I4 -> 48 | M4: =$E$6*I4 -> 36 | N4: =$E$7*I4 -> 28.8 | O4: =$E$8*I4 -> 24 | P4: =$E$9*I4 -> 20.571429 | Q4: =$E$10*I4 -> 18 | R4: =$E$11*I4 -> 16 | S4: =$E$12*I4 -> 14.4 | T4: =$E$13*I4 -> 13.090909 | U4: =$E$14*I4 -> 12 | V4: =$E$15*I4 -> 11.076923 | W4: =$E$16*I4 -> 10.285714 | X4: =$E$17*I4 -> 9.6 | Y4: =$E$18*I4 -> 9 | AA4: =J4/$AB$2 -> 72 | AB4: =K4/$AB$2 -> 36 | AC4: =L4/$AB$2 -> 24 | AD4: =M4/$AB$2 -> 18 | AE4: =N4/$AB$2 -> 14.4 | AF4: =O4/$AB$2 -> 12 | AG4: =P4/$AB$2 -> 10.285714 | AH4: =Q4/$AB$2 -> 9 | ... AP4: =Y4/$AB$2 -> 4.5 | AQ4: =J4/$AR$2 -> 36 | AR4: =K4/$AR$2 -> 18 | AS4: =L4/$AR$2 -> 12 | AT4: =M4/$AR$2 -> 9 | AU4: =N4/$AR$2 -> 7.2 | AV4: =O4/$AR$2 -> 6 | AW4: =P4/$AR$2 -> 5.1428571 | AX4: =Q4/$AR$2 -> 4.5 | ... BF4: =Y4/$AR$2 -> 2.25 | BG4: =J4/$BH$2 -> 24 | BH4: =K4/$BH$2 -> 12 | BI4: =L4/$BH$2 -> 8 | BJ4: =M4/$BH$2 -> 6 | BK4: =N4/$BH$2 -> 4.8 | BL4: =O4/$BH$2 -> 4 | BM4: =P4/$BH$2 -> 3.4285714 | BN4: =Q4/$BH$2 -> 3 | ... BV4: =Y4/$BH$2 -> 1.5 | BW4: =J4/$BX$2 -> 18 | BX4: =K4/$BX$2 -> 9 | BY4: =L4/$BX$2 -> 6 | BZ4: =M4/$BX$2 -> 4.5 | CA4: =N4/$BX$2 -> 3.6 | CB4: =O4/$BX$2 -> 3 | CC4: =P4/$BX$2 -> 2.5714286 | CD4: =Q4/$BX$2 -> 2.25 | ... CL4: =Y4/$BX$2 -> 1.125
D5: 3 | E5: =$B$3/D5 -> 5.3333333 | I5: 10 | J5: =$E$3*I5 -> 160 | K5: =$E$4*I5 -> 80 | L5: =$E$5*I5 -> 53.333333 | M5: =$E$6*I5 -> 40 | N5: =$E$7*I5 -> 32 | O5: =$E$8*I5 -> 26.666667 | P5: =$E$9*I5 -> 22.857143 | Q5: =$E$10*I5 -> 20 | R5: =$E$11*I5 -> 17.777778 | S5: =$E$12*I5 -> 16 | T5: =$E$13*I5 -> 14.545455 | U5: =$E$14*I5 -> 13.333333 | V5: =$E$15*I5 -> 12.307692 | W5: =$E$16*I5 -> 11.428571 | X5: =$E$17*I5 -> 10.666667 | Y5: =$E$18*I5 -> 10 | AA5: =J5/$AB$2 -> 80 | AB5: =K5/$AB$2 -> 40 | AC5: =L5/$AB$2 -> 26.666667 | AD5: =M5/$AB$2 -> 20 | AE5: =N5/$AB$2 -> 16 | AF5: =O5/$AB$2 -> 13.333333 | AG5: =P5/$AB$2 -> 11.428571 | AH5: =Q5/$AB$2 -> 10 | ... AP5: =Y5/$AB$2 -> 5 | AQ5: =J5/$AR$2 -> 40 | AR5: =K5/$AR$2 -> 20 | AS5: =L5/$AR$2 -> 13.333333 | AT5: =M5/$AR$2 -> 10 | AU5: =N5/$AR$2 -> 8 | AV5: =O5/$AR$2 -> 6.6666667 | AW5: =P5/$AR$2 -> 5.7142857 | AX5: =Q5/$AR$2 -> 5 | ... BF5: =Y5/$AR$2 -> 2.5 | BG5: =J5/$BH$2 -> 26.666667 | BH5: =K5/$BH$2 -> 13.333333 | BI5: =L5/$BH$2 -> 8.8888889 | BJ5: =M5/$BH$2 -> 6.6666667 | BK5: =N5/$BH$2 -> 5.3333333 | BL5: =O5/$BH$2 -> 4.4444444 | BM5: =P5/$BH$2 -> 3.8095238 | BN5: =Q5/$BH$2 -> 3.3333333 | ... BV5: =Y5/$BH$2 -> 1.6666667 | BW5: =J5/$BX$2 -> 20 | BX5: =K5/$BX$2 -> 10 | BY5: =L5/$BX$2 -> 6.6666667 | BZ5: =M5/$BX$2 -> 5 | CA5: =N5/$BX$2 -> 4 | CB5: =O5/$BX$2 -> 3.3333333 | CC5: =P5/$BX$2 -> 2.8571429 | CD5: =Q5/$BX$2 -> 2.5 | ... CL5: =Y5/$BX$2 -> 1.25
D6: 4 | E6: =$B$3/D6 -> 4 | I6: 11 | J6: =$E$3*I6 -> 176 | K6: =$E$4*I6 -> 88 | L6: =$E$5*I6 -> 58.666667 | M6: =$E$6*I6 -> 44 | N6: =$E$7*I6 -> 35.2 | O6: =$E$8*I6 -> 29.333333 | P6: =$E$9*I6 -> 25.142857 | Q6: =$E$10*I6 -> 22 | R6: =$E$11*I6 -> 19.555556 | S6: =$E$12*I6 -> 17.6 | T6: =$E$13*I6 -> 16 | U6: =$E$14*I6 -> 14.666667 | V6: =$E$15*I6 -> 13.538462 | W6: =$E$16*I6 -> 12.571429 | X6: =$E$17*I6 -> 11.733333 | Y6: =$E$18*I6 -> 11 | AA6: =J6/$AB$2 -> 88 | AB6: =K6/$AB$2 -> 44 | AC6: =L6/$AB$2 -> 29.333333 | AD6: =M6/$AB$2 -> 22 | AE6: =N6/$AB$2 -> 17.6 | AF6: =O6/$AB$2 -> 14.666667 | AG6: =P6/$AB$2 -> 12.571429 | AH6: =Q6/$AB$2 -> 11 | ... AP6: =Y6/$AB$2 -> 5.5 | AQ6: =J6/$AR$2 -> 44 | AR6: =K6/$AR$2 -> 22 | AS6: =L6/$AR$2 -> 14.666667 | AT6: =M6/$AR$2 -> 11 | AU6: =N6/$AR$2 -> 8.8 | AV6: =O6/$AR$2 -> 7.3333333 | AW6: =P6/$AR$2 -> 6.2857143 | AX6: =Q6/$AR$2 -> 5.5 | ... BF6: =Y6/$AR$2 -> 2.75 | BG6: =J6/$BH$2 -> 29.333333 | BH6: =K6/$BH$2 -> 14.666667 | BI6: =L6/$BH$2 -> 9.7777778 | BJ6: =M6/$BH$2 -> 7.3333333 | BK6: =N6/$BH$2 -> 5.8666667 | BL6: =O6/$BH$2 -> 4.8888889 | BM6: =P6/$BH$2 -> 4.1904762 | BN6: =Q6/$BH$2 -> 3.6666667 | ... BV6: =Y6/$BH$2 -> 1.8333333 | BW6: =J6/$BX$2 -> 22 | BX6: =K6/$BX$2 -> 11 | BY6: =L6/$BX$2 -> 7.3333333 | BZ6: =M6/$BX$2 -> 5.5 | CA6: =N6/$BX$2 -> 4.4 | CB6: =O6/$BX$2 -> 3.6666667 | CC6: =P6/$BX$2 -> 3.1428571 | CD6: =Q6/$BX$2 -> 2.75 | ... CL6: =Y6/$BX$2 -> 1.375
D7: 5 | E7: =$B$3/D7 -> 3.2 | I7: 12 | J7: =$E$3*I7 -> 192 | K7: =$E$4*I7 -> 96 | L7: =$E$5*I7 -> 64 | M7: =$E$6*I7 -> 48 | N7: =$E$7*I7 -> 38.4 | O7: =$E$8*I7 -> 32 | P7: =$E$9*I7 -> 27.428571 | Q7: =$E$10*I7 -> 24 | R7: =$E$11*I7 -> 21.333333 | S7: =$E$12*I7 -> 19.2 | T7: =$E$13*I7 -> 17.454545 | U7: =$E$14*I7 -> 16 | V7: =$E$15*I7 -> 14.769231 | W7: =$E$16*I7 -> 13.714286 | X7: =$E$17*I7 -> 12.8 | Y7: =$E$18*I7 -> 12 | AA7: =J7/$AB$2 -> 96 | AB7: =K7/$AB$2 -> 48 | AC7: =L7/$AB$2 -> 32 | AD7: =M7/$AB$2 -> 24 | AE7: =N7/$AB$2 -> 19.2 | AF7: =O7/$AB$2 -> 16 | AG7: =P7/$AB$2 -> 13.714286 | AH7: =Q7/$AB$2 -> 12 | ... AP7: =Y7/$AB$2 -> 6 | AQ7: =J7/$AR$2 -> 48 | AR7: =K7/$AR$2 -> 24 | AS7: =L7/$AR$2 -> 16 | AT7: =M7/$AR$2 -> 12 | AU7: =N7/$AR$2 -> 9.6 | AV7: =O7/$AR$2 -> 8 | AW7: =P7/$AR$2 -> 6.8571429 | AX7: =Q7/$AR$2 -> 6 | ... BF7: =Y7/$AR$2 -> 3 | BG7: =J7/$BH$2 -> 32 | BH7: =K7/$BH$2 -> 16 | BI7: =L7/$BH$2 -> 10.666667 | BJ7: =M7/$BH$2 -> 8 | BK7: =N7/$BH$2 -> 6.4 | BL7: =O7/$BH$2 -> 5.3333333 | BM7: =P7/$BH$2 -> 4.5714286 | BN7: =Q7/$BH$2 -> 4 | ... BV7: =Y7/$BH$2 -> 2 | BW7: =J7/$BX$2 -> 24 | BX7: =K7/$BX$2 -> 12 | BY7: =L7/$BX$2 -> 8 | BZ7: =M7/$BX$2 -> 6 | CA7: =N7/$BX$2 -> 4.8 | CB7: =O7/$BX$2 -> 4 | CC7: =P7/$BX$2 -> 3.4285714 | CD7: =Q7/$BX$2 -> 3 | ... CL7: =Y7/$BX$2 -> 1.5
D8: 6 | E8: =$B$3/D8 -> 2.6666667 | I8: 13 | J8: =$E$3*I8 -> 208 | K8: =$E$4*I8 -> 104 | L8: =$E$5*I8 -> 69.333333 | M8: =$E$6*I8 -> 52 | N8: =$E$7*I8 -> 41.6 | O8: =$E$8*I8 -> 34.666667 | P8: =$E$9*I8 -> 29.714286 | Q8: =$E$10*I8 -> 26 | R8: =$E$11*I8 -> 23.111111 | S8: =$E$12*I8 -> 20.8 | T8: =$E$13*I8 -> 18.909091 | U8: =$E$14*I8 -> 17.333333 | V8: =$E$15*I8 -> 16 | W8: =$E$16*I8 -> 14.857143 | X8: =$E$17*I8 -> 13.866667 | Y8: =$E$18*I8 -> 13 | AA8: =J8/$AB$2 -> 104 | AB8: =K8/$AB$2 -> 52 | AC8: =L8/$AB$2 -> 34.666667 | AD8: =M8/$AB$2 -> 26 | AE8: =N8/$AB$2 -> 20.8 | AF8: =O8/$AB$2 -> 17.333333 | AG8: =P8/$AB$2 -> 14.857143 | AH8: =Q8/$AB$2 -> 13 | ... AP8: =Y8/$AB$2 -> 6.5 | AQ8: =J8/$AR$2 -> 52 | AR8: =K8/$AR$2 -> 26 | AS8: =L8/$AR$2 -> 17.333333 | AT8: =M8/$AR$2 -> 13 | AU8: =N8/$AR$2 -> 10.4 | AV8: =O8/$AR$2 -> 8.6666667 | AW8: =P8/$AR$2 -> 7.4285714 | AX8: =Q8/$AR$2 -> 6.5 | ... BF8: =Y8/$AR$2 -> 3.25 | BG8: =J8/$BH$2 -> 34.666667 | BH8: =K8/$BH$2 -> 17.333333 | BI8: =L8/$BH$2 -> 11.555556 | BJ8: =M8/$BH$2 -> 8.6666667 | BK8: =N8/$BH$2 -> 6.9333333 | BL8: =O8/$BH$2 -> 5.7777778 | BM8: =P8/$BH$2 -> 4.952381 | BN8: =Q8/$BH$2 -> 4.3333333 | ... BV8: =Y8/$BH$2 -> 2.1666667 | BW8: =J8/$BX$2 -> 26 | BX8: =K8/$BX$2 -> 13 | BY8: =L8/$BX$2 -> 8.6666667 | BZ8: =M8/$BX$2 -> 6.5 | CA8: =N8/$BX$2 -> 5.2 | CB8: =O8/$BX$2 -> 4.3333333 | CC8: =P8/$BX$2 -> 3.7142857 | CD8: =Q8/$BX$2 -> 3.25 | ... CL8: =Y8/$BX$2 -> 1.625
D9: 7 | E9: =$B$3/D9 -> 2.2857143 | I9: 14 | J9: =$E$3*I9 -> 224 | K9: =$E$4*I9 -> 112 | L9: =$E$5*I9 -> 74.666667 | M9: =$E$6*I9 -> 56 | N9: =$E$7*I9 -> 44.8 | O9: =$E$8*I9 -> 37.333333 | P9: =$E$9*I9 -> 32 | Q9: =$E$10*I9 -> 28 | R9: =$E$11*I9 -> 24.888889 | S9: =$E$12*I9 -> 22.4 | T9: =$E$13*I9 -> 20.363636 | U9: =$E$14*I9 -> 18.666667 | V9: =$E$15*I9 -> 17.230769 | W9: =$E$16*I9 -> 16 | X9: =$E$17*I9 -> 14.933333 | Y9: =$E$18*I9 -> 14 | AA9: =J9/$AB$2 -> 112 | AB9: =K9/$AB$2 -> 56 | AC9: =L9/$AB$2 -> 37.333333 | AD9: =M9/$AB$2 -> 28 | AE9: =N9/$AB$2 -> 22.4 | AF9: =O9/$AB$2 -> 18.666667 | AG9: =P9/$AB$2 -> 16 | AH9: =Q9/$AB$2 -> 14 | ... AP9: =Y9/$AB$2 -> 7 | AQ9: =J9/$AR$2 -> 56 | AR9: =K9/$AR$2 -> 28 | AS9: =L9/$AR$2 -> 18.666667 | AT9: =M9/$AR$2 -> 14 | AU9: =N9/$AR$2 -> 11.2 | AV9: =O9/$AR$2 -> 9.3333333 | AW9: =P9/$AR$2 -> 8 | AX9: =Q9/$AR$2 -> 7 | ... BF9: =Y9/$AR$2 -> 3.5 | BG9: =J9/$BH$2 -> 37.333333 | BH9: =K9/$BH$2 -> 18.666667 | BI9: =L9/$BH$2 -> 12.444444 | BJ9: =M9/$BH$2 -> 9.3333333 | BK9: =N9/$BH$2 -> 7.4666667 | BL9: =O9/$BH$2 -> 6.2222222 | BM9: =P9/$BH$2 -> 5.3333333 | BN9: =Q9/$BH$2 -> 4.6666667 | ... BV9: =Y9/$BH$2 -> 2.3333333 | BW9: =J9/$BX$2 -> 28 | BX9: =K9/$BX$2 -> 14 | BY9: =L9/$BX$2 -> 9.3333333 | BZ9: =M9/$BX$2 -> 7 | CA9: =N9/$BX$2 -> 5.6 | CB9: =O9/$BX$2 -> 4.6666667 | CC9: =P9/$BX$2 -> 4 | CD9: =Q9/$BX$2 -> 3.5 | ... CL9: =Y9/$BX$2 -> 1.75
D10: 8 | E10: =$B$3/D10 -> 2 | I10: 15 | J10: =$E$3*I10 -> 240 | K10: =$E$4*I10 -> 120 | L10: =$E$5*I10 -> 80 | M10: =$E$6*I10 -> 60 | N10: =$E$7*I10 -> 48 | O10: =$E$8*I10 -> 40 | P10: =$E$9*I10 -> 34.285714 | Q10: =$E$10*I10 -> 30 | R10: =$E$11*I10 -> 26.666667 | S10: =$E$12*I10 -> 24 | T10: =$E$13*I10 -> 21.818182 | U10: =$E$14*I10 -> 20 | V10: =$E$15*I10 -> 18.461538 | W10: =$E$16*I10 -> 17.142857 | X10: =$E$17*I10 -> 16 | Y10: =$E$18*I10 -> 15 | AA10: =J10/$AB$2 -> 120 | AB10: =K10/$AB$2 -> 60 | AC10: =L10/$AB$2 -> 40 | AD10: =M10/$AB$2 -> 30 | AE10: =N10/$AB$2 -> 24 | AF10: =O10/$AB$2 -> 20 | AG10: =P10/$AB$2 -> 17.142857 | AH10: =Q10/$AB$2 -> 15 | ... AP10: =Y10/$AB$2 -> 7.5 | AQ10: =J10/$AR$2 -> 60 | AR10: =K10/$AR$2 -> 30 | AS10: =L10/$AR$2 -> 20 | AT10: =M10/$AR$2 -> 15 | AU10: =N10/$AR$2 -> 12 | AV10: =O10/$AR$2 -> 10 | AW10: =P10/$AR$2 -> 8.5714286 | AX10: =Q10/$AR$2 -> 7.5 | ... BF10: =Y10/$AR$2 -> 3.75 | BG10: =J10/$BH$2 -> 40 | BH10: =K10/$BH$2 -> 20 | BI10: =L10/$BH$2 -> 13.333333 | BJ10: =M10/$BH$2 -> 10 | BK10: =N10/$BH$2 -> 8 | BL10: =O10/$BH$2 -> 6.6666667 | BM10: =P10/$BH$2 -> 5.7142857 | BN10: =Q10/$BH$2 -> 5 | ... BV10: =Y10/$BH$2 -> 2.5 | BW10: =J10/$BX$2 -> 30 | BX10: =K10/$BX$2 -> 15 | BY10: =L10/$BX$2 -> 10 | BZ10: =M10/$BX$2 -> 7.5 | CA10: =N10/$BX$2 -> 6 | CB10: =O10/$BX$2 -> 5 | CC10: =P10/$BX$2 -> 4.2857143 | CD10: =Q10/$BX$2 -> 3.75 | ... CL10: =Y10/$BX$2 -> 1.875
D11: 9 | E11: =$B$3/D11 -> 1.7777778 | I11: 16 | J11: =$E$3*I11 -> 256 | K11: =$E$4*I11 -> 128 | L11: =$E$5*I11 -> 85.333333 | M11: =$E$6*I11 -> 64 | N11: =$E$7*I11 -> 51.2 | O11: =$E$8*I11 -> 42.666667 | P11: =$E$9*I11 -> 36.571429 | Q11: =$E$10*I11 -> 32 | R11: =$E$11*I11 -> 28.444444 | S11: =$E$12*I11 -> 25.6 | T11: =$E$13*I11 -> 23.272727 | U11: =$E$14*I11 -> 21.333333 | V11: =$E$15*I11 -> 19.692308 | W11: =$E$16*I11 -> 18.285714 | X11: =$E$17*I11 -> 17.066667 | Y11: =$E$18*I11 -> 16 | AA11: =J11/$AB$2 -> 128 | AB11: =K11/$AB$2 -> 64 | AC11: =L11/$AB$2 -> 42.666667 | AD11: =M11/$AB$2 -> 32 | AE11: =N11/$AB$2 -> 25.6 | AF11: =O11/$AB$2 -> 21.333333 | AG11: =P11/$AB$2 -> 18.285714 | AH11: =Q11/$AB$2 -> 16 | ... AP11: =Y11/$AB$2 -> 8 | AQ11: =J11/$AR$2 -> 64 | AR11: =K11/$AR$2 -> 32 | AS11: =L11/$AR$2 -> 21.333333 | AT11: =M11/$AR$2 -> 16 | AU11: =N11/$AR$2 -> 12.8 | AV11: =O11/$AR$2 -> 10.666667 | AW11: =P11/$AR$2 -> 9.1428571 | AX11: =Q11/$AR$2 -> 8 | ... BF11: =Y11/$AR$2 -> 4 | BG11: =J11/$BH$2 -> 42.666667 | BH11: =K11/$BH$2 -> 21.333333 | BI11: =L11/$BH$2 -> 14.222222 | BJ11: =M11/$BH$2 -> 10.666667 | BK11: =N11/$BH$2 -> 8.5333333 | BL11: =O11/$BH$2 -> 7.1111111 | BM11: =P11/$BH$2 -> 6.0952381 | BN11: =Q11/$BH$2 -> 5.3333333 | ... BV11: =Y11/$BH$2 -> 2.6666667 | BW11: =J11/$BX$2 -> 32 | BX11: =K11/$BX$2 -> 16 | BY11: =L11/$BX$2 -> 10.666667 | BZ11: =M11/$BX$2 -> 8 | CA11: =N11/$BX$2 -> 6.4 | CB11: =O11/$BX$2 -> 5.3333333 | CC11: =P11/$BX$2 -> 4.5714286 | CD11: =Q11/$BX$2 -> 4 | ... CL11: =Y11/$BX$2 -> 2
D12: 10 | E12: =$B$3/D12 -> 1.6 | I12: 17 | J12: =$E$3*I12 -> 272 | K12: =$E$4*I12 -> 136 | L12: =$E$5*I12 -> 90.666667 | M12: =$E$6*I12 -> 68 | N12: =$E$7*I12 -> 54.4 | O12: =$E$8*I12 -> 45.333333 | P12: =$E$9*I12 -> 38.857143 | Q12: =$E$10*I12 -> 34 | R12: =$E$11*I12 -> 30.222222 | S12: =$E$12*I12 -> 27.2 | T12: =$E$13*I12 -> 24.727273 | U12: =$E$14*I12 -> 22.666667 | V12: =$E$15*I12 -> 20.923077 | W12: =$E$16*I12 -> 19.428571 | X12: =$E$17*I12 -> 18.133333 | Y12: =$E$18*I12 -> 17 | AA12: =J12/$AB$2 -> 136 | AB12: =K12/$AB$2 -> 68 | AC12: =L12/$AB$2 -> 45.333333 | AD12: =M12/$AB$2 -> 34 | AE12: =N12/$AB$2 -> 27.2 | AF12: =O12/$AB$2 -> 22.666667 | AG12: =P12/$AB$2 -> 19.428571 | AH12: =Q12/$AB$2 -> 17 | ... AP12: =Y12/$AB$2 -> 8.5 | AQ12: =J12/$AR$2 -> 68 | AR12: =K12/$AR$2 -> 34 | AS12: =L12/$AR$2 -> 22.666667 | AT12: =M12/$AR$2 -> 17 | AU12: =N12/$AR$2 -> 13.6 | AV12: =O12/$AR$2 -> 11.333333 | AW12: =P12/$AR$2 -> 9.7142857 | AX12: =Q12/$AR$2 -> 8.5 | ... BF12: =Y12/$AR$2 -> 4.25 | BG12: =J12/$BH$2 -> 45.333333 | BH12: =K12/$BH$2 -> 22.666667 | BI12: =L12/$BH$2 -> 15.111111 | BJ12: =M12/$BH$2 -> 11.333333 | BK12: =N12/$BH$2 -> 9.0666667 | BL12: =O12/$BH$2 -> 7.5555556 | BM12: =P12/$BH$2 -> 6.4761905 | BN12: =Q12/$BH$2 -> 5.6666667 | ... BV12: =Y12/$BH$2 -> 2.8333333 | BW12: =J12/$BX$2 -> 34 | BX12: =K12/$BX$2 -> 17 | BY12: =L12/$BX$2 -> 11.333333 | BZ12: =M12/$BX$2 -> 8.5 | CA12: =N12/$BX$2 -> 6.8 | CB12: =O12/$BX$2 -> 5.6666667 | CC12: =P12/$BX$2 -> 4.8571429 | CD12: =Q12/$BX$2 -> 4.25 | ... CL12: =Y12/$BX$2 -> 2.125
D13: 11 | E13: =$B$3/D13 -> 1.4545455 | I13: 18 | J13: =$E$3*I13 -> 288 | K13: =$E$4*I13 -> 144 | L13: =$E$5*I13 -> 96 | M13: =$E$6*I13 -> 72 | N13: =$E$7*I13 -> 57.6 | O13: =$E$8*I13 -> 48 | P13: =$E$9*I13 -> 41.142857 | Q13: =$E$10*I13 -> 36 | R13: =$E$11*I13 -> 32 | S13: =$E$12*I13 -> 28.8 | T13: =$E$13*I13 -> 26.181818 | U13: =$E$14*I13 -> 24 | V13: =$E$15*I13 -> 22.153846 | W13: =$E$16*I13 -> 20.571429 | X13: =$E$17*I13 -> 19.2 | Y13: =$E$18*I13 -> 18 | AA13: =J13/$AB$2 -> 144 | AB13: =K13/$AB$2 -> 72 | AC13: =L13/$AB$2 -> 48 | AD13: =M13/$AB$2 -> 36 | AE13: =N13/$AB$2 -> 28.8 | AF13: =O13/$AB$2 -> 24 | AG13: =P13/$AB$2 -> 20.571429 | AH13: =Q13/$AB$2 -> 18 | ... AP13: =Y13/$AB$2 -> 9 | AQ13: =J13/$AR$2 -> 72 | AR13: =K13/$AR$2 -> 36 | AS13: =L13/$AR$2 -> 24 | AT13: =M13/$AR$2 -> 18 | AU13: =N13/$AR$2 -> 14.4 | AV13: =O13/$AR$2 -> 12 | AW13: =P13/$AR$2 -> 10.285714 | AX13: =Q13/$AR$2 -> 9 | ... BF13: =Y13/$AR$2 -> 4.5 | BG13: =J13/$BH$2 -> 48 | BH13: =K13/$BH$2 -> 24 | BI13: =L13/$BH$2 -> 16 | BJ13: =M13/$BH$2 -> 12 | BK13: =N13/$BH$2 -> 9.6 | BL13: =O13/$BH$2 -> 8 | BM13: =P13/$BH$2 -> 6.8571429 | BN13: =Q13/$BH$2 -> 6 | ... BV13: =Y13/$BH$2 -> 3 | BW13: =J13/$BX$2 -> 36 | BX13: =K13/$BX$2 -> 18 | BY13: =L13/$BX$2 -> 12 | BZ13: =M13/$BX$2 -> 9 | CA13: =N13/$BX$2 -> 7.2 | CB13: =O13/$BX$2 -> 6 | CC13: =P13/$BX$2 -> 5.1428571 | CD13: =Q13/$BX$2 -> 4.5 | ... CL13: =Y13/$BX$2 -> 2.25
D14: 12 | E14: =$B$3/D14 -> 1.3333333 | I14: 19 | J14: =$E$3*I14 -> 304 | K14: =$E$4*I14 -> 152 | L14: =$E$5*I14 -> 101.33333 | M14: =$E$6*I14 -> 76 | N14: =$E$7*I14 -> 60.8 | O14: =$E$8*I14 -> 50.666667 | P14: =$E$9*I14 -> 43.428571 | Q14: =$E$10*I14 -> 38 | R14: =$E$11*I14 -> 33.777778 | S14: =$E$12*I14 -> 30.4 | T14: =$E$13*I14 -> 27.636364 | U14: =$E$14*I14 -> 25.333333 | V14: =$E$15*I14 -> 23.384615 | W14: =$E$16*I14 -> 21.714286 | X14: =$E$17*I14 -> 20.266667 | Y14: =$E$18*I14 -> 19 | AA14: =J14/$AB$2 -> 152 | AB14: =K14/$AB$2 -> 76 | AC14: =L14/$AB$2 -> 50.666667 | AD14: =M14/$AB$2 -> 38 | AE14: =N14/$AB$2 -> 30.4 | AF14: =O14/$AB$2 -> 25.333333 | AG14: =P14/$AB$2 -> 21.714286 | AH14: =Q14/$AB$2 -> 19 | ... AP14: =Y14/$AB$2 -> 9.5 | AQ14: =J14/$AR$2 -> 76 | AR14: =K14/$AR$2 -> 38 | AS14: =L14/$AR$2 -> 25.333333 | AT14: =M14/$AR$2 -> 19 | AU14: =N14/$AR$2 -> 15.2 | AV14: =O14/$AR$2 -> 12.666667 | AW14: =P14/$AR$2 -> 10.857143 | AX14: =Q14/$AR$2 -> 9.5 | ... BF14: =Y14/$AR$2 -> 4.75 | BG14: =J14/$BH$2 -> 50.666667 | BH14: =K14/$BH$2 -> 25.333333 | BI14: =L14/$BH$2 -> 16.888889 | BJ14: =M14/$BH$2 -> 12.666667 | BK14: =N14/$BH$2 -> 10.133333 | BL14: =O14/$BH$2 -> 8.4444444 | BM14: =P14/$BH$2 -> 7.2380952 | BN14: =Q14/$BH$2 -> 6.3333333 | ... BV14: =Y14/$BH$2 -> 3.1666667 | BW14: =J14/$BX$2 -> 38 | BX14: =K14/$BX$2 -> 19 | BY14: =L14/$BX$2 -> 12.666667 | BZ14: =M14/$BX$2 -> 9.5 | CA14: =N14/$BX$2 -> 7.6 | CB14: =O14/$BX$2 -> 6.3333333 | CC14: =P14/$BX$2 -> 5.4285714 | CD14: =Q14/$BX$2 -> 4.75 | ... CL14: =Y14/$BX$2 -> 2.375
D15: 13 | E15: =$B$3/D15 -> 1.2307692 | I15: 20 | J15: =$E$3*I15 -> 320 | K15: =$E$4*I15 -> 160 | L15: =$E$5*I15 -> 106.66667 | M15: =$E$6*I15 -> 80 | N15: =$E$7*I15 -> 64 | O15: =$E$8*I15 -> 53.333333 | P15: =$E$9*I15 -> 45.714286 | Q15: =$E$10*I15 -> 40 | R15: =$E$11*I15 -> 35.555556 | S15: =$E$12*I15 -> 32 | T15: =$E$13*I15 -> 29.090909 | U15: =$E$14*I15 -> 26.666667 | V15: =$E$15*I15 -> 24.615385 | W15: =$E$16*I15 -> 22.857143 | X15: =$E$17*I15 -> 21.333333 | Y15: =$E$18*I15 -> 20 | AA15: =J15/$AB$2 -> 160 | AB15: =K15/$AB$2 -> 80 | AC15: =L15/$AB$2 -> 53.333333 | AD15: =M15/$AB$2 -> 40 | AE15: =N15/$AB$2 -> 32 | AF15: =O15/$AB$2 -> 26.666667 | AG15: =P15/$AB$2 -> 22.857143 | AH15: =Q15/$AB$2 -> 20 | ... AP15: =Y15/$AB$2 -> 10 | AQ15: =J15/$AR$2 -> 80 | AR15: =K15/$AR$2 -> 40 | AS15: =L15/$AR$2 -> 26.666667 | AT15: =M15/$AR$2 -> 20 | AU15: =N15/$AR$2 -> 16 | AV15: =O15/$AR$2 -> 13.333333 | AW15: =P15/$AR$2 -> 11.428571 | AX15: =Q15/$AR$2 -> 10 | ... BF15: =Y15/$AR$2 -> 5 | BG15: =J15/$BH$2 -> 53.333333 | BH15: =K15/$BH$2 -> 26.666667 | BI15: =L15/$BH$2 -> 17.777778 | BJ15: =M15/$BH$2 -> 13.333333 | BK15: =N15/$BH$2 -> 10.666667 | BL15: =O15/$BH$2 -> 8.8888889 | BM15: =P15/$BH$2 -> 7.6190476 | BN15: =Q15/$BH$2 -> 6.6666667 | ... BV15: =Y15/$BH$2 -> 3.3333333 | BW15: =J15/$BX$2 -> 40 | BX15: =K15/$BX$2 -> 20 | BY15: =L15/$BX$2 -> 13.333333 | BZ15: =M15/$BX$2 -> 10 | CA15: =N15/$BX$2 -> 8 | CB15: =O15/$BX$2 -> 6.6666667 | CC15: =P15/$BX$2 -> 5.7142857 | CD15: =Q15/$BX$2 -> 5 | ... CL15: =Y15/$BX$2 -> 2.5
D16: 14 | E16: =$B$3/D16 -> 1.1428571 | I16: 21 | J16: =$E$3*I16 -> 336 | K16: =$E$4*I16 -> 168 | L16: =$E$5*I16 -> 112 | M16: =$E$6*I16 -> 84 | N16: =$E$7*I16 -> 67.2 | O16: =$E$8*I16 -> 56 | P16: =$E$9*I16 -> 48 | Q16: =$E$10*I16 -> 42 | R16: =$E$11*I16 -> 37.333333 | S16: =$E$12*I16 -> 33.6 | T16: =$E$13*I16 -> 30.545455 | U16: =$E$14*I16 -> 28 | V16: =$E$15*I16 -> 25.846154 | W16: =$E$16*I16 -> 24 | X16: =$E$17*I16 -> 22.4 | Y16: =$E$18*I16 -> 21 | AA16: =J16/$AB$2 -> 168 | AB16: =K16/$AB$2 -> 84 | AC16: =L16/$AB$2 -> 56 | AD16: =M16/$AB$2 -> 42 | AE16: =N16/$AB$2 -> 33.6 | AF16: =O16/$AB$2 -> 28 | AG16: =P16/$AB$2 -> 24 | AH16: =Q16/$AB$2 -> 21 | ... AP16: =Y16/$AB$2 -> 10.5 | AQ16: =J16/$AR$2 -> 84 | AR16: =K16/$AR$2 -> 42 | AS16: =L16/$AR$2 -> 28 | AT16: =M16/$AR$2 -> 21 | AU16: =N16/$AR$2 -> 16.8 | AV16: =O16/$AR$2 -> 14 | AW16: =P16/$AR$2 -> 12 | AX16: =Q16/$AR$2 -> 10.5 | ... BF16: =Y16/$AR$2 -> 5.25 | BG16: =J16/$BH$2 -> 56 | BH16: =K16/$BH$2 -> 28 | BI16: =L16/$BH$2 -> 18.666667 | BJ16: =M16/$BH$2 -> 14 | BK16: =N16/$BH$2 -> 11.2 | BL16: =O16/$BH$2 -> 9.3333333 | BM16: =P16/$BH$2 -> 8 | BN16: =Q16/$BH$2 -> 7 | ... BV16: =Y16/$BH$2 -> 3.5 | BW16: =J16/$BX$2 -> 42 | BX16: =K16/$BX$2 -> 21 | BY16: =L16/$BX$2 -> 14 | BZ16: =M16/$BX$2 -> 10.5 | CA16: =N16/$BX$2 -> 8.4 | CB16: =O16/$BX$2 -> 7 | CC16: =P16/$BX$2 -> 6 | CD16: =Q16/$BX$2 -> 5.25 | ... CL16: =Y16/$BX$2 -> 2.625
D17: 15 | E17: =$B$3/D17 -> 1.0666667 | I17: 22 | J17: =$E$3*I17 -> 352 | K17: =$E$4*I17 -> 176 | L17: =$E$5*I17 -> 117.33333 | M17: =$E$6*I17 -> 88 | N17: =$E$7*I17 -> 70.4 | O17: =$E$8*I17 -> 58.666667 | P17: =$E$9*I17 -> 50.285714 | Q17: =$E$10*I17 -> 44 | R17: =$E$11*I17 -> 39.111111 | S17: =$E$12*I17 -> 35.2 | T17: =$E$13*I17 -> 32 | U17: =$E$14*I17 -> 29.333333 | V17: =$E$15*I17 -> 27.076923 | W17: =$E$16*I17 -> 25.142857 | X17: =$E$17*I17 -> 23.466667 | Y17: =$E$18*I17 -> 22 | AB17: =K17/$AB$2 -> 88 | AC17: =L17/$AB$2 -> 58.666667 | AD17: =M17/$AB$2 -> 44 | AE17: =N17/$AB$2 -> 35.2 | AF17: =O17/$AB$2 -> 29.333333 | AG17: =P17/$AB$2 -> 25.142857 | AH17: =Q17/$AB$2 -> 22 | AI17: =R17/$AB$2 -> 19.555556 | ... AP17: =Y17/$AB$2 -> 11 | AQ17: =J17/$AR$2 -> 88 | AR17: =K17/$AR$2 -> 44 | AS17: =L17/$AR$2 -> 29.333333 | AT17: =M17/$AR$2 -> 22 | AU17: =N17/$AR$2 -> 17.6 | AV17: =O17/$AR$2 -> 14.666667 | AW17: =P17/$AR$2 -> 12.571429 | AX17: =Q17/$AR$2 -> 11 | ... BF17: =Y17/$AR$2 -> 5.5 | BG17: =J17/$BH$2 -> 58.666667 | BH17: =K17/$BH$2 -> 29.333333 | BI17: =L17/$BH$2 -> 19.555556 | BJ17: =M17/$BH$2 -> 14.666667 | BK17: =N17/$BH$2 -> 11.733333 | BL17: =O17/$BH$2 -> 9.7777778 | BM17: =P17/$BH$2 -> 8.3809524 | BN17: =Q17/$BH$2 -> 7.3333333 | ... BV17: =Y17/$BH$2 -> 3.6666667 | BW17: =J17/$BX$2 -> 44 | BX17: =K17/$BX$2 -> 22 | BY17: =L17/$BX$2 -> 14.666667 | BZ17: =M17/$BX$2 -> 11 | CA17: =N17/$BX$2 -> 8.8 | CB17: =O17/$BX$2 -> 7.3333333 | CC17: =P17/$BX$2 -> 6.2857143 | CD17: =Q17/$BX$2 -> 5.5 | ... CL17: =Y17/$BX$2 -> 2.75
D18: 16 | E18: =$B$3/D18 -> 1 | I18: 23 | J18: =$E$3*I18 -> 368 | K18: =$E$4*I18 -> 184 | L18: =$E$5*I18 -> 122.66667 | M18: =$E$6*I18 -> 92 | N18: =$E$7*I18 -> 73.6 | O18: =$E$8*I18 -> 61.333333 | P18: =$E$9*I18 -> 52.571429 | Q18: =$E$10*I18 -> 46 | R18: =$E$11*I18 -> 40.888889 | S18: =$E$12*I18 -> 36.8 | T18: =$E$13*I18 -> 33.454545 | U18: =$E$14*I18 -> 30.666667 | V18: =$E$15*I18 -> 28.307692 | W18: =$E$16*I18 -> 26.285714 | X18: =$E$17*I18 -> 24.533333 | Y18: =$E$18*I18 -> 23 | AB18: =K18/$AB$2 -> 92 | AC18: =L18/$AB$2 -> 61.333333 | AD18: =M18/$AB$2 -> 46 | AE18: =N18/$AB$2 -> 36.8 | AF18: =O18/$AB$2 -> 30.666667 | AG18: =P18/$AB$2 -> 26.285714 | AH18: =Q18/$AB$2 -> 23 | AI18: =R18/$AB$2 -> 20.444444 | ... AP18: =Y18/$AB$2 -> 11.5 | AQ18: =J18/$AR$2 -> 92 | AR18: =K18/$AR$2 -> 46 | AS18: =L18/$AR$2 -> 30.666667 | AT18: =M18/$AR$2 -> 23 | AU18: =N18/$AR$2 -> 18.4 | AV18: =O18/$AR$2 -> 15.333333 | AW18: =P18/$AR$2 -> 13.142857 | AX18: =Q18/$AR$2 -> 11.5 | ... BF18: =Y18/$AR$2 -> 5.75 | BG18: =J18/$BH$2 -> 61.333333 | BH18: =K18/$BH$2 -> 30.666667 | BI18: =L18/$BH$2 -> 20.444444 | BJ18: =M18/$BH$2 -> 15.333333 | BK18: =N18/$BH$2 -> 12.266667 | BL18: =O18/$BH$2 -> 10.222222 | BM18: =P18/$BH$2 -> 8.7619048 | BN18: =Q18/$BH$2 -> 7.6666667 | ... BV18: =Y18/$BH$2 -> 3.8333333 | BW18: =J18/$BX$2 -> 46 | BX18: =K18/$BX$2 -> 23 | BY18: =L18/$BX$2 -> 15.333333 | BZ18: =M18/$BX$2 -> 11.5 | CA18: =N18/$BX$2 -> 9.2 | CB18: =O18/$BX$2 -> 7.6666667 | CC18: =P18/$BX$2 -> 6.5714286 | CD18: =Q18/$BX$2 -> 5.75 | ... CL18: =Y18/$BX$2 -> 2.875
I19: 24 | J19: =$E$3*I19 -> 384 | K19: =$E$4*I19 -> 192 | L19: =$E$5*I19 -> 128 | M19: =$E$6*I19 -> 96 | N19: =$E$7*I19 -> 76.8 | O19: =$E$8*I19 -> 64 | P19: =$E$9*I19 -> 54.857143 | Q19: =$E$10*I19 -> 48 | R19: =$E$11*I19 -> 42.666667 | S19: =$E$12*I19 -> 38.4 | T19: =$E$13*I19 -> 34.909091 | U19: =$E$14*I19 -> 32 | V19: =$E$15*I19 -> 29.538462 | W19: =$E$16*I19 -> 27.428571 | X19: =$E$17*I19 -> 25.6 | Y19: =$E$18*I19 -> 24 | AB19: =K19/$AB$2 -> 96 | AC19: =L19/$AB$2 -> 64 | AD19: =M19/$AB$2 -> 48 | AE19: =N19/$AB$2 -> 38.4 | AF19: =O19/$AB$2 -> 32 | AG19: =P19/$AB$2 -> 27.428571 | AH19: =Q19/$AB$2 -> 24 | AI19: =R19/$AB$2 -> 21.333333 | ... AP19: =Y19/$AB$2 -> 12 | AQ19: =J19/$AR$2 -> 96 | AR19: =K19/$AR$2 -> 48 | AS19: =L19/$AR$2 -> 32 | AT19: =M19/$AR$2 -> 24 | AU19: =N19/$AR$2 -> 19.2 | AV19: =O19/$AR$2 -> 16 | AW19: =P19/$AR$2 -> 13.714286 | AX19: =Q19/$AR$2 -> 12 | ... BF19: =Y19/$AR$2 -> 6 | BG19: =J19/$BH$2 -> 64 | BH19: =K19/$BH$2 -> 32 | BI19: =L19/$BH$2 -> 21.333333 | BJ19: =M19/$BH$2 -> 16 | BK19: =N19/$BH$2 -> 12.8 | BL19: =O19/$BH$2 -> 10.666667 | BM19: =P19/$BH$2 -> 9.1428571 | BN19: =Q19/$BH$2 -> 8 | ... BV19: =Y19/$BH$2 -> 4 | BW19: =J19/$BX$2 -> 48 | BX19: =K19/$BX$2 -> 24 | BY19: =L19/$BX$2 -> 16 | BZ19: =M19/$BX$2 -> 12 | CA19: =N19/$BX$2 -> 9.6 | CB19: =O19/$BX$2 -> 8 | CC19: =P19/$BX$2 -> 6.8571429 | CD19: =Q19/$BX$2 -> 6 | ... CL19: =Y19/$BX$2 -> 3
I20: 25 | J20: =$E$3*I20 -> 400 | K20: =$E$4*I20 -> 200 | L20: =$E$5*I20 -> 133.33333 | M20: =$E$6*I20 -> 100 | N20: =$E$7*I20 -> 80 | O20: =$E$8*I20 -> 66.666667 | P20: =$E$9*I20 -> 57.142857 | Q20: =$E$10*I20 -> 50 | R20: =$E$11*I20 -> 44.444444 | S20: =$E$12*I20 -> 40 | T20: =$E$13*I20 -> 36.363636 | U20: =$E$14*I20 -> 33.333333 | V20: =$E$15*I20 -> 30.769231 | W20: =$E$16*I20 -> 28.571429 | X20: =$E$17*I20 -> 26.666667 | Y20: =$E$18*I20 -> 25 | AB20: =K20/$AB$2 -> 100 | AC20: =L20/$AB$2 -> 66.666667 | AD20: =M20/$AB$2 -> 50 | AE20: =N20/$AB$2 -> 40 | AF20: =O20/$AB$2 -> 33.333333 | AG20: =P20/$AB$2 -> 28.571429 | AH20: =Q20/$AB$2 -> 25 | AI20: =R20/$AB$2 -> 22.222222 | ... AP20: =Y20/$AB$2 -> 12.5 | AQ20: =J20/$AR$2 -> 100 | AR20: =K20/$AR$2 -> 50 | AS20: =L20/$AR$2 -> 33.333333 | AT20: =M20/$AR$2 -> 25 | AU20: =N20/$AR$2 -> 20 | AV20: =O20/$AR$2 -> 16.666667 | AW20: =P20/$AR$2 -> 14.285714 | AX20: =Q20/$AR$2 -> 12.5 | ... BF20: =Y20/$AR$2 -> 6.25 | BG20: =J20/$BH$2 -> 66.666667 | BH20: =K20/$BH$2 -> 33.333333 | BI20: =L20/$BH$2 -> 22.222222 | BJ20: =M20/$BH$2 -> 16.666667 | BK20: =N20/$BH$2 -> 13.333333 | BL20: =O20/$BH$2 -> 11.111111 | BM20: =P20/$BH$2 -> 9.5238095 | BN20: =Q20/$BH$2 -> 8.3333333 | ... BV20: =Y20/$BH$2 -> 4.1666667 | BW20: =J20/$BX$2 -> 50 | BX20: =K20/$BX$2 -> 25 | BY20: =L20/$BX$2 -> 16.666667 | BZ20: =M20/$BX$2 -> 12.5 | CA20: =N20/$BX$2 -> 10 | CB20: =O20/$BX$2 -> 8.3333333 | CC20: =P20/$BX$2 -> 7.1428571 | CD20: =Q20/$BX$2 -> 6.25 | ... CL20: =Y20/$BX$2 -> 3.125
I21: 26 | J21: =$E$3*I21 -> 416 | K21: =$E$4*I21 -> 208 | L21: =$E$5*I21 -> 138.66667 | M21: =$E$6*I21 -> 104 | N21: =$E$7*I21 -> 83.2 | O21: =$E$8*I21 -> 69.333333 | P21: =$E$9*I21 -> 59.428571 | Q21: =$E$10*I21 -> 52 | R21: =$E$11*I21 -> 46.222222 | S21: =$E$12*I21 -> 41.6 | T21: =$E$13*I21 -> 37.818182 | U21: =$E$14*I21 -> 34.666667 | V21: =$E$15*I21 -> 32 | W21: =$E$16*I21 -> 29.714286 | X21: =$E$17*I21 -> 27.733333 | Y21: =$E$18*I21 -> 26 | AB21: =K21/$AB$2 -> 104 | AC21: =L21/$AB$2 -> 69.333333 | AD21: =M21/$AB$2 -> 52 | AE21: =N21/$AB$2 -> 41.6 | AF21: =O21/$AB$2 -> 34.666667 | AG21: =P21/$AB$2 -> 29.714286 | AH21: =Q21/$AB$2 -> 26 | AI21: =R21/$AB$2 -> 23.111111 | ... AP21: =Y21/$AB$2 -> 13 | AQ21: =J21/$AR$2 -> 104 | AR21: =K21/$AR$2 -> 52 | AS21: =L21/$AR$2 -> 34.666667 | AT21: =M21/$AR$2 -> 26 | AU21: =N21/$AR$2 -> 20.8 | AV21: =O21/$AR$2 -> 17.333333 | AW21: =P21/$AR$2 -> 14.857143 | AX21: =Q21/$AR$2 -> 13 | ... BF21: =Y21/$AR$2 -> 6.5 | BG21: =J21/$BH$2 -> 69.333333 | BH21: =K21/$BH$2 -> 34.666667 | BI21: =L21/$BH$2 -> 23.111111 | BJ21: =M21/$BH$2 -> 17.333333 | BK21: =N21/$BH$2 -> 13.866667 | BL21: =O21/$BH$2 -> 11.555556 | BM21: =P21/$BH$2 -> 9.9047619 | BN21: =Q21/$BH$2 -> 8.6666667 | ... BV21: =Y21/$BH$2 -> 4.3333333 | BW21: =J21/$BX$2 -> 52 | BX21: =K21/$BX$2 -> 26 | BY21: =L21/$BX$2 -> 17.333333 | BZ21: =M21/$BX$2 -> 13 | CA21: =N21/$BX$2 -> 10.4 | CB21: =O21/$BX$2 -> 8.6666667 | CC21: =P21/$BX$2 -> 7.4285714 | CD21: =Q21/$BX$2 -> 6.5 | ... CL21: =Y21/$BX$2 -> 3.25
I22: 27 | J22: =$E$3*I22 -> 432 | K22: =$E$4*I22 -> 216 | L22: =$E$5*I22 -> 144 | M22: =$E$6*I22 -> 108 | N22: =$E$7*I22 -> 86.4 | O22: =$E$8*I22 -> 72 | P22: =$E$9*I22 -> 61.714286 | Q22: =$E$10*I22 -> 54 | R22: =$E$11*I22 -> 48 | S22: =$E$12*I22 -> 43.2 | T22: =$E$13*I22 -> 39.272727 | U22: =$E$14*I22 -> 36 | V22: =$E$15*I22 -> 33.230769 | W22: =$E$16*I22 -> 30.857143 | X22: =$E$17*I22 -> 28.8 | Y22: =$E$18*I22 -> 27 | AB22: =K22/$AB$2 -> 108 | AC22: =L22/$AB$2 -> 72 | AD22: =M22/$AB$2 -> 54 | AE22: =N22/$AB$2 -> 43.2 | AF22: =O22/$AB$2 -> 36 | AG22: =P22/$AB$2 -> 30.857143 | AH22: =Q22/$AB$2 -> 27 | AI22: =R22/$AB$2 -> 24 | ... AP22: =Y22/$AB$2 -> 13.5 | AQ22: =J22/$AR$2 -> 108 | AR22: =K22/$AR$2 -> 54 | AS22: =L22/$AR$2 -> 36 | AT22: =M22/$AR$2 -> 27 | AU22: =N22/$AR$2 -> 21.6 | AV22: =O22/$AR$2 -> 18 | AW22: =P22/$AR$2 -> 15.428571 | AX22: =Q22/$AR$2 -> 13.5 | ... BF22: =Y22/$AR$2 -> 6.75 | BG22: =J22/$BH$2 -> 72 | BH22: =K22/$BH$2 -> 36 | BI22: =L22/$BH$2 -> 24 | BJ22: =M22/$BH$2 -> 18 | BK22: =N22/$BH$2 -> 14.4 | BL22: =O22/$BH$2 -> 12 | BM22: =P22/$BH$2 -> 10.285714 | BN22: =Q22/$BH$2 -> 9 | ... BV22: =Y22/$BH$2 -> 4.5 | BW22: =J22/$BX$2 -> 54 | BX22: =K22/$BX$2 -> 27 | BY22: =L22/$BX$2 -> 18 | BZ22: =M22/$BX$2 -> 13.5 | CA22: =N22/$BX$2 -> 10.8 | CB22: =O22/$BX$2 -> 9 | CC22: =P22/$BX$2 -> 7.7142857 | CD22: =Q22/$BX$2 -> 6.75 | ... CL22: =Y22/$BX$2 -> 3.375
I23: 28 | J23: =$E$3*I23 -> 448 | K23: =$E$4*I23 -> 224 | L23: =$E$5*I23 -> 149.33333 | M23: =$E$6*I23 -> 112 | N23: =$E$7*I23 -> 89.6 | O23: =$E$8*I23 -> 74.666667 | P23: =$E$9*I23 -> 64 | Q23: =$E$10*I23 -> 56 | R23: =$E$11*I23 -> 49.777778 | S23: =$E$12*I23 -> 44.8 | T23: =$E$13*I23 -> 40.727273 | U23: =$E$14*I23 -> 37.333333 | V23: =$E$15*I23 -> 34.461538 | W23: =$E$16*I23 -> 32 | X23: =$E$17*I23 -> 29.866667 | Y23: =$E$18*I23 -> 28 | AB23: =K23/$AB$2 -> 112 | AC23: =L23/$AB$2 -> 74.666667 | AD23: =M23/$AB$2 -> 56 | AE23: =N23/$AB$2 -> 44.8 | AF23: =O23/$AB$2 -> 37.333333 | AG23: =P23/$AB$2 -> 32 | AH23: =Q23/$AB$2 -> 28 | AI23: =R23/$AB$2 -> 24.888889 | ... AP23: =Y23/$AB$2 -> 14 | AQ23: =J23/$AR$2 -> 112 | AR23: =K23/$AR$2 -> 56 | AS23: =L23/$AR$2 -> 37.333333 | AT23: =M23/$AR$2 -> 28 | AU23: =N23/$AR$2 -> 22.4 | AV23: =O23/$AR$2 -> 18.666667 | AW23: =P23/$AR$2 -> 16 | AX23: =Q23/$AR$2 -> 14 | ... BF23: =Y23/$AR$2 -> 7 | BG23: =J23/$BH$2 -> 74.666667 | BH23: =K23/$BH$2 -> 37.333333 | BI23: =L23/$BH$2 -> 24.888889 | BJ23: =M23/$BH$2 -> 18.666667 | BK23: =N23/$BH$2 -> 14.933333 | BL23: =O23/$BH$2 -> 12.444444 | BM23: =P23/$BH$2 -> 10.666667 | BN23: =Q23/$BH$2 -> 9.3333333 | ... BV23: =Y23/$BH$2 -> 4.6666667 | BW23: =J23/$BX$2 -> 56 | BX23: =K23/$BX$2 -> 28 | BY23: =L23/$BX$2 -> 18.666667 | BZ23: =M23/$BX$2 -> 14 | CA23: =N23/$BX$2 -> 11.2 | CB23: =O23/$BX$2 -> 9.3333333 | CC23: =P23/$BX$2 -> 8 | CD23: =Q23/$BX$2 -> 7 | ... CL23: =Y23/$BX$2 -> 3.5
I24: 29 | J24: =$E$3*I24 -> 464 | K24: =$E$4*I24 -> 232 | L24: =$E$5*I24 -> 154.66667 | M24: =$E$6*I24 -> 116 | N24: =$E$7*I24 -> 92.8 | O24: =$E$8*I24 -> 77.333333 | P24: =$E$9*I24 -> 66.285714 | Q24: =$E$10*I24 -> 58 | R24: =$E$11*I24 -> 51.555556 | S24: =$E$12*I24 -> 46.4 | T24: =$E$13*I24 -> 42.181818 | U24: =$E$14*I24 -> 38.666667 | V24: =$E$15*I24 -> 35.692308 | W24: =$E$16*I24 -> 33.142857 | X24: =$E$17*I24 -> 30.933333 | Y24: =$E$18*I24 -> 29 | AB24: =K24/$AB$2 -> 116 | AC24: =L24/$AB$2 -> 77.333333 | AD24: =M24/$AB$2 -> 58 | AE24: =N24/$AB$2 -> 46.4 | AF24: =O24/$AB$2 -> 38.666667 | AG24: =P24/$AB$2 -> 33.142857 | AH24: =Q24/$AB$2 -> 29 | AI24: =R24/$AB$2 -> 25.777778 | ... AP24: =Y24/$AB$2 -> 14.5 | AQ24: =J24/$AR$2 -> 116 | AR24: =K24/$AR$2 -> 58 | AS24: =L24/$AR$2 -> 38.666667 | AT24: =M24/$AR$2 -> 29 | AU24: =N24/$AR$2 -> 23.2 | AV24: =O24/$AR$2 -> 19.333333 | AW24: =P24/$AR$2 -> 16.571429 | AX24: =Q24/$AR$2 -> 14.5 | ... BF24: =Y24/$AR$2 -> 7.25 | BG24: =J24/$BH$2 -> 77.333333 | BH24: =K24/$BH$2 -> 38.666667 | BI24: =L24/$BH$2 -> 25.777778 | BJ24: =M24/$BH$2 -> 19.333333 | BK24: =N24/$BH$2 -> 15.466667 | BL24: =O24/$BH$2 -> 12.888889 | BM24: =P24/$BH$2 -> 11.047619 | BN24: =Q24/$BH$2 -> 9.6666667 | ... BV24: =Y24/$BH$2 -> 4.8333333 | BW24: =J24/$BX$2 -> 58 | BX24: =K24/$BX$2 -> 29 | BY24: =L24/$BX$2 -> 19.333333 | BZ24: =M24/$BX$2 -> 14.5 | CA24: =N24/$BX$2 -> 11.6 | CB24: =O24/$BX$2 -> 9.6666667 | CC24: =P24/$BX$2 -> 8.2857143 | CD24: =Q24/$BX$2 -> 7.25 | ... CL24: =Y24/$BX$2 -> 3.625
I25: 30 | J25: =$E$3*I25 -> 480 | K25: =$E$4*I25 -> 240 | L25: =$E$5*I25 -> 160 | M25: =$E$6*I25 -> 120 | N25: =$E$7*I25 -> 96 | O25: =$E$8*I25 -> 80 | P25: =$E$9*I25 -> 68.571429 | Q25: =$E$10*I25 -> 60 | R25: =$E$11*I25 -> 53.333333 | S25: =$E$12*I25 -> 48 | T25: =$E$13*I25 -> 43.636364 | U25: =$E$14*I25 -> 40 | V25: =$E$15*I25 -> 36.923077 | W25: =$E$16*I25 -> 34.285714 | X25: =$E$17*I25 -> 32 | Y25: =$E$18*I25 -> 30 | AB25: =K25/$AB$2 -> 120 | AC25: =L25/$AB$2 -> 80 | AD25: =M25/$AB$2 -> 60 | AE25: =N25/$AB$2 -> 48 | AF25: =O25/$AB$2 -> 40 | AG25: =P25/$AB$2 -> 34.285714 | AH25: =Q25/$AB$2 -> 30 | AI25: =R25/$AB$2 -> 26.666667 | ... AP25: =Y25/$AB$2 -> 15 | AQ25: =J25/$AR$2 -> 120 | AR25: =K25/$AR$2 -> 60 | AS25: =L25/$AR$2 -> 40 | AT25: =M25/$AR$2 -> 30 | AU25: =N25/$AR$2 -> 24 | AV25: =O25/$AR$2 -> 20 | AW25: =P25/$AR$2 -> 17.142857 | AX25: =Q25/$AR$2 -> 15 | ... BF25: =Y25/$AR$2 -> 7.5 | BG25: =J25/$BH$2 -> 80 | BH25: =K25/$BH$2 -> 40 | BI25: =L25/$BH$2 -> 26.666667 | BJ25: =M25/$BH$2 -> 20 | BK25: =N25/$BH$2 -> 16 | BL25: =O25/$BH$2 -> 13.333333 | BM25: =P25/$BH$2 -> 11.428571 | BN25: =Q25/$BH$2 -> 10 | ... BV25: =Y25/$BH$2 -> 5 | BW25: =J25/$BX$2 -> 60 | BX25: =K25/$BX$2 -> 30 | BY25: =L25/$BX$2 -> 20 | BZ25: =M25/$BX$2 -> 15 | CA25: =N25/$BX$2 -> 12 | CB25: =O25/$BX$2 -> 10 | CC25: =P25/$BX$2 -> 8.5714286 | CD25: =Q25/$BX$2 -> 7.5 | ... CL25: =Y25/$BX$2 -> 3.75
I26: 31 | J26: =$E$3*I26 -> 496 | K26: =$E$4*I26 -> 248 | L26: =$E$5*I26 -> 165.33333 | M26: =$E$6*I26 -> 124 | N26: =$E$7*I26 -> 99.2 | O26: =$E$8*I26 -> 82.666667 | P26: =$E$9*I26 -> 70.857143 | Q26: =$E$10*I26 -> 62 | R26: =$E$11*I26 -> 55.111111 | S26: =$E$12*I26 -> 49.6 | T26: =$E$13*I26 -> 45.090909 | U26: =$E$14*I26 -> 41.333333 | V26: =$E$15*I26 -> 38.153846 | W26: =$E$16*I26 -> 35.428571 | X26: =$E$17*I26 -> 33.066667 | Y26: =$E$18*I26 -> 31 | AB26: =K26/$AB$2 -> 124 | AC26: =L26/$AB$2 -> 82.666667 | AD26: =M26/$AB$2 -> 62 | AE26: =N26/$AB$2 -> 49.6 | AF26: =O26/$AB$2 -> 41.333333 | AG26: =P26/$AB$2 -> 35.428571 | AH26: =Q26/$AB$2 -> 31 | AI26: =R26/$AB$2 -> 27.555556 | ... AP26: =Y26/$AB$2 -> 15.5 | AQ26: =J26/$AR$2 -> 124 | AR26: =K26/$AR$2 -> 62 | AS26: =L26/$AR$2 -> 41.333333 | AT26: =M26/$AR$2 -> 31 | AU26: =N26/$AR$2 -> 24.8 | AV26: =O26/$AR$2 -> 20.666667 | AW26: =P26/$AR$2 -> 17.714286 | AX26: =Q26/$AR$2 -> 15.5 | ... BF26: =Y26/$AR$2 -> 7.75 | BG26: =J26/$BH$2 -> 82.666667 | BH26: =K26/$BH$2 -> 41.333333 | BI26: =L26/$BH$2 -> 27.555556 | BJ26: =M26/$BH$2 -> 20.666667 | BK26: =N26/$BH$2 -> 16.533333 | BL26: =O26/$BH$2 -> 13.777778 | BM26: =P26/$BH$2 -> 11.809524 | BN26: =Q26/$BH$2 -> 10.333333 | ... BV26: =Y26/$BH$2 -> 5.1666667 | BW26: =J26/$BX$2 -> 62 | BX26: =K26/$BX$2 -> 31 | BY26: =L26/$BX$2 -> 20.666667 | BZ26: =M26/$BX$2 -> 15.5 | CA26: =N26/$BX$2 -> 12.4 | CB26: =O26/$BX$2 -> 10.333333 | CC26: =P26/$BX$2 -> 8.8571429 | CD26: =Q26/$BX$2 -> 7.75 | ... CL26: =Y26/$BX$2 -> 3.875
I27: 32 | J27: =$E$3*I27 -> 512 | K27: =$E$4*I27 -> 256 | L27: =$E$5*I27 -> 170.66667 | M27: =$E$6*I27 -> 128 | N27: =$E$7*I27 -> 102.4 | O27: =$E$8*I27 -> 85.333333 | P27: =$E$9*I27 -> 73.142857 | Q27: =$E$10*I27 -> 64 | R27: =$E$11*I27 -> 56.888889 | S27: =$E$12*I27 -> 51.2 | T27: =$E$13*I27 -> 46.545455 | U27: =$E$14*I27 -> 42.666667 | V27: =$E$15*I27 -> 39.384615 | W27: =$E$16*I27 -> 36.571429 | X27: =$E$17*I27 -> 34.133333 | Y27: =$E$18*I27 -> 32 | AB27: =K27/$AB$2 -> 128 | AC27: =L27/$AB$2 -> 85.333333 | AD27: =M27/$AB$2 -> 64 | AE27: =N27/$AB$2 -> 51.2 | AF27: =O27/$AB$2 -> 42.666667 | AG27: =P27/$AB$2 -> 36.571429 | AH27: =Q27/$AB$2 -> 32 | AI27: =R27/$AB$2 -> 28.444444 | ... AP27: =Y27/$AB$2 -> 16 | AQ27: =J27/$AR$2 -> 128 | AR27: =K27/$AR$2 -> 64 | AS27: =L27/$AR$2 -> 42.666667 | AT27: =M27/$AR$2 -> 32 | AU27: =N27/$AR$2 -> 25.6 | AV27: =O27/$AR$2 -> 21.333333 | AW27: =P27/$AR$2 -> 18.285714 | AX27: =Q27/$AR$2 -> 16 | ... BF27: =Y27/$AR$2 -> 8 | BG27: =J27/$BH$2 -> 85.333333 | BH27: =K27/$BH$2 -> 42.666667 | BI27: =L27/$BH$2 -> 28.444444 | BJ27: =M27/$BH$2 -> 21.333333 | BK27: =N27/$BH$2 -> 17.066667 | BL27: =O27/$BH$2 -> 14.222222 | BM27: =P27/$BH$2 -> 12.190476 | BN27: =Q27/$BH$2 -> 10.666667 | ... BV27: =Y27/$BH$2 -> 5.3333333 | BW27: =J27/$BX$2 -> 64 | BX27: =K27/$BX$2 -> 32 | BY27: =L27/$BX$2 -> 21.333333 | BZ27: =M27/$BX$2 -> 16 | CA27: =N27/$BX$2 -> 12.8 | CB27: =O27/$BX$2 -> 10.666667 | CC27: =P27/$BX$2 -> 9.1428571 | CD27: =Q27/$BX$2 -> 8 | ... CL27: =Y27/$BX$2 -> 4
I28: 33 | J28: =$E$3*I28 -> 528 | K28: =$E$4*I28 -> 264 | L28: =$E$5*I28 -> 176 | M28: =$E$6*I28 -> 132 | N28: =$E$7*I28 -> 105.6 | O28: =$E$8*I28 -> 88 | P28: =$E$9*I28 -> 75.428571 | Q28: =$E$10*I28 -> 66 | R28: =$E$11*I28 -> 58.666667 | S28: =$E$12*I28 -> 52.8 | T28: =$E$13*I28 -> 48 | U28: =$E$14*I28 -> 44 | V28: =$E$15*I28 -> 40.615385 | W28: =$E$16*I28 -> 37.714286 | X28: =$E$17*I28 -> 35.2 | Y28: =$E$18*I28 -> 33 | AB28: =K28/$AB$2 -> 132 | AC28: =L28/$AB$2 -> 88 | AD28: =M28/$AB$2 -> 66 | AE28: =N28/$AB$2 -> 52.8 | AF28: =O28/$AB$2 -> 44 | AG28: =P28/$AB$2 -> 37.714286 | AH28: =Q28/$AB$2 -> 33 | AI28: =R28/$AB$2 -> 29.333333 | ... AP28: =Y28/$AB$2 -> 16.5 | AQ28: =J28/$AR$2 -> 132 | AR28: =K28/$AR$2 -> 66 | AS28: =L28/$AR$2 -> 44 | AT28: =M28/$AR$2 -> 33 | AU28: =N28/$AR$2 -> 26.4 | AV28: =O28/$AR$2 -> 22 | AW28: =P28/$AR$2 -> 18.857143 | AX28: =Q28/$AR$2 -> 16.5 | ... BF28: =Y28/$AR$2 -> 8.25 | BG28: =J28/$BH$2 -> 88 | BH28: =K28/$BH$2 -> 44 | BI28: =L28/$BH$2 -> 29.333333 | BJ28: =M28/$BH$2 -> 22 | BK28: =N28/$BH$2 -> 17.6 | BL28: =O28/$BH$2 -> 14.666667 | BM28: =P28/$BH$2 -> 12.571429 | BN28: =Q28/$BH$2 -> 11 | ... BV28: =Y28/$BH$2 -> 5.5 | BW28: =J28/$BX$2 -> 66 | BX28: =K28/$BX$2 -> 33 | BY28: =L28/$BX$2 -> 22 | BZ28: =M28/$BX$2 -> 16.5 | CA28: =N28/$BX$2 -> 13.2 | CB28: =O28/$BX$2 -> 11 | CC28: =P28/$BX$2 -> 9.4285714 | CD28: =Q28/$BX$2 -> 8.25 | ... CL28: =Y28/$BX$2 -> 4.125
I29: 34 | J29: =$E$3*I29 -> 544 | K29: =$E$4*I29 -> 272 | L29: =$E$5*I29 -> 181.33333 | M29: =$E$6*I29 -> 136 | N29: =$E$7*I29 -> 108.8 | O29: =$E$8*I29 -> 90.666667 | P29: =$E$9*I29 -> 77.714286 | Q29: =$E$10*I29 -> 68 | R29: =$E$11*I29 -> 60.444444 | S29: =$E$12*I29 -> 54.4 | T29: =$E$13*I29 -> 49.454545 | U29: =$E$14*I29 -> 45.333333 | V29: =$E$15*I29 -> 41.846154 | W29: =$E$16*I29 -> 38.857143 | X29: =$E$17*I29 -> 36.266667 | Y29: =$E$18*I29 -> 34 | AB29: =K29/$AB$2 -> 136 | AC29: =L29/$AB$2 -> 90.666667 | AD29: =M29/$AB$2 -> 68 | AE29: =N29/$AB$2 -> 54.4 | AF29: =O29/$AB$2 -> 45.333333 | AG29: =P29/$AB$2 -> 38.857143 | AH29: =Q29/$AB$2 -> 34 | AI29: =R29/$AB$2 -> 30.222222 | ... AP29: =Y29/$AB$2 -> 17 | AQ29: =J29/$AR$2 -> 136 | AR29: =K29/$AR$2 -> 68 | AS29: =L29/$AR$2 -> 45.333333 | AT29: =M29/$AR$2 -> 34 | AU29: =N29/$AR$2 -> 27.2 | AV29: =O29/$AR$2 -> 22.666667 | AW29: =P29/$AR$2 -> 19.428571 | AX29: =Q29/$AR$2 -> 17 | ... BF29: =Y29/$AR$2 -> 8.5 | BG29: =J29/$BH$2 -> 90.666667 | BH29: =K29/$BH$2 -> 45.333333 | BI29: =L29/$BH$2 -> 30.222222 | BJ29: =M29/$BH$2 -> 22.666667 | BK29: =N29/$BH$2 -> 18.133333 | BL29: =O29/$BH$2 -> 15.111111 | BM29: =P29/$BH$2 -> 12.952381 | BN29: =Q29/$BH$2 -> 11.333333 | ... BV29: =Y29/$BH$2 -> 5.6666667 | BW29: =J29/$BX$2 -> 68 | BX29: =K29/$BX$2 -> 34 | BY29: =L29/$BX$2 -> 22.666667 | BZ29: =M29/$BX$2 -> 17 | CA29: =N29/$BX$2 -> 13.6 | CB29: =O29/$BX$2 -> 11.333333 | CC29: =P29/$BX$2 -> 9.7142857 | CD29: =Q29/$BX$2 -> 8.5 | ... CL29: =Y29/$BX$2 -> 4.25
I30: 35 | J30: =$E$3*I30 -> 560 | K30: =$E$4*I30 -> 280 | L30: =$E$5*I30 -> 186.66667 | M30: =$E$6*I30 -> 140 | N30: =$E$7*I30 -> 112 | O30: =$E$8*I30 -> 93.333333 | P30: =$E$9*I30 -> 80 | Q30: =$E$10*I30 -> 70 | R30: =$E$11*I30 -> 62.222222 | S30: =$E$12*I30 -> 56 | T30: =$E$13*I30 -> 50.909091 | U30: =$E$14*I30 -> 46.666667 | V30: =$E$15*I30 -> 43.076923 | W30: =$E$16*I30 -> 40 | X30: =$E$17*I30 -> 37.333333 | Y30: =$E$18*I30 -> 35 | AB30: =K30/$AB$2 -> 140 | AC30: =L30/$AB$2 -> 93.333333 | AD30: =M30/$AB$2 -> 70 | AE30: =N30/$AB$2 -> 56 | AF30: =O30/$AB$2 -> 46.666667 | AG30: =P30/$AB$2 -> 40 | AH30: =Q30/$AB$2 -> 35 | AI30: =R30/$AB$2 -> 31.111111 | ... AP30: =Y30/$AB$2 -> 17.5 | AQ30: =J30/$AR$2 -> 140 | AR30: =K30/$AR$2 -> 70 | AS30: =L30/$AR$2 -> 46.666667 | AT30: =M30/$AR$2 -> 35 | AU30: =N30/$AR$2 -> 28 | AV30: =O30/$AR$2 -> 23.333333 | AW30: =P30/$AR$2 -> 20 | AX30: =Q30/$AR$2 -> 17.5 | ... BF30: =Y30/$AR$2 -> 8.75 | BG30: =J30/$BH$2 -> 93.333333 | BH30: =K30/$BH$2 -> 46.666667 | BI30: =L30/$BH$2 -> 31.111111 | BJ30: =M30/$BH$2 -> 23.333333 | BK30: =N30/$BH$2 -> 18.666667 | BL30: =O30/$BH$2 -> 15.555556 | BM30: =P30/$BH$2 -> 13.333333 | BN30: =Q30/$BH$2 -> 11.666667 | ... BV30: =Y30/$BH$2 -> 5.8333333 | BW30: =J30/$BX$2 -> 70 | BX30: =K30/$BX$2 -> 35 | BY30: =L30/$BX$2 -> 23.333333 | BZ30: =M30/$BX$2 -> 17.5 | CA30: =N30/$BX$2 -> 14 | CB30: =O30/$BX$2 -> 11.666667 | CC30: =P30/$BX$2 -> 10 | CD30: =Q30/$BX$2 -> 8.75 | ... CL30: =Y30/$BX$2 -> 4.375
... I37: 42 | J37: =$E$3*I37 -> 672 | K37: =$E$4*I37 -> 336 | L37: =$E$5*I37 -> 224 | M37: =$E$6*I37 -> 168 | N37: =$E$7*I37 -> 134.4 | O37: =$E$8*I37 -> 112 | P37: =$E$9*I37 -> 96 | Q37: =$E$10*I37 -> 84 | R37: =$E$11*I37 -> 74.666667 | S37: =$E$12*I37 -> 67.2 | T37: =$E$13*I37 -> 61.090909 | U37: =$E$14*I37 -> 56 | V37: =$E$15*I37 -> 51.692308 | W37: =$E$16*I37 -> 48 | X37: =$E$17*I37 -> 44.8 | Y37: =$E$18*I37 -> 42 | AB37: =K37/$AB$2 -> 168 | AC37: =L37/$AB$2 -> 112 | AD37: =M37/$AB$2 -> 84 | AE37: =N37/$AB$2 -> 67.2 | AF37: =O37/$AB$2 -> 56 | AG37: =P37/$AB$2 -> 48 | AH37: =Q37/$AB$2 -> 42 | AI37: =R37/$AB$2 -> 37.333333 | ... AP37: =Y37/$AB$2 -> 21 | AQ37: =J37/$AR$2 -> 168 | AR37: =K37/$AR$2 -> 84 | AS37: =L37/$AR$2 -> 56 | AT37: =M37/$AR$2 -> 42 | AU37: =N37/$AR$2 -> 33.6 | AV37: =O37/$AR$2 -> 28 | AW37: =P37/$AR$2 -> 24 | AX37: =Q37/$AR$2 -> 21 | ... BF37: =Y37/$AR$2 -> 10.5 | BG37: =J37/$BH$2 -> 112 | BH37: =K37/$BH$2 -> 56 | BI37: =L37/$BH$2 -> 37.333333 | BJ37: =M37/$BH$2 -> 28 | BK37: =N37/$BH$2 -> 22.4 | BL37: =O37/$BH$2 -> 18.666667 | BM37: =P37/$BH$2 -> 16 | BN37: =Q37/$BH$2 -> 14 | ... BV37: =Y37/$BH$2 -> 7 | BW37: =J37/$BX$2 -> 84 | BX37: =K37/$BX$2 -> 42 | BY37: =L37/$BX$2 -> 28 | BZ37: =M37/$BX$2 -> 21 | CA37: =N37/$BX$2 -> 16.8 | CB37: =O37/$BX$2 -> 14 | CC37: =P37/$BX$2 -> 12 | CD37: =Q37/$BX$2 -> 10.5 | ... CL37: =Y37/$BX$2 -> 5.25
I38: 43 | J38: =$E$3*I38 -> 688 | K38: =$E$4*I38 -> 344 | L38: =$E$5*I38 -> 229.33333 | M38: =$E$6*I38 -> 172 | N38: =$E$7*I38 -> 137.6 | O38: =$E$8*I38 -> 114.66667 | P38: =$E$9*I38 -> 98.285714 | Q38: =$E$10*I38 -> 86 | R38: =$E$11*I38 -> 76.444444 | S38: =$E$12*I38 -> 68.8 | T38: =$E$13*I38 -> 62.545455 | U38: =$E$14*I38 -> 57.333333 | V38: =$E$15*I38 -> 52.923077 | W38: =$E$16*I38 -> 49.142857 | X38: =$E$17*I38 -> 45.866667 | Y38: =$E$18*I38 -> 43 | AC38: =L38/$AB$2 -> 114.66667 | AD38: =M38/$AB$2 -> 86 | AE38: =N38/$AB$2 -> 68.8 | AF38: =O38/$AB$2 -> 57.333333 | AG38: =P38/$AB$2 -> 49.142857 | AH38: =Q38/$AB$2 -> 43 | AI38: =R38/$AB$2 -> 38.222222 | AJ38: =S38/$AB$2 -> 34.4 | ... AP38: =Y38/$AB$2 -> 21.5 | AR38: =K38/$AR$2 -> 86 | AS38: =L38/$AR$2 -> 57.333333 | AT38: =M38/$AR$2 -> 43 | AU38: =N38/$AR$2 -> 34.4 | AV38: =O38/$AR$2 -> 28.666667 | AW38: =P38/$AR$2 -> 24.571429 | AX38: =Q38/$AR$2 -> 21.5 | AY38: =R38/$AR$2 -> 19.111111 | ... BF38: =Y38/$AR$2 -> 10.75 | BG38: =J38/$BH$2 -> 114.66667 | BH38: =K38/$BH$2 -> 57.333333 | BI38: =L38/$BH$2 -> 38.222222 | BJ38: =M38/$BH$2 -> 28.666667 | BK38: =N38/$BH$2 -> 22.933333 | BL38: =O38/$BH$2 -> 19.111111 | BM38: =P38/$BH$2 -> 16.380952 | BN38: =Q38/$BH$2 -> 14.333333 | ... BV38: =Y38/$BH$2 -> 7.1666667 | BW38: =J38/$BX$2 -> 86 | BX38: =K38/$BX$2 -> 43 | BY38: =L38/$BX$2 -> 28.666667 | BZ38: =M38/$BX$2 -> 21.5 | CA38: =N38/$BX$2 -> 17.2 | CB38: =O38/$BX$2 -> 14.333333 | CC38: =P38/$BX$2 -> 12.285714 | CD38: =Q38/$BX$2 -> 10.75 | ... CL38: =Y38/$BX$2 -> 5.375
I39: 44 | J39: =$E$3*I39 -> 704 | K39: =$E$4*I39 -> 352 | L39: =$E$5*I39 -> 234.66667 | M39: =$E$6*I39 -> 176 | N39: =$E$7*I39 -> 140.8 | O39: =$E$8*I39 -> 117.33333 | P39: =$E$9*I39 -> 100.57143 | Q39: =$E$10*I39 -> 88 | R39: =$E$11*I39 -> 78.222222 | S39: =$E$12*I39 -> 70.4 | T39: =$E$13*I39 -> 64 | U39: =$E$14*I39 -> 58.666667 | V39: =$E$15*I39 -> 54.153846 | W39: =$E$16*I39 -> 50.285714 | X39: =$E$17*I39 -> 46.933333 | Y39: =$E$18*I39 -> 44 | AC39: =L39/$AB$2 -> 117.33333 | AD39: =M39/$AB$2 -> 88 | AE39: =N39/$AB$2 -> 70.4 | AF39: =O39/$AB$2 -> 58.666667 | AG39: =P39/$AB$2 -> 50.285714 | AH39: =Q39/$AB$2 -> 44 | AI39: =R39/$AB$2 -> 39.111111 | AJ39: =S39/$AB$2 -> 35.2 | ... AP39: =Y39/$AB$2 -> 22 | AR39: =K39/$AR$2 -> 88 | AS39: =L39/$AR$2 -> 58.666667 | AT39: =M39/$AR$2 -> 44 | AU39: =N39/$AR$2 -> 35.2 | AV39: =O39/$AR$2 -> 29.333333 | AW39: =P39/$AR$2 -> 25.142857 | AX39: =Q39/$AR$2 -> 22 | AY39: =R39/$AR$2 -> 19.555556 | ... BF39: =Y39/$AR$2 -> 11 | BG39: =J39/$BH$2 -> 117.33333 | BH39: =K39/$BH$2 -> 58.666667 | BI39: =L39/$BH$2 -> 39.111111 | BJ39: =M39/$BH$2 -> 29.333333 | BK39: =N39/$BH$2 -> 23.466667 | BL39: =O39/$BH$2 -> 19.555556 | BM39: =P39/$BH$2 -> 16.761905 | BN39: =Q39/$BH$2 -> 14.666667 | ... BV39: =Y39/$BH$2 -> 7.3333333 | BW39: =J39/$BX$2 -> 88 | BX39: =K39/$BX$2 -> 44 | BY39: =L39/$BX$2 -> 29.333333 | BZ39: =M39/$BX$2 -> 22 | CA39: =N39/$BX$2 -> 17.6 | CB39: =O39/$BX$2 -> 14.666667 | CC39: =P39/$BX$2 -> 12.571429 | CD39: =Q39/$BX$2 -> 11 | ... CL39: =Y39/$BX$2 -> 5.5
I40: 45 | J40: =$E$3*I40 -> 720 | K40: =$E$4*I40 -> 360 | L40: =$E$5*I40 -> 240 | M40: =$E$6*I40 -> 180 | N40: =$E$7*I40 -> 144 | O40: =$E$8*I40 -> 120 | P40: =$E$9*I40 -> 102.85714 | Q40: =$E$10*I40 -> 90 | R40: =$E$11*I40 -> 80 | S40: =$E$12*I40 -> 72 | T40: =$E$13*I40 -> 65.454545 | U40: =$E$14*I40 -> 60 | V40: =$E$15*I40 -> 55.384615 | W40: =$E$16*I40 -> 51.428571 | X40: =$E$17*I40 -> 48 | Y40: =$E$18*I40 -> 45 | AC40: =L40/$AB$2 -> 120 | AD40: =M40/$AB$2 -> 90 | AE40: =N40/$AB$2 -> 72 | AF40: =O40/$AB$2 -> 60 | AG40: =P40/$AB$2 -> 51.428571 | AH40: =Q40/$AB$2 -> 45 | AI40: =R40/$AB$2 -> 40 | AJ40: =S40/$AB$2 -> 36 | ... AP40: =Y40/$AB$2 -> 22.5 | AR40: =K40/$AR$2 -> 90 | AS40: =L40/$AR$2 -> 60 | AT40: =M40/$AR$2 -> 45 | AU40: =N40/$AR$2 -> 36 | AV40: =O40/$AR$2 -> 30 | AW40: =P40/$AR$2 -> 25.714286 | AX40: =Q40/$AR$2 -> 22.5 | AY40: =R40/$AR$2 -> 20 | ... BF40: =Y40/$AR$2 -> 11.25 | BG40: =J40/$BH$2 -> 120 | BH40: =K40/$BH$2 -> 60 | BI40: =L40/$BH$2 -> 40 | BJ40: =M40/$BH$2 -> 30 | BK40: =N40/$BH$2 -> 24 | BL40: =O40/$BH$2 -> 20 | BM40: =P40/$BH$2 -> 17.142857 | BN40: =Q40/$BH$2 -> 15 | ... BV40: =Y40/$BH$2 -> 7.5 | BW40: =J40/$BX$2 -> 90 | BX40: =K40/$BX$2 -> 45 | BY40: =L40/$BX$2 -> 30 | BZ40: =M40/$BX$2 -> 22.5 | CA40: =N40/$BX$2 -> 18 | CB40: =O40/$BX$2 -> 15 | CC40: =P40/$BX$2 -> 12.857143 | CD40: =Q40/$BX$2 -> 11.25 | ... CL40: =Y40/$BX$2 -> 5.625
I41: 46 | J41: =$E$3*I41 -> 736 | K41: =$E$4*I41 -> 368 | L41: =$E$5*I41 -> 245.33333 | M41: =$E$6*I41 -> 184 | N41: =$E$7*I41 -> 147.2 | O41: =$E$8*I41 -> 122.66667 | P41: =$E$9*I41 -> 105.14286 | Q41: =$E$10*I41 -> 92 | R41: =$E$11*I41 -> 81.777778 | S41: =$E$12*I41 -> 73.6 | T41: =$E$13*I41 -> 66.909091 | U41: =$E$14*I41 -> 61.333333 | V41: =$E$15*I41 -> 56.615385 | W41: =$E$16*I41 -> 52.571429 | X41: =$E$17*I41 -> 49.066667 | Y41: =$E$18*I41 -> 46 | AC41: =L41/$AB$2 -> 122.66667 | AD41: =M41/$AB$2 -> 92 | AE41: =N41/$AB$2 -> 73.6 | AF41: =O41/$AB$2 -> 61.333333 | AG41: =P41/$AB$2 -> 52.571429 | AH41: =Q41/$AB$2 -> 46 | AI41: =R41/$AB$2 -> 40.888889 | AJ41: =S41/$AB$2 -> 36.8 | ... AP41: =Y41/$AB$2 -> 23 | AR41: =K41/$AR$2 -> 92 | AS41: =L41/$AR$2 -> 61.333333 | AT41: =M41/$AR$2 -> 46 | AU41: =N41/$AR$2 -> 36.8 | AV41: =O41/$AR$2 -> 30.666667 | AW41: =P41/$AR$2 -> 26.285714 | AX41: =Q41/$AR$2 -> 23 | AY41: =R41/$AR$2 -> 20.444444 | ... BF41: =Y41/$AR$2 -> 11.5 | BG41: =J41/$BH$2 -> 122.66667 | BH41: =K41/$BH$2 -> 61.333333 | BI41: =L41/$BH$2 -> 40.888889 | BJ41: =M41/$BH$2 -> 30.666667 | BK41: =N41/$BH$2 -> 24.533333 | BL41: =O41/$BH$2 -> 20.444444 | BM41: =P41/$BH$2 -> 17.52381 | BN41: =Q41/$BH$2 -> 15.333333 | ... BV41: =Y41/$BH$2 -> 7.6666667 | BW41: =J41/$BX$2 -> 92 | BX41: =K41/$BX$2 -> 46 | BY41: =L41/$BX$2 -> 30.666667 | BZ41: =M41/$BX$2 -> 23 | CA41: =N41/$BX$2 -> 18.4 | CB41: =O41/$BX$2 -> 15.333333 | CC41: =P41/$BX$2 -> 13.142857 | CD41: =Q41/$BX$2 -> 11.5 | ... CL41: =Y41/$BX$2 -> 5.75
I42: 47 | J42: =$E$3*I42 -> 752 | K42: =$E$4*I42 -> 376 | L42: =$E$5*I42 -> 250.66667 | M42: =$E$6*I42 -> 188 | N42: =$E$7*I42 -> 150.4 | O42: =$E$8*I42 -> 125.33333 | P42: =$E$9*I42 -> 107.42857 | Q42: =$E$10*I42 -> 94 | R42: =$E$11*I42 -> 83.555556 | S42: =$E$12*I42 -> 75.2 | T42: =$E$13*I42 -> 68.363636 | U42: =$E$14*I42 -> 62.666667 | V42: =$E$15*I42 -> 57.846154 | W42: =$E$16*I42 -> 53.714286 | X42: =$E$17*I42 -> 50.133333 | Y42: =$E$18*I42 -> 47 | AC42: =L42/$AB$2 -> 125.33333 | AD42: =M42/$AB$2 -> 94 | AE42: =N42/$AB$2 -> 75.2 | AF42: =O42/$AB$2 -> 62.666667 | AG42: =P42/$AB$2 -> 53.714286 | AH42: =Q42/$AB$2 -> 47 | AI42: =R42/$AB$2 -> 41.777778 | AJ42: =S42/$AB$2 -> 37.6 | ... AP42: =Y42/$AB$2 -> 23.5 | AR42: =K42/$AR$2 -> 94 | AS42: =L42/$AR$2 -> 62.666667 | AT42: =M42/$AR$2 -> 47 | AU42: =N42/$AR$2 -> 37.6 | AV42: =O42/$AR$2 -> 31.333333 | AW42: =P42/$AR$2 -> 26.857143 | AX42: =Q42/$AR$2 -> 23.5 | AY42: =R42/$AR$2 -> 20.888889 | ... BF42: =Y42/$AR$2 -> 11.75 | BG42: =J42/$BH$2 -> 125.33333 | BH42: =K42/$BH$2 -> 62.666667 | BI42: =L42/$BH$2 -> 41.777778 | BJ42: =M42/$BH$2 -> 31.333333 | BK42: =N42/$BH$2 -> 25.066667 | BL42: =O42/$BH$2 -> 20.888889 | BM42: =P42/$BH$2 -> 17.904762 | BN42: =Q42/$BH$2 -> 15.666667 | ... BV42: =Y42/$BH$2 -> 7.8333333 | BW42: =J42/$BX$2 -> 94 | BX42: =K42/$BX$2 -> 47 | BY42: =L42/$BX$2 -> 31.333333 | BZ42: =M42/$BX$2 -> 23.5 | CA42: =N42/$BX$2 -> 18.8 | CB42: =O42/$BX$2 -> 15.666667 | CC42: =P42/$BX$2 -> 13.428571 | CD42: =Q42/$BX$2 -> 11.75 | ... CL42: =Y42/$BX$2 -> 5.875
I43: 48 | J43: =$E$3*I43 -> 768 | K43: =$E$4*I43 -> 384 | L43: =$E$5*I43 -> 256 | M43: =$E$6*I43 -> 192 | N43: =$E$7*I43 -> 153.6 | O43: =$E$8*I43 -> 128 | P43: =$E$9*I43 -> 109.71429 | Q43: =$E$10*I43 -> 96 | R43: =$E$11*I43 -> 85.333333 | S43: =$E$12*I43 -> 76.8 | T43: =$E$13*I43 -> 69.818182 | U43: =$E$14*I43 -> 64 | V43: =$E$15*I43 -> 59.076923 | W43: =$E$16*I43 -> 54.857143 | X43: =$E$17*I43 -> 51.2 | Y43: =$E$18*I43 -> 48 | AC43: =L43/$AB$2 -> 128 | AD43: =M43/$AB$2 -> 96 | AE43: =N43/$AB$2 -> 76.8 | AF43: =O43/$AB$2 -> 64 | AG43: =P43/$AB$2 -> 54.857143 | AH43: =Q43/$AB$2 -> 48 | AI43: =R43/$AB$2 -> 42.666667 | AJ43: =S43/$AB$2 -> 38.4 | ... AP43: =Y43/$AB$2 -> 24 | AR43: =K43/$AR$2 -> 96 | AS43: =L43/$AR$2 -> 64 | AT43: =M43/$AR$2 -> 48 | AU43: =N43/$AR$2 -> 38.4 | AV43: =O43/$AR$2 -> 32 | AW43: =P43/$AR$2 -> 27.428571 | AX43: =Q43/$AR$2 -> 24 | AY43: =R43/$AR$2 -> 21.333333 | ... BF43: =Y43/$AR$2 -> 12 | BG43: =J43/$BH$2 -> 128 | BH43: =K43/$BH$2 -> 64 | BI43: =L43/$BH$2 -> 42.666667 | BJ43: =M43/$BH$2 -> 32 | BK43: =N43/$BH$2 -> 25.6 | BL43: =O43/$BH$2 -> 21.333333 | BM43: =P43/$BH$2 -> 18.285714 | BN43: =Q43/$BH$2 -> 16 | ... BV43: =Y43/$BH$2 -> 8 | BW43: =J43/$BX$2 -> 96 | BX43: =K43/$BX$2 -> 48 | BY43: =L43/$BX$2 -> 32 | BZ43: =M43/$BX$2 -> 24 | CA43: =N43/$BX$2 -> 19.2 | CB43: =O43/$BX$2 -> 16 | CC43: =P43/$BX$2 -> 13.714286 | CD43: =Q43/$BX$2 -> 12 | ... CL43: =Y43/$BX$2 -> 6
I44: 49 | J44: =$E$3*I44 -> 784 | K44: =$E$4*I44 -> 392 | L44: =$E$5*I44 -> 261.33333 | M44: =$E$6*I44 -> 196 | N44: =$E$7*I44 -> 156.8 | O44: =$E$8*I44 -> 130.66667 | P44: =$E$9*I44 -> 112 | Q44: =$E$10*I44 -> 98 | R44: =$E$11*I44 -> 87.111111 | S44: =$E$12*I44 -> 78.4 | T44: =$E$13*I44 -> 71.272727 | U44: =$E$14*I44 -> 65.333333 | V44: =$E$15*I44 -> 60.307692 | W44: =$E$16*I44 -> 56 | X44: =$E$17*I44 -> 52.266667 | Y44: =$E$18*I44 -> 49 | AC44: =L44/$AB$2 -> 130.66667 | AD44: =M44/$AB$2 -> 98 | AE44: =N44/$AB$2 -> 78.4 | AF44: =O44/$AB$2 -> 65.333333 | AG44: =P44/$AB$2 -> 56 | AH44: =Q44/$AB$2 -> 49 | AI44: =R44/$AB$2 -> 43.555556 | AJ44: =S44/$AB$2 -> 39.2 | ... AP44: =Y44/$AB$2 -> 24.5 | AR44: =K44/$AR$2 -> 98 | AS44: =L44/$AR$2 -> 65.333333 | AT44: =M44/$AR$2 -> 49 | AU44: =N44/$AR$2 -> 39.2 | AV44: =O44/$AR$2 -> 32.666667 | AW44: =P44/$AR$2 -> 28 | AX44: =Q44/$AR$2 -> 24.5 | AY44: =R44/$AR$2 -> 21.777778 | ... BF44: =Y44/$AR$2 -> 12.25 | BG44: =J44/$BH$2 -> 130.66667 | BH44: =K44/$BH$2 -> 65.333333 | BI44: =L44/$BH$2 -> 43.555556 | BJ44: =M44/$BH$2 -> 32.666667 | BK44: =N44/$BH$2 -> 26.133333 | BL44: =O44/$BH$2 -> 21.777778 | BM44: =P44/$BH$2 -> 18.666667 | BN44: =Q44/$BH$2 -> 16.333333 | ... BV44: =Y44/$BH$2 -> 8.1666667 | BW44: =J44/$BX$2 -> 98 | BX44: =K44/$BX$2 -> 49 | BY44: =L44/$BX$2 -> 32.666667 | BZ44: =M44/$BX$2 -> 24.5 | CA44: =N44/$BX$2 -> 19.6 | CB44: =O44/$BX$2 -> 16.333333 | CC44: =P44/$BX$2 -> 14 | CD44: =Q44/$BX$2 -> 12.25 | ... CL44: =Y44/$BX$2 -> 6.125
I45: 50 | J45: =$E$3*I45 -> 800 | K45: =$E$4*I45 -> 400 | L45: =$E$5*I45 -> 266.66667 | M45: =$E$6*I45 -> 200 | N45: =$E$7*I45 -> 160 | O45: =$E$8*I45 -> 133.33333 | P45: =$E$9*I45 -> 114.28571 | Q45: =$E$10*I45 -> 100 | R45: =$E$11*I45 -> 88.888889 | S45: =$E$12*I45 -> 80 | T45: =$E$13*I45 -> 72.727273 | U45: =$E$14*I45 -> 66.666667 | V45: =$E$15*I45 -> 61.538462 | W45: =$E$16*I45 -> 57.142857 | X45: =$E$17*I45 -> 53.333333 | Y45: =$E$18*I45 -> 50 | AC45: =L45/$AB$2 -> 133.33333 | AD45: =M45/$AB$2 -> 100 | AE45: =N45/$AB$2 -> 80 | AF45: =O45/$AB$2 -> 66.666667 | AG45: =P45/$AB$2 -> 57.142857 | AH45: =Q45/$AB$2 -> 50 | AI45: =R45/$AB$2 -> 44.444444 | AJ45: =S45/$AB$2 -> 40 | ... AP45: =Y45/$AB$2 -> 25 | AR45: =K45/$AR$2 -> 100 | AS45: =L45/$AR$2 -> 66.666667 | AT45: =M45/$AR$2 -> 50 | AU45: =N45/$AR$2 -> 40 | AV45: =O45/$AR$2 -> 33.333333 | AW45: =P45/$AR$2 -> 28.571429 | AX45: =Q45/$AR$2 -> 25 | AY45: =R45/$AR$2 -> 22.222222 | ... BF45: =Y45/$AR$2 -> 12.5 | BG45: =J45/$BH$2 -> 133.33333 | BH45: =K45/$BH$2 -> 66.666667 | BI45: =L45/$BH$2 -> 44.444444 | BJ45: =M45/$BH$2 -> 33.333333 | BK45: =N45/$BH$2 -> 26.666667 | BL45: =O45/$BH$2 -> 22.222222 | BM45: =P45/$BH$2 -> 19.047619 | BN45: =Q45/$BH$2 -> 16.666667 | ... BV45: =Y45/$BH$2 -> 8.3333333 | BW45: =J45/$BX$2 -> 100 | BX45: =K45/$BX$2 -> 50 | BY45: =L45/$BX$2 -> 33.333333 | BZ45: =M45/$BX$2 -> 25 | CA45: =N45/$BX$2 -> 20 | CB45: =O45/$BX$2 -> 16.666667 | CC45: =P45/$BX$2 -> 14.285714 | CD45: =Q45/$BX$2 -> 12.5 | ... CL45: =Y45/$BX$2 -> 6.25
I46: 51 | J46: =$E$3*I46 -> 816 | K46: =$E$4*I46 -> 408 | L46: =$E$5*I46 -> 272 | M46: =$E$6*I46 -> 204 | N46: =$E$7*I46 -> 163.2 | O46: =$E$8*I46 -> 136 | P46: =$E$9*I46 -> 116.57143 | Q46: =$E$10*I46 -> 102 | R46: =$E$11*I46 -> 90.666667 | S46: =$E$12*I46 -> 81.6 | T46: =$E$13*I46 -> 74.181818 | U46: =$E$14*I46 -> 68 | V46: =$E$15*I46 -> 62.769231 | W46: =$E$16*I46 -> 58.285714 | X46: =$E$17*I46 -> 54.4 | Y46: =$E$18*I46 -> 51 | AC46: =L46/$AB$2 -> 136 | AD46: =M46/$AB$2 -> 102 | AE46: =N46/$AB$2 -> 81.6 | AF46: =O46/$AB$2 -> 68 | AG46: =P46/$AB$2 -> 58.285714 | AH46: =Q46/$AB$2 -> 51 | AI46: =R46/$AB$2 -> 45.333333 | AJ46: =S46/$AB$2 -> 40.8 | ... AP46: =Y46/$AB$2 -> 25.5 | AR46: =K46/$AR$2 -> 102 | AS46: =L46/$AR$2 -> 68 | AT46: =M46/$AR$2 -> 51 | AU46: =N46/$AR$2 -> 40.8 | AV46: =O46/$AR$2 -> 34 | AW46: =P46/$AR$2 -> 29.142857 | AX46: =Q46/$AR$2 -> 25.5 | AY46: =R46/$AR$2 -> 22.666667 | ... BF46: =Y46/$AR$2 -> 12.75 | BG46: =J46/$BH$2 -> 136 | BH46: =K46/$BH$2 -> 68 | BI46: =L46/$BH$2 -> 45.333333 | BJ46: =M46/$BH$2 -> 34 | BK46: =N46/$BH$2 -> 27.2 | BL46: =O46/$BH$2 -> 22.666667 | BM46: =P46/$BH$2 -> 19.428571 | BN46: =Q46/$BH$2 -> 17 | ... BV46: =Y46/$BH$2 -> 8.5 | BW46: =J46/$BX$2 -> 102 | BX46: =K46/$BX$2 -> 51 | BY46: =L46/$BX$2 -> 34 | BZ46: =M46/$BX$2 -> 25.5 | CA46: =N46/$BX$2 -> 20.4 | CB46: =O46/$BX$2 -> 17 | CC46: =P46/$BX$2 -> 14.571429 | CD46: =Q46/$BX$2 -> 12.75 | ... CL46: =Y46/$BX$2 -> 6.375
I47: 52 | J47: =$E$3*I47 -> 832 | K47: =$E$4*I47 -> 416 | L47: =$E$5*I47 -> 277.33333 | M47: =$E$6*I47 -> 208 | N47: =$E$7*I47 -> 166.4 | O47: =$E$8*I47 -> 138.66667 | P47: =$E$9*I47 -> 118.85714 | Q47: =$E$10*I47 -> 104 | R47: =$E$11*I47 -> 92.444444 | S47: =$E$12*I47 -> 83.2 | T47: =$E$13*I47 -> 75.636364 | U47: =$E$14*I47 -> 69.333333 | V47: =$E$15*I47 -> 64 | W47: =$E$16*I47 -> 59.428571 | X47: =$E$17*I47 -> 55.466667 | Y47: =$E$18*I47 -> 52 | AC47: =L47/$AB$2 -> 138.66667 | AD47: =M47/$AB$2 -> 104 | AE47: =N47/$AB$2 -> 83.2 | AF47: =O47/$AB$2 -> 69.333333 | AG47: =P47/$AB$2 -> 59.428571 | AH47: =Q47/$AB$2 -> 52 | AI47: =R47/$AB$2 -> 46.222222 | AJ47: =S47/$AB$2 -> 41.6 | ... AP47: =Y47/$AB$2 -> 26 | AR47: =K47/$AR$2 -> 104 | AS47: =L47/$AR$2 -> 69.333333 | AT47: =M47/$AR$2 -> 52 | AU47: =N47/$AR$2 -> 41.6 | AV47: =O47/$AR$2 -> 34.666667 | AW47: =P47/$AR$2 -> 29.714286 | AX47: =Q47/$AR$2 -> 26 | AY47: =R47/$AR$2 -> 23.111111 | ... BF47: =Y47/$AR$2 -> 13 | BG47: =J47/$BH$2 -> 138.66667 | BH47: =K47/$BH$2 -> 69.333333 | BI47: =L47/$BH$2 -> 46.222222 | BJ47: =M47/$BH$2 -> 34.666667 | BK47: =N47/$BH$2 -> 27.733333 | BL47: =O47/$BH$2 -> 23.111111 | BM47: =P47/$BH$2 -> 19.809524 | BN47: =Q47/$BH$2 -> 17.333333 | ... BV47: =Y47/$BH$2 -> 8.6666667 | BW47: =J47/$BX$2 -> 104 | BX47: =K47/$BX$2 -> 52 | BY47: =L47/$BX$2 -> 34.666667 | BZ47: =M47/$BX$2 -> 26 | CA47: =N47/$BX$2 -> 20.8 | CB47: =O47/$BX$2 -> 17.333333 | CC47: =P47/$BX$2 -> 14.857143 | CD47: =Q47/$BX$2 -> 13 | ... CL47: =Y47/$BX$2 -> 6.5
I48: 53 | J48: =$E$3*I48 -> 848 | K48: =$E$4*I48 -> 424 | L48: =$E$5*I48 -> 282.66667 | M48: =$E$6*I48 -> 212 | N48: =$E$7*I48 -> 169.6 | O48: =$E$8*I48 -> 141.33333 | P48: =$E$9*I48 -> 121.14286 | Q48: =$E$10*I48 -> 106 | R48: =$E$11*I48 -> 94.222222 | S48: =$E$12*I48 -> 84.8 | T48: =$E$13*I48 -> 77.090909 | U48: =$E$14*I48 -> 70.666667 | V48: =$E$15*I48 -> 65.230769 | W48: =$E$16*I48 -> 60.571429 | X48: =$E$17*I48 -> 56.533333 | Y48: =$E$18*I48 -> 53 | AC48: =L48/$AB$2 -> 141.33333 | AD48: =M48/$AB$2 -> 106 | AE48: =N48/$AB$2 -> 84.8 | AF48: =O48/$AB$2 -> 70.666667 | AG48: =P48/$AB$2 -> 60.571429 | AH48: =Q48/$AB$2 -> 53 | AI48: =R48/$AB$2 -> 47.111111 | AJ48: =S48/$AB$2 -> 42.4 | ... AP48: =Y48/$AB$2 -> 26.5 | AR48: =K48/$AR$2 -> 106 | AS48: =L48/$AR$2 -> 70.666667 | AT48: =M48/$AR$2 -> 53 | AU48: =N48/$AR$2 -> 42.4 | AV48: =O48/$AR$2 -> 35.333333 | AW48: =P48/$AR$2 -> 30.285714 | AX48: =Q48/$AR$2 -> 26.5 | AY48: =R48/$AR$2 -> 23.555556 | ... BF48: =Y48/$AR$2 -> 13.25 | BG48: =J48/$BH$2 -> 141.33333 | BH48: =K48/$BH$2 -> 70.666667 | BI48: =L48/$BH$2 -> 47.111111 | BJ48: =M48/$BH$2 -> 35.333333 | BK48: =N48/$BH$2 -> 28.266667 | BL48: =O48/$BH$2 -> 23.555556 | BM48: =P48/$BH$2 -> 20.190476 | BN48: =Q48/$BH$2 -> 17.666667 | ... BV48: =Y48/$BH$2 -> 8.8333333 | BW48: =J48/$BX$2 -> 106 | BX48: =K48/$BX$2 -> 53 | BY48: =L48/$BX$2 -> 35.333333 | BZ48: =M48/$BX$2 -> 26.5 | CA48: =N48/$BX$2 -> 21.2 | CB48: =O48/$BX$2 -> 17.666667 | CC48: =P48/$BX$2 -> 15.142857 | CD48: =Q48/$BX$2 -> 13.25 | ... CL48: =Y48/$BX$2 -> 6.625
I49: 54 | J49: =$E$3*I49 -> 864 | K49: =$E$4*I49 -> 432 | L49: =$E$5*I49 -> 288 | M49: =$E$6*I49 -> 216 | N49: =$E$7*I49 -> 172.8 | O49: =$E$8*I49 -> 144 | P49: =$E$9*I49 -> 123.42857 | Q49: =$E$10*I49 -> 108 | R49: =$E$11*I49 -> 96 | S49: =$E$12*I49 -> 86.4 | T49: =$E$13*I49 -> 78.545455 | U49: =$E$14*I49 -> 72 | V49: =$E$15*I49 -> 66.461538 | W49: =$E$16*I49 -> 61.714286 | X49: =$E$17*I49 -> 57.6 | Y49: =$E$18*I49 -> 54 | AC49: =L49/$AB$2 -> 144 | AD49: =M49/$AB$2 -> 108 | AE49: =N49/$AB$2 -> 86.4 | AF49: =O49/$AB$2 -> 72 | AG49: =P49/$AB$2 -> 61.714286 | AH49: =Q49/$AB$2 -> 54 | AI49: =R49/$AB$2 -> 48 | AJ49: =S49/$AB$2 -> 43.2 | ... AP49: =Y49/$AB$2 -> 27 | AR49: =K49/$AR$2 -> 108 | AS49: =L49/$AR$2 -> 72 | AT49: =M49/$AR$2 -> 54 | AU49: =N49/$AR$2 -> 43.2 | AV49: =O49/$AR$2 -> 36 | AW49: =P49/$AR$2 -> 30.857143 | AX49: =Q49/$AR$2 -> 27 | AY49: =R49/$AR$2 -> 24 | ... BF49: =Y49/$AR$2 -> 13.5 | BG49: =J49/$BH$2 -> 144 | BH49: =K49/$BH$2 -> 72 | BI49: =L49/$BH$2 -> 48 | BJ49: =M49/$BH$2 -> 36 | BK49: =N49/$BH$2 -> 28.8 | BL49: =O49/$BH$2 -> 24 | BM49: =P49/$BH$2 -> 20.571429 | BN49: =Q49/$BH$2 -> 18 | ... BV49: =Y49/$BH$2 -> 9 | BW49: =J49/$BX$2 -> 108 | BX49: =K49/$BX$2 -> 54 | BY49: =L49/$BX$2 -> 36 | BZ49: =M49/$BX$2 -> 27 | CA49: =N49/$BX$2 -> 21.6 | CB49: =O49/$BX$2 -> 18 | CC49: =P49/$BX$2 -> 15.428571 | CD49: =Q49/$BX$2 -> 13.5 | ... CL49: =Y49/$BX$2 -> 6.75
... I58: 63 | J58: =$E$3*I58 -> 1008 | K58: =$E$4*I58 -> 504 | L58: =$E$5*I58 -> 336 | M58: =$E$6*I58 -> 252 | N58: =$E$7*I58 -> 201.6 | O58: =$E$8*I58 -> 168 | P58: =$E$9*I58 -> 144 | Q58: =$E$10*I58 -> 126 | R58: =$E$11*I58 -> 112 | S58: =$E$12*I58 -> 100.8 | T58: =$E$13*I58 -> 91.636364 | U58: =$E$14*I58 -> 84 | V58: =$E$15*I58 -> 77.538462 | W58: =$E$16*I58 -> 72 | X58: =$E$17*I58 -> 67.2 | Y58: =$E$18*I58 -> 63 | AC58: =L58/$AB$2 -> 168 | AD58: =M58/$AB$2 -> 126 | AE58: =N58/$AB$2 -> 100.8 | AF58: =O58/$AB$2 -> 84 | AG58: =P58/$AB$2 -> 72 | AH58: =Q58/$AB$2 -> 63 | AI58: =R58/$AB$2 -> 56 | AJ58: =S58/$AB$2 -> 50.4 | ... AP58: =Y58/$AB$2 -> 31.5 | AR58: =K58/$AR$2 -> 126 | AS58: =L58/$AR$2 -> 84 | AT58: =M58/$AR$2 -> 63 | AU58: =N58/$AR$2 -> 50.4 | AV58: =O58/$AR$2 -> 42 | AW58: =P58/$AR$2 -> 36 | AX58: =Q58/$AR$2 -> 31.5 | AY58: =R58/$AR$2 -> 28 | ... BF58: =Y58/$AR$2 -> 15.75 | BG58: =J58/$BH$2 -> 168 | BH58: =K58/$BH$2 -> 84 | BI58: =L58/$BH$2 -> 56 | BJ58: =M58/$BH$2 -> 42 | BK58: =N58/$BH$2 -> 33.6 | BL58: =O58/$BH$2 -> 28 | BM58: =P58/$BH$2 -> 24 | BN58: =Q58/$BH$2 -> 21 | ... BV58: =Y58/$BH$2 -> 10.5 | BW58: =J58/$BX$2 -> 126 | BX58: =K58/$BX$2 -> 63 | BY58: =L58/$BX$2 -> 42 | BZ58: =M58/$BX$2 -> 31.5 | CA58: =N58/$BX$2 -> 25.2 | CB58: =O58/$BX$2 -> 21 | CC58: =P58/$BX$2 -> 18 | CD58: =Q58/$BX$2 -> 15.75 | ... CL58: =Y58/$BX$2 -> 7.875
I59: 64 | J59: =$E$3*I59 -> 1024 | K59: =$E$4*I59 -> 512 | L59: =$E$5*I59 -> 341.33333 | M59: =$E$6*I59 -> 256 | N59: =$E$7*I59 -> 204.8 | O59: =$E$8*I59 -> 170.66667 | P59: =$E$9*I59 -> 146.28571 | Q59: =$E$10*I59 -> 128 | R59: =$E$11*I59 -> 113.77778 | S59: =$E$12*I59 -> 102.4 | T59: =$E$13*I59 -> 93.090909 | U59: =$E$14*I59 -> 85.333333 | V59: =$E$15*I59 -> 78.769231 | W59: =$E$16*I59 -> 73.142857 | X59: =$E$17*I59 -> 68.266667 | Y59: =$E$18*I59 -> 64 | AD59: =M59/$AB$2 -> 128 | AE59: =N59/$AB$2 -> 102.4 | AF59: =O59/$AB$2 -> 85.333333 | AG59: =P59/$AB$2 -> 73.142857 | AH59: =Q59/$AB$2 -> 64 | AI59: =R59/$AB$2 -> 56.888889 | AJ59: =S59/$AB$2 -> 51.2 | AK59: =T59/$AB$2 -> 46.545455 | ... AP59: =Y59/$AB$2 -> 32 | AR59: =K59/$AR$2 -> 128 | AS59: =L59/$AR$2 -> 85.333333 | AT59: =M59/$AR$2 -> 64 | AU59: =N59/$AR$2 -> 51.2 | AV59: =O59/$AR$2 -> 42.666667 | AW59: =P59/$AR$2 -> 36.571429 | AX59: =Q59/$AR$2 -> 32 | AY59: =R59/$AR$2 -> 28.444444 | ... BF59: =Y59/$AR$2 -> 16 | BH59: =K59/$BH$2 -> 85.333333 | BI59: =L59/$BH$2 -> 56.888889 | BJ59: =M59/$BH$2 -> 42.666667 | BK59: =N59/$BH$2 -> 34.133333 | BL59: =O59/$BH$2 -> 28.444444 | BM59: =P59/$BH$2 -> 24.380952 | BN59: =Q59/$BH$2 -> 21.333333 | BO59: =R59/$BH$2 -> 18.962963 | ... BV59: =Y59/$BH$2 -> 10.666667 | BW59: =J59/$BX$2 -> 128 | BX59: =K59/$BX$2 -> 64 | BY59: =L59/$BX$2 -> 42.666667 | BZ59: =M59/$BX$2 -> 32 | CA59: =N59/$BX$2 -> 25.6 | CB59: =O59/$BX$2 -> 21.333333 | CC59: =P59/$BX$2 -> 18.285714 | CD59: =Q59/$BX$2 -> 16 | ... CL59: =Y59/$BX$2 -> 8
I60: 65 | J60: =$E$3*I60 -> 1040 | K60: =$E$4*I60 -> 520 | L60: =$E$5*I60 -> 346.66667 | M60: =$E$6*I60 -> 260 | N60: =$E$7*I60 -> 208 | O60: =$E$8*I60 -> 173.33333 | P60: =$E$9*I60 -> 148.57143 | Q60: =$E$10*I60 -> 130 | R60: =$E$11*I60 -> 115.55556 | S60: =$E$12*I60 -> 104 | T60: =$E$13*I60 -> 94.545455 | U60: =$E$14*I60 -> 86.666667 | V60: =$E$15*I60 -> 80 | W60: =$E$16*I60 -> 74.285714 | X60: =$E$17*I60 -> 69.333333 | Y60: =$E$18*I60 -> 65 | AD60: =M60/$AB$2 -> 130 | AE60: =N60/$AB$2 -> 104 | AF60: =O60/$AB$2 -> 86.666667 | AG60: =P60/$AB$2 -> 74.285714 | AH60: =Q60/$AB$2 -> 65 | AI60: =R60/$AB$2 -> 57.777778 | AJ60: =S60/$AB$2 -> 52 | AK60: =T60/$AB$2 -> 47.272727 | ... AP60: =Y60/$AB$2 -> 32.5 | AR60: =K60/$AR$2 -> 130 | AS60: =L60/$AR$2 -> 86.666667 | AT60: =M60/$AR$2 -> 65 | AU60: =N60/$AR$2 -> 52 | AV60: =O60/$AR$2 -> 43.333333 | AW60: =P60/$AR$2 -> 37.142857 | AX60: =Q60/$AR$2 -> 32.5 | AY60: =R60/$AR$2 -> 28.888889 | ... BF60: =Y60/$AR$2 -> 16.25 | BH60: =K60/$BH$2 -> 86.666667 | BI60: =L60/$BH$2 -> 57.777778 | BJ60: =M60/$BH$2 -> 43.333333 | BK60: =N60/$BH$2 -> 34.666667 | BL60: =O60/$BH$2 -> 28.888889 | BM60: =P60/$BH$2 -> 24.761905 | BN60: =Q60/$BH$2 -> 21.666667 | BO60: =R60/$BH$2 -> 19.259259 | ... BV60: =Y60/$BH$2 -> 10.833333 | BW60: =J60/$BX$2 -> 130 | BX60: =K60/$BX$2 -> 65 | BY60: =L60/$BX$2 -> 43.333333 | BZ60: =M60/$BX$2 -> 32.5 | CA60: =N60/$BX$2 -> 26 | CB60: =O60/$BX$2 -> 21.666667 | CC60: =P60/$BX$2 -> 18.571429 | CD60: =Q60/$BX$2 -> 16.25 | ... CL60: =Y60/$BX$2 -> 8.125
I61: 66 | J61: =$E$3*I61 -> 1056 | K61: =$E$4*I61 -> 528 | L61: =$E$5*I61 -> 352 | M61: =$E$6*I61 -> 264 | N61: =$E$7*I61 -> 211.2 | O61: =$E$8*I61 -> 176 | P61: =$E$9*I61 -> 150.85714 | Q61: =$E$10*I61 -> 132 | R61: =$E$11*I61 -> 117.33333 | S61: =$E$12*I61 -> 105.6 | T61: =$E$13*I61 -> 96 | U61: =$E$14*I61 -> 88 | V61: =$E$15*I61 -> 81.230769 | W61: =$E$16*I61 -> 75.428571 | X61: =$E$17*I61 -> 70.4 | Y61: =$E$18*I61 -> 66 | AD61: =M61/$AB$2 -> 132 | AE61: =N61/$AB$2 -> 105.6 | AF61: =O61/$AB$2 -> 88 | AG61: =P61/$AB$2 -> 75.428571 | AH61: =Q61/$AB$2 -> 66 | AI61: =R61/$AB$2 -> 58.666667 | AJ61: =S61/$AB$2 -> 52.8 | AK61: =T61/$AB$2 -> 48 | ... AP61: =Y61/$AB$2 -> 33 | AR61: =K61/$AR$2 -> 132 | AS61: =L61/$AR$2 -> 88 | AT61: =M61/$AR$2 -> 66 | AU61: =N61/$AR$2 -> 52.8 | AV61: =O61/$AR$2 -> 44 | AW61: =P61/$AR$2 -> 37.714286 | AX61: =Q61/$AR$2 -> 33 | AY61: =R61/$AR$2 -> 29.333333 | ... BF61: =Y61/$AR$2 -> 16.5 | BH61: =K61/$BH$2 -> 88 | BI61: =L61/$BH$2 -> 58.666667 | BJ61: =M61/$BH$2 -> 44 | BK61: =N61/$BH$2 -> 35.2 | BL61: =O61/$BH$2 -> 29.333333 | BM61: =P61/$BH$2 -> 25.142857 | BN61: =Q61/$BH$2 -> 22 | BO61: =R61/$BH$2 -> 19.555556 | ... BV61: =Y61/$BH$2 -> 11 | BW61: =J61/$BX$2 -> 132 | BX61: =K61/$BX$2 -> 66 | BY61: =L61/$BX$2 -> 44 | BZ61: =M61/$BX$2 -> 33 | CA61: =N61/$BX$2 -> 26.4 | CB61: =O61/$BX$2 -> 22 | CC61: =P61/$BX$2 -> 18.857143 | CD61: =Q61/$BX$2 -> 16.5 | ... CL61: =Y61/$BX$2 -> 8.25
I62: 67 | J62: =$E$3*I62 -> 1072 | K62: =$E$4*I62 -> 536 | L62: =$E$5*I62 -> 357.33333 | M62: =$E$6*I62 -> 268 | N62: =$E$7*I62 -> 214.4 | O62: =$E$8*I62 -> 178.66667 | P62: =$E$9*I62 -> 153.14286 | Q62: =$E$10*I62 -> 134 | R62: =$E$11*I62 -> 119.11111 | S62: =$E$12*I62 -> 107.2 | T62: =$E$13*I62 -> 97.454545 | U62: =$E$14*I62 -> 89.333333 | V62: =$E$15*I62 -> 82.461538 | W62: =$E$16*I62 -> 76.571429 | X62: =$E$17*I62 -> 71.466667 | Y62: =$E$18*I62 -> 67 | AD62: =M62/$AB$2 -> 134 | AE62: =N62/$AB$2 -> 107.2 | AF62: =O62/$AB$2 -> 89.333333 | AG62: =P62/$AB$2 -> 76.571429 | AH62: =Q62/$AB$2 -> 67 | AI62: =R62/$AB$2 -> 59.555556 | AJ62: =S62/$AB$2 -> 53.6 | AK62: =T62/$AB$2 -> 48.727273 | ... AP62: =Y62/$AB$2 -> 33.5 | AR62: =K62/$AR$2 -> 134 | AS62: =L62/$AR$2 -> 89.333333 | AT62: =M62/$AR$2 -> 67 | AU62: =N62/$AR$2 -> 53.6 | AV62: =O62/$AR$2 -> 44.666667 | AW62: =P62/$AR$2 -> 38.285714 | AX62: =Q62/$AR$2 -> 33.5 | AY62: =R62/$AR$2 -> 29.777778 | ... BF62: =Y62/$AR$2 -> 16.75 | BH62: =K62/$BH$2 -> 89.333333 | BI62: =L62/$BH$2 -> 59.555556 | BJ62: =M62/$BH$2 -> 44.666667 | BK62: =N62/$BH$2 -> 35.733333 | BL62: =O62/$BH$2 -> 29.777778 | BM62: =P62/$BH$2 -> 25.52381 | BN62: =Q62/$BH$2 -> 22.333333 | BO62: =R62/$BH$2 -> 19.851852 | ... BV62: =Y62/$BH$2 -> 11.166667 | BW62: =J62/$BX$2 -> 134 | BX62: =K62/$BX$2 -> 67 | BY62: =L62/$BX$2 -> 44.666667 | BZ62: =M62/$BX$2 -> 33.5 | CA62: =N62/$BX$2 -> 26.8 | CB62: =O62/$BX$2 -> 22.333333 | CC62: =P62/$BX$2 -> 19.142857 | CD62: =Q62/$BX$2 -> 16.75 | ... CL62: =Y62/$BX$2 -> 8.375
I63: 68 | J63: =$E$3*I63 -> 1088 | K63: =$E$4*I63 -> 544 | L63: =$E$5*I63 -> 362.66667 | M63: =$E$6*I63 -> 272 | N63: =$E$7*I63 -> 217.6 | O63: =$E$8*I63 -> 181.33333 | P63: =$E$9*I63 -> 155.42857 | Q63: =$E$10*I63 -> 136 | R63: =$E$11*I63 -> 120.88889 | S63: =$E$12*I63 -> 108.8 | T63: =$E$13*I63 -> 98.909091 | U63: =$E$14*I63 -> 90.666667 | V63: =$E$15*I63 -> 83.692308 | W63: =$E$16*I63 -> 77.714286 | X63: =$E$17*I63 -> 72.533333 | Y63: =$E$18*I63 -> 68 | AD63: =M63/$AB$2 -> 136 | AE63: =N63/$AB$2 -> 108.8 | AF63: =O63/$AB$2 -> 90.666667 | AG63: =P63/$AB$2 -> 77.714286 | AH63: =Q63/$AB$2 -> 68 | AI63: =R63/$AB$2 -> 60.444444 | AJ63: =S63/$AB$2 -> 54.4 | AK63: =T63/$AB$2 -> 49.454545 | ... AP63: =Y63/$AB$2 -> 34 | AR63: =K63/$AR$2 -> 136 | AS63: =L63/$AR$2 -> 90.666667 | AT63: =M63/$AR$2 -> 68 | AU63: =N63/$AR$2 -> 54.4 | AV63: =O63/$AR$2 -> 45.333333 | AW63: =P63/$AR$2 -> 38.857143 | AX63: =Q63/$AR$2 -> 34 | AY63: =R63/$AR$2 -> 30.222222 | ... BF63: =Y63/$AR$2 -> 17 | BH63: =K63/$BH$2 -> 90.666667 | BI63: =L63/$BH$2 -> 60.444444 | BJ63: =M63/$BH$2 -> 45.333333 | BK63: =N63/$BH$2 -> 36.266667 | BL63: =O63/$BH$2 -> 30.222222 | BM63: =P63/$BH$2 -> 25.904762 | BN63: =Q63/$BH$2 -> 22.666667 | BO63: =R63/$BH$2 -> 20.148148 | ... BV63: =Y63/$BH$2 -> 11.333333 | BW63: =J63/$BX$2 -> 136 | BX63: =K63/$BX$2 -> 68 | BY63: =L63/$BX$2 -> 45.333333 | BZ63: =M63/$BX$2 -> 34 | CA63: =N63/$BX$2 -> 27.2 | CB63: =O63/$BX$2 -> 22.666667 | CC63: =P63/$BX$2 -> 19.428571 | CD63: =Q63/$BX$2 -> 17 | ... CL63: =Y63/$BX$2 -> 8.5
I64: 69 | J64: =$E$3*I64 -> 1104 | K64: =$E$4*I64 -> 552 | L64: =$E$5*I64 -> 368 | M64: =$E$6*I64 -> 276 | N64: =$E$7*I64 -> 220.8 | O64: =$E$8*I64 -> 184 | P64: =$E$9*I64 -> 157.71429 | Q64: =$E$10*I64 -> 138 | R64: =$E$11*I64 -> 122.66667 | S64: =$E$12*I64 -> 110.4 | T64: =$E$13*I64 -> 100.36364 | U64: =$E$14*I64 -> 92 | V64: =$E$15*I64 -> 84.923077 | W64: =$E$16*I64 -> 78.857143 | X64: =$E$17*I64 -> 73.6 | Y64: =$E$18*I64 -> 69 | AD64: =M64/$AB$2 -> 138 | AE64: =N64/$AB$2 -> 110.4 | AF64: =O64/$AB$2 -> 92 | AG64: =P64/$AB$2 -> 78.857143 | AH64: =Q64/$AB$2 -> 69 | AI64: =R64/$AB$2 -> 61.333333 | AJ64: =S64/$AB$2 -> 55.2 | AK64: =T64/$AB$2 -> 50.181818 | ... AP64: =Y64/$AB$2 -> 34.5 | AR64: =K64/$AR$2 -> 138 | AS64: =L64/$AR$2 -> 92 | AT64: =M64/$AR$2 -> 69 | AU64: =N64/$AR$2 -> 55.2 | AV64: =O64/$AR$2 -> 46 | AW64: =P64/$AR$2 -> 39.428571 | AX64: =Q64/$AR$2 -> 34.5 | AY64: =R64/$AR$2 -> 30.666667 | ... BF64: =Y64/$AR$2 -> 17.25 | BH64: =K64/$BH$2 -> 92 | BI64: =L64/$BH$2 -> 61.333333 | BJ64: =M64/$BH$2 -> 46 | BK64: =N64/$BH$2 -> 36.8 | BL64: =O64/$BH$2 -> 30.666667 | BM64: =P64/$BH$2 -> 26.285714 | BN64: =Q64/$BH$2 -> 23 | BO64: =R64/$BH$2 -> 20.444444 | ... BV64: =Y64/$BH$2 -> 11.5 | BW64: =J64/$BX$2 -> 138 | BX64: =K64/$BX$2 -> 69 | BY64: =L64/$BX$2 -> 46 | BZ64: =M64/$BX$2 -> 34.5 | CA64: =N64/$BX$2 -> 27.6 | CB64: =O64/$BX$2 -> 23 | CC64: =P64/$BX$2 -> 19.714286 | CD64: =Q64/$BX$2 -> 17.25 | ... CL64: =Y64/$BX$2 -> 8.625
I65: 70 | J65: =$E$3*I65 -> 1120 | K65: =$E$4*I65 -> 560 | L65: =$E$5*I65 -> 373.33333 | M65: =$E$6*I65 -> 280 | N65: =$E$7*I65 -> 224 | O65: =$E$8*I65 -> 186.66667 | P65: =$E$9*I65 -> 160 | Q65: =$E$10*I65 -> 140 | R65: =$E$11*I65 -> 124.44444 | S65: =$E$12*I65 -> 112 | T65: =$E$13*I65 -> 101.81818 | U65: =$E$14*I65 -> 93.333333 | V65: =$E$15*I65 -> 86.153846 | W65: =$E$16*I65 -> 80 | X65: =$E$17*I65 -> 74.666667 | Y65: =$E$18*I65 -> 70 | AD65: =M65/$AB$2 -> 140 | AE65: =N65/$AB$2 -> 112 | AF65: =O65/$AB$2 -> 93.333333 | AG65: =P65/$AB$2 -> 80 | AH65: =Q65/$AB$2 -> 70 | AI65: =R65/$AB$2 -> 62.222222 | AJ65: =S65/$AB$2 -> 56 | AK65: =T65/$AB$2 -> 50.909091 | ... AP65: =Y65/$AB$2 -> 35 | AR65: =K65/$AR$2 -> 140 | AS65: =L65/$AR$2 -> 93.333333 | AT65: =M65/$AR$2 -> 70 | AU65: =N65/$AR$2 -> 56 | AV65: =O65/$AR$2 -> 46.666667 | AW65: =P65/$AR$2 -> 40 | AX65: =Q65/$AR$2 -> 35 | AY65: =R65/$AR$2 -> 31.111111 | ... BF65: =Y65/$AR$2 -> 17.5 | BH65: =K65/$BH$2 -> 93.333333 | BI65: =L65/$BH$2 -> 62.222222 | BJ65: =M65/$BH$2 -> 46.666667 | BK65: =N65/$BH$2 -> 37.333333 | BL65: =O65/$BH$2 -> 31.111111 | BM65: =P65/$BH$2 -> 26.666667 | BN65: =Q65/$BH$2 -> 23.333333 | BO65: =R65/$BH$2 -> 20.740741 | ... BV65: =Y65/$BH$2 -> 11.666667 | BW65: =J65/$BX$2 -> 140 | BX65: =K65/$BX$2 -> 70 | BY65: =L65/$BX$2 -> 46.666667 | BZ65: =M65/$BX$2 -> 35 | CA65: =N65/$BX$2 -> 28 | CB65: =O65/$BX$2 -> 23.333333 | CC65: =P65/$BX$2 -> 20 | CD65: =Q65/$BX$2 -> 17.5 | ... CL65: =Y65/$BX$2 -> 8.75
I66: 71 | J66: =$E$3*I66 -> 1136 | K66: =$E$4*I66 -> 568 | L66: =$E$5*I66 -> 378.66667 | M66: =$E$6*I66 -> 284 | N66: =$E$7*I66 -> 227.2 | O66: =$E$8*I66 -> 189.33333 | P66: =$E$9*I66 -> 162.28571 | Q66: =$E$10*I66 -> 142 | R66: =$E$11*I66 -> 126.22222 | S66: =$E$12*I66 -> 113.6 | T66: =$E$13*I66 -> 103.27273 | U66: =$E$14*I66 -> 94.666667 | V66: =$E$15*I66 -> 87.384615 | W66: =$E$16*I66 -> 81.142857 | X66: =$E$17*I66 -> 75.733333 | Y66: =$E$18*I66 -> 71 | AD66: =M66/$AB$2 -> 142 | AE66: =N66/$AB$2 -> 113.6 | AF66: =O66/$AB$2 -> 94.666667 | AG66: =P66/$AB$2 -> 81.142857 | AH66: =Q66/$AB$2 -> 71 | AI66: =R66/$AB$2 -> 63.111111 | AJ66: =S66/$AB$2 -> 56.8 | AK66: =T66/$AB$2 -> 51.636364 | ... AP66: =Y66/$AB$2 -> 35.5 | AR66: =K66/$AR$2 -> 142 | AS66: =L66/$AR$2 -> 94.666667 | AT66: =M66/$AR$2 -> 71 | AU66: =N66/$AR$2 -> 56.8 | AV66: =O66/$AR$2 -> 47.333333 | AW66: =P66/$AR$2 -> 40.571429 | AX66: =Q66/$AR$2 -> 35.5 | AY66: =R66/$AR$2 -> 31.555556 | ... BF66: =Y66/$AR$2 -> 17.75 | BH66: =K66/$BH$2 -> 94.666667 | BI66: =L66/$BH$2 -> 63.111111 | BJ66: =M66/$BH$2 -> 47.333333 | BK66: =N66/$BH$2 -> 37.866667 | BL66: =O66/$BH$2 -> 31.555556 | BM66: =P66/$BH$2 -> 27.047619 | BN66: =Q66/$BH$2 -> 23.666667 | BO66: =R66/$BH$2 -> 21.037037 | ... BV66: =Y66/$BH$2 -> 11.833333 | BW66: =J66/$BX$2 -> 142 | BX66: =K66/$BX$2 -> 71 | BY66: =L66/$BX$2 -> 47.333333 | BZ66: =M66/$BX$2 -> 35.5 | CA66: =N66/$BX$2 -> 28.4 | CB66: =O66/$BX$2 -> 23.666667 | CC66: =P66/$BX$2 -> 20.285714 | CD66: =Q66/$BX$2 -> 17.75 | ... CL66: =Y66/$BX$2 -> 8.875
I67: 72 | J67: =$E$3*I67 -> 1152 | K67: =$E$4*I67 -> 576 | L67: =$E$5*I67 -> 384 | M67: =$E$6*I67 -> 288 | N67: =$E$7*I67 -> 230.4 | O67: =$E$8*I67 -> 192 | P67: =$E$9*I67 -> 164.57143 | Q67: =$E$10*I67 -> 144 | R67: =$E$11*I67 -> 128 | S67: =$E$12*I67 -> 115.2 | T67: =$E$13*I67 -> 104.72727 | U67: =$E$14*I67 -> 96 | V67: =$E$15*I67 -> 88.615385 | W67: =$E$16*I67 -> 82.285714 | X67: =$E$17*I67 -> 76.8 | Y67: =$E$18*I67 -> 72 | AD67: =M67/$AB$2 -> 144 | AE67: =N67/$AB$2 -> 115.2 | AF67: =O67/$AB$2 -> 96 | AG67: =P67/$AB$2 -> 82.285714 | AH67: =Q67/$AB$2 -> 72 | AI67: =R67/$AB$2 -> 64 | AJ67: =S67/$AB$2 -> 57.6 | AK67: =T67/$AB$2 -> 52.363636 | ... AP67: =Y67/$AB$2 -> 36 | AR67: =K67/$AR$2 -> 144 | AS67: =L67/$AR$2 -> 96 | AT67: =M67/$AR$2 -> 72 | AU67: =N67/$AR$2 -> 57.6 | AV67: =O67/$AR$2 -> 48 | AW67: =P67/$AR$2 -> 41.142857 | AX67: =Q67/$AR$2 -> 36 | AY67: =R67/$AR$2 -> 32 | ... BF67: =Y67/$AR$2 -> 18 | BH67: =K67/$BH$2 -> 96 | BI67: =L67/$BH$2 -> 64 | BJ67: =M67/$BH$2 -> 48 | BK67: =N67/$BH$2 -> 38.4 | BL67: =O67/$BH$2 -> 32 | BM67: =P67/$BH$2 -> 27.428571 | BN67: =Q67/$BH$2 -> 24 | BO67: =R67/$BH$2 -> 21.333333 | ... BV67: =Y67/$BH$2 -> 12 | BW67: =J67/$BX$2 -> 144 | BX67: =K67/$BX$2 -> 72 | BY67: =L67/$BX$2 -> 48 | BZ67: =M67/$BX$2 -> 36 | CA67: =N67/$BX$2 -> 28.8 | CB67: =O67/$BX$2 -> 24 | CC67: =P67/$BX$2 -> 20.571429 | CD67: =Q67/$BX$2 -> 18 | ... CL67: =Y67/$BX$2 -> 9
I68: 73 | J68: =$E$3*I68 -> 1168 | K68: =$E$4*I68 -> 584 | L68: =$E$5*I68 -> 389.33333 | M68: =$E$6*I68 -> 292 | N68: =$E$7*I68 -> 233.6 | O68: =$E$8*I68 -> 194.66667 | P68: =$E$9*I68 -> 166.85714 | Q68: =$E$10*I68 -> 146 | R68: =$E$11*I68 -> 129.77778 | S68: =$E$12*I68 -> 116.8 | T68: =$E$13*I68 -> 106.18182 | U68: =$E$14*I68 -> 97.333333 | V68: =$E$15*I68 -> 89.846154 | W68: =$E$16*I68 -> 83.428571 | X68: =$E$17*I68 -> 77.866667 | Y68: =$E$18*I68 -> 73 | AD68: =M68/$AB$2 -> 146 | AE68: =N68/$AB$2 -> 116.8 | AF68: =O68/$AB$2 -> 97.333333 | AG68: =P68/$AB$2 -> 83.428571 | AH68: =Q68/$AB$2 -> 73 | AI68: =R68/$AB$2 -> 64.888889 | AJ68: =S68/$AB$2 -> 58.4 | AK68: =T68/$AB$2 -> 53.090909 | ... AP68: =Y68/$AB$2 -> 36.5 | AR68: =K68/$AR$2 -> 146 | AS68: =L68/$AR$2 -> 97.333333 | AT68: =M68/$AR$2 -> 73 | AU68: =N68/$AR$2 -> 58.4 | AV68: =O68/$AR$2 -> 48.666667 | AW68: =P68/$AR$2 -> 41.714286 | AX68: =Q68/$AR$2 -> 36.5 | AY68: =R68/$AR$2 -> 32.444444 | ... BF68: =Y68/$AR$2 -> 18.25 | BH68: =K68/$BH$2 -> 97.333333 | BI68: =L68/$BH$2 -> 64.888889 | BJ68: =M68/$BH$2 -> 48.666667 | BK68: =N68/$BH$2 -> 38.933333 | BL68: =O68/$BH$2 -> 32.444444 | BM68: =P68/$BH$2 -> 27.809524 | BN68: =Q68/$BH$2 -> 24.333333 | BO68: =R68/$BH$2 -> 21.62963 | ... BV68: =Y68/$BH$2 -> 12.166667 | BW68: =J68/$BX$2 -> 146 | BX68: =K68/$BX$2 -> 73 | BY68: =L68/$BX$2 -> 48.666667 | BZ68: =M68/$BX$2 -> 36.5 | CA68: =N68/$BX$2 -> 29.2 | CB68: =O68/$BX$2 -> 24.333333 | CC68: =P68/$BX$2 -> 20.857143 | CD68: =Q68/$BX$2 -> 18.25 | ... CL68: =Y68/$BX$2 -> 9.125
I69: 74 | J69: =$E$3*I69 -> 1184 | K69: =$E$4*I69 -> 592 | L69: =$E$5*I69 -> 394.66667 | M69: =$E$6*I69 -> 296 | N69: =$E$7*I69 -> 236.8 | O69: =$E$8*I69 -> 197.33333 | P69: =$E$9*I69 -> 169.14286 | Q69: =$E$10*I69 -> 148 | R69: =$E$11*I69 -> 131.55556 | S69: =$E$12*I69 -> 118.4 | T69: =$E$13*I69 -> 107.63636 | U69: =$E$14*I69 -> 98.666667 | V69: =$E$15*I69 -> 91.076923 | W69: =$E$16*I69 -> 84.571429 | X69: =$E$17*I69 -> 78.933333 | Y69: =$E$18*I69 -> 74 | AD69: =M69/$AB$2 -> 148 | AE69: =N69/$AB$2 -> 118.4 | AF69: =O69/$AB$2 -> 98.666667 | AG69: =P69/$AB$2 -> 84.571429 | AH69: =Q69/$AB$2 -> 74 | AI69: =R69/$AB$2 -> 65.777778 | AJ69: =S69/$AB$2 -> 59.2 | AK69: =T69/$AB$2 -> 53.818182 | ... AP69: =Y69/$AB$2 -> 37 | AR69: =K69/$AR$2 -> 148 | AS69: =L69/$AR$2 -> 98.666667 | AT69: =M69/$AR$2 -> 74 | AU69: =N69/$AR$2 -> 59.2 | AV69: =O69/$AR$2 -> 49.333333 | AW69: =P69/$AR$2 -> 42.285714 | AX69: =Q69/$AR$2 -> 37 | AY69: =R69/$AR$2 -> 32.888889 | ... BF69: =Y69/$AR$2 -> 18.5 | BH69: =K69/$BH$2 -> 98.666667 | BI69: =L69/$BH$2 -> 65.777778 | BJ69: =M69/$BH$2 -> 49.333333 | BK69: =N69/$BH$2 -> 39.466667 | BL69: =O69/$BH$2 -> 32.888889 | BM69: =P69/$BH$2 -> 28.190476 | BN69: =Q69/$BH$2 -> 24.666667 | BO69: =R69/$BH$2 -> 21.925926 | ... BV69: =Y69/$BH$2 -> 12.333333 | BW69: =J69/$BX$2 -> 148 | BX69: =K69/$BX$2 -> 74 | BY69: =L69/$BX$2 -> 49.333333 | BZ69: =M69/$BX$2 -> 37 | CA69: =N69/$BX$2 -> 29.6 | CB69: =O69/$BX$2 -> 24.666667 | CC69: =P69/$BX$2 -> 21.142857 | CD69: =Q69/$BX$2 -> 18.5 | ... CL69: =Y69/$BX$2 -> 9.25
I70: 75 | J70: =$E$3*I70 -> 1200 | K70: =$E$4*I70 -> 600 | L70: =$E$5*I70 -> 400 | M70: =$E$6*I70 -> 300 | N70: =$E$7*I70 -> 240 | O70: =$E$8*I70 -> 200 | P70: =$E$9*I70 -> 171.42857 | Q70: =$E$10*I70 -> 150 | R70: =$E$11*I70 -> 133.33333 | S70: =$E$12*I70 -> 120 | T70: =$E$13*I70 -> 109.09091 | U70: =$E$14*I70 -> 100 | V70: =$E$15*I70 -> 92.307692 | W70: =$E$16*I70 -> 85.714286 | X70: =$E$17*I70 -> 80 | Y70: =$E$18*I70 -> 75 | AD70: =M70/$AB$2 -> 150 | AE70: =N70/$AB$2 -> 120 | AF70: =O70/$AB$2 -> 100 | AG70: =P70/$AB$2 -> 85.714286 | AH70: =Q70/$AB$2 -> 75 | AI70: =R70/$AB$2 -> 66.666667 | AJ70: =S70/$AB$2 -> 60 | AK70: =T70/$AB$2 -> 54.545455 | ... AP70: =Y70/$AB$2 -> 37.5 | AR70: =K70/$AR$2 -> 150 | AS70: =L70/$AR$2 -> 100 | AT70: =M70/$AR$2 -> 75 | AU70: =N70/$AR$2 -> 60 | AV70: =O70/$AR$2 -> 50 | AW70: =P70/$AR$2 -> 42.857143 | AX70: =Q70/$AR$2 -> 37.5 | AY70: =R70/$AR$2 -> 33.333333 | ... BF70: =Y70/$AR$2 -> 18.75 | BH70: =K70/$BH$2 -> 100 | BI70: =L70/$BH$2 -> 66.666667 | BJ70: =M70/$BH$2 -> 50 | BK70: =N70/$BH$2 -> 40 | BL70: =O70/$BH$2 -> 33.333333 | BM70: =P70/$BH$2 -> 28.571429 | BN70: =Q70/$BH$2 -> 25 | BO70: =R70/$BH$2 -> 22.222222 | ... BV70: =Y70/$BH$2 -> 12.5 | BW70: =J70/$BX$2 -> 150 | BX70: =K70/$BX$2 -> 75 | BY70: =L70/$BX$2 -> 50 | BZ70: =M70/$BX$2 -> 37.5 | CA70: =N70/$BX$2 -> 30 | CB70: =O70/$BX$2 -> 25 | CC70: =P70/$BX$2 -> 21.428571 | CD70: =Q70/$BX$2 -> 18.75 | ... CL70: =Y70/$BX$2 -> 9.375
... I80: 85 | J80: =$E$3*I80 -> 1360 | K80: =$E$4*I80 -> 680 | L80: =$E$5*I80 -> 453.33333 | M80: =$E$6*I80 -> 340 | N80: =$E$7*I80 -> 272 | O80: =$E$8*I80 -> 226.66667 | P80: =$E$9*I80 -> 194.28571 | Q80: =$E$10*I80 -> 170 | R80: =$E$11*I80 -> 151.11111 | S80: =$E$12*I80 -> 136 | T80: =$E$13*I80 -> 123.63636 | U80: =$E$14*I80 -> 113.33333 | V80: =$E$15*I80 -> 104.61538 | W80: =$E$16*I80 -> 97.142857 | X80: =$E$17*I80 -> 90.666667 | Y80: =$E$18*I80 -> 85 | AD80: =M80/$AB$2 -> 170 | AE80: =N80/$AB$2 -> 136 | AF80: =O80/$AB$2 -> 113.33333 | AG80: =P80/$AB$2 -> 97.142857 | AH80: =Q80/$AB$2 -> 85 | AI80: =R80/$AB$2 -> 75.555556 | AJ80: =S80/$AB$2 -> 68 | AK80: =T80/$AB$2 -> 61.818182 | ... AP80: =Y80/$AB$2 -> 42.5 | AR80: =K80/$AR$2 -> 170 | AS80: =L80/$AR$2 -> 113.33333 | AT80: =M80/$AR$2 -> 85 | AU80: =N80/$AR$2 -> 68 | AV80: =O80/$AR$2 -> 56.666667 | AW80: =P80/$AR$2 -> 48.571429 | AX80: =Q80/$AR$2 -> 42.5 | AY80: =R80/$AR$2 -> 37.777778 | ... BF80: =Y80/$AR$2 -> 21.25 | BH80: =K80/$BH$2 -> 113.33333 | BI80: =L80/$BH$2 -> 75.555556 | BJ80: =M80/$BH$2 -> 56.666667 | BK80: =N80/$BH$2 -> 45.333333 | BL80: =O80/$BH$2 -> 37.777778 | BM80: =P80/$BH$2 -> 32.380952 | BN80: =Q80/$BH$2 -> 28.333333 | BO80: =R80/$BH$2 -> 25.185185 | ... BV80: =Y80/$BH$2 -> 14.166667 | BW80: =J80/$BX$2 -> 170 | BX80: =K80/$BX$2 -> 85 | BY80: =L80/$BX$2 -> 56.666667 | BZ80: =M80/$BX$2 -> 42.5 | CA80: =N80/$BX$2 -> 34 | CB80: =O80/$BX$2 -> 28.333333 | CC80: =P80/$BX$2 -> 24.285714 | CD80: =Q80/$BX$2 -> 21.25 | ... CL80: =Y80/$BX$2 -> 10.625
I81: 86 | J81: =$E$3*I81 -> 1376 | K81: =$E$4*I81 -> 688 | L81: =$E$5*I81 -> 458.66667 | M81: =$E$6*I81 -> 344 | N81: =$E$7*I81 -> 275.2 | O81: =$E$8*I81 -> 229.33333 | P81: =$E$9*I81 -> 196.57143 | Q81: =$E$10*I81 -> 172 | R81: =$E$11*I81 -> 152.88889 | S81: =$E$12*I81 -> 137.6 | T81: =$E$13*I81 -> 125.09091 | U81: =$E$14*I81 -> 114.66667 | V81: =$E$15*I81 -> 105.84615 | W81: =$E$16*I81 -> 98.285714 | X81: =$E$17*I81 -> 91.733333 | Y81: =$E$18*I81 -> 86 | AE81: =N81/$AB$2 -> 137.6 | AF81: =O81/$AB$2 -> 114.66667 | AG81: =P81/$AB$2 -> 98.285714 | AH81: =Q81/$AB$2 -> 86 | AI81: =R81/$AB$2 -> 76.444444 | AJ81: =S81/$AB$2 -> 68.8 | AK81: =T81/$AB$2 -> 62.545455 | AL81: =U81/$AB$2 -> 57.333333 | ... AP81: =Y81/$AB$2 -> 43 | AS81: =L81/$AR$2 -> 114.66667 | AT81: =M81/$AR$2 -> 86 | AU81: =N81/$AR$2 -> 68.8 | AV81: =O81/$AR$2 -> 57.333333 | AW81: =P81/$AR$2 -> 49.142857 | AX81: =Q81/$AR$2 -> 43 | AY81: =R81/$AR$2 -> 38.222222 | AZ81: =S81/$AR$2 -> 34.4 | ... BF81: =Y81/$AR$2 -> 21.5 | BH81: =K81/$BH$2 -> 114.66667 | BI81: =L81/$BH$2 -> 76.444444 | BJ81: =M81/$BH$2 -> 57.333333 | BK81: =N81/$BH$2 -> 45.866667 | BL81: =O81/$BH$2 -> 38.222222 | BM81: =P81/$BH$2 -> 32.761905 | BN81: =Q81/$BH$2 -> 28.666667 | BO81: =R81/$BH$2 -> 25.481481 | ... BV81: =Y81/$BH$2 -> 14.333333 | BX81: =K81/$BX$2 -> 86 | BY81: =L81/$BX$2 -> 57.333333 | BZ81: =M81/$BX$2 -> 43 | CA81: =N81/$BX$2 -> 34.4 | CB81: =O81/$BX$2 -> 28.666667 | CC81: =P81/$BX$2 -> 24.571429 | CD81: =Q81/$BX$2 -> 21.5 | CE81: =R81/$BX$2 -> 19.111111 | ... CL81: =Y81/$BX$2 -> 10.75
I82: 87 | J82: =$E$3*I82 -> 1392 | K82: =$E$4*I82 -> 696 | L82: =$E$5*I82 -> 464 | M82: =$E$6*I82 -> 348 | N82: =$E$7*I82 -> 278.4 | O82: =$E$8*I82 -> 232 | P82: =$E$9*I82 -> 198.85714 | Q82: =$E$10*I82 -> 174 | R82: =$E$11*I82 -> 154.66667 | S82: =$E$12*I82 -> 139.2 | T82: =$E$13*I82 -> 126.54545 | U82: =$E$14*I82 -> 116 | V82: =$E$15*I82 -> 107.07692 | W82: =$E$16*I82 -> 99.428571 | X82: =$E$17*I82 -> 92.8 | Y82: =$E$18*I82 -> 87 | AE82: =N82/$AB$2 -> 139.2 | AF82: =O82/$AB$2 -> 116 | AG82: =P82/$AB$2 -> 99.428571 | AH82: =Q82/$AB$2 -> 87 | AI82: =R82/$AB$2 -> 77.333333 | AJ82: =S82/$AB$2 -> 69.6 | AK82: =T82/$AB$2 -> 63.272727 | AL82: =U82/$AB$2 -> 58 | ... AP82: =Y82/$AB$2 -> 43.5 | AS82: =L82/$AR$2 -> 116 | AT82: =M82/$AR$2 -> 87 | AU82: =N82/$AR$2 -> 69.6 | AV82: =O82/$AR$2 -> 58 | AW82: =P82/$AR$2 -> 49.714286 | AX82: =Q82/$AR$2 -> 43.5 | AY82: =R82/$AR$2 -> 38.666667 | AZ82: =S82/$AR$2 -> 34.8 | ... BF82: =Y82/$AR$2 -> 21.75 | BH82: =K82/$BH$2 -> 116 | BI82: =L82/$BH$2 -> 77.333333 | BJ82: =M82/$BH$2 -> 58 | BK82: =N82/$BH$2 -> 46.4 | BL82: =O82/$BH$2 -> 38.666667 | BM82: =P82/$BH$2 -> 33.142857 | BN82: =Q82/$BH$2 -> 29 | BO82: =R82/$BH$2 -> 25.777778 | ... BV82: =Y82/$BH$2 -> 14.5 | BX82: =K82/$BX$2 -> 87 | BY82: =L82/$BX$2 -> 58 | BZ82: =M82/$BX$2 -> 43.5 | CA82: =N82/$BX$2 -> 34.8 | CB82: =O82/$BX$2 -> 29 | CC82: =P82/$BX$2 -> 24.857143 | CD82: =Q82/$BX$2 -> 21.75 | CE82: =R82/$BX$2 -> 19.333333 | ... CL82: =Y82/$BX$2 -> 10.875
I83: 88 | J83: =$E$3*I83 -> 1408 | K83: =$E$4*I83 -> 704 | L83: =$E$5*I83 -> 469.33333 | M83: =$E$6*I83 -> 352 | N83: =$E$7*I83 -> 281.6 | O83: =$E$8*I83 -> 234.66667 | P83: =$E$9*I83 -> 201.14286 | Q83: =$E$10*I83 -> 176 | R83: =$E$11*I83 -> 156.44444 | S83: =$E$12*I83 -> 140.8 | T83: =$E$13*I83 -> 128 | U83: =$E$14*I83 -> 117.33333 | V83: =$E$15*I83 -> 108.30769 | W83: =$E$16*I83 -> 100.57143 | X83: =$E$17*I83 -> 93.866667 | Y83: =$E$18*I83 -> 88 | AE83: =N83/$AB$2 -> 140.8 | AF83: =O83/$AB$2 -> 117.33333 | AG83: =P83/$AB$2 -> 100.57143 | AH83: =Q83/$AB$2 -> 88 | AI83: =R83/$AB$2 -> 78.222222 | AJ83: =S83/$AB$2 -> 70.4 | AK83: =T83/$AB$2 -> 64 | AL83: =U83/$AB$2 -> 58.666667 | ... AP83: =Y83/$AB$2 -> 44 | AS83: =L83/$AR$2 -> 117.33333 | AT83: =M83/$AR$2 -> 88 | AU83: =N83/$AR$2 -> 70.4 | AV83: =O83/$AR$2 -> 58.666667 | AW83: =P83/$AR$2 -> 50.285714 | AX83: =Q83/$AR$2 -> 44 | AY83: =R83/$AR$2 -> 39.111111 | AZ83: =S83/$AR$2 -> 35.2 | ... BF83: =Y83/$AR$2 -> 22 | BH83: =K83/$BH$2 -> 117.33333 | BI83: =L83/$BH$2 -> 78.222222 | BJ83: =M83/$BH$2 -> 58.666667 | BK83: =N83/$BH$2 -> 46.933333 | BL83: =O83/$BH$2 -> 39.111111 | BM83: =P83/$BH$2 -> 33.52381 | BN83: =Q83/$BH$2 -> 29.333333 | BO83: =R83/$BH$2 -> 26.074074 | ... BV83: =Y83/$BH$2 -> 14.666667 | BX83: =K83/$BX$2 -> 88 | BY83: =L83/$BX$2 -> 58.666667 | BZ83: =M83/$BX$2 -> 44 | CA83: =N83/$BX$2 -> 35.2 | CB83: =O83/$BX$2 -> 29.333333 | CC83: =P83/$BX$2 -> 25.142857 | CD83: =Q83/$BX$2 -> 22 | CE83: =R83/$BX$2 -> 19.555556 | ... CL83: =Y83/$BX$2 -> 11
I84: 89 | J84: =$E$3*I84 -> 1424 | K84: =$E$4*I84 -> 712 | L84: =$E$5*I84 -> 474.66667 | M84: =$E$6*I84 -> 356 | N84: =$E$7*I84 -> 284.8 | O84: =$E$8*I84 -> 237.33333 | P84: =$E$9*I84 -> 203.42857 | Q84: =$E$10*I84 -> 178 | R84: =$E$11*I84 -> 158.22222 | S84: =$E$12*I84 -> 142.4 | T84: =$E$13*I84 -> 129.45455 | U84: =$E$14*I84 -> 118.66667 | V84: =$E$15*I84 -> 109.53846 | W84: =$E$16*I84 -> 101.71429 | X84: =$E$17*I84 -> 94.933333 | Y84: =$E$18*I84 -> 89 | AE84: =N84/$AB$2 -> 142.4 | AF84: =O84/$AB$2 -> 118.66667 | AG84: =P84/$AB$2 -> 101.71429 | AH84: =Q84/$AB$2 -> 89 | AI84: =R84/$AB$2 -> 79.111111 | AJ84: =S84/$AB$2 -> 71.2 | AK84: =T84/$AB$2 -> 64.727273 | AL84: =U84/$AB$2 -> 59.333333 | ... AP84: =Y84/$AB$2 -> 44.5 | AS84: =L84/$AR$2 -> 118.66667 | AT84: =M84/$AR$2 -> 89 | AU84: =N84/$AR$2 -> 71.2 | AV84: =O84/$AR$2 -> 59.333333 | AW84: =P84/$AR$2 -> 50.857143 | AX84: =Q84/$AR$2 -> 44.5 | AY84: =R84/$AR$2 -> 39.555556 | AZ84: =S84/$AR$2 -> 35.6 | ... BF84: =Y84/$AR$2 -> 22.25 | BH84: =K84/$BH$2 -> 118.66667 | BI84: =L84/$BH$2 -> 79.111111 | BJ84: =M84/$BH$2 -> 59.333333 | BK84: =N84/$BH$2 -> 47.466667 | BL84: =O84/$BH$2 -> 39.555556 | BM84: =P84/$BH$2 -> 33.904762 | BN84: =Q84/$BH$2 -> 29.666667 | BO84: =R84/$BH$2 -> 26.37037 | ... BV84: =Y84/$BH$2 -> 14.833333 | BX84: =K84/$BX$2 -> 89 | BY84: =L84/$BX$2 -> 59.333333 | BZ84: =M84/$BX$2 -> 44.5 | CA84: =N84/$BX$2 -> 35.6 | CB84: =O84/$BX$2 -> 29.666667 | CC84: =P84/$BX$2 -> 25.428571 | CD84: =Q84/$BX$2 -> 22.25 | CE84: =R84/$BX$2 -> 19.777778 | ... CL84: =Y84/$BX$2 -> 11.125
I85: 90 | J85: =$E$3*I85 -> 1440 | K85: =$E$4*I85 -> 720 | L85: =$E$5*I85 -> 480 | M85: =$E$6*I85 -> 360 | N85: =$E$7*I85 -> 288 | O85: =$E$8*I85 -> 240 | P85: =$E$9*I85 -> 205.71429 | Q85: =$E$10*I85 -> 180 | R85: =$E$11*I85 -> 160 | S85: =$E$12*I85 -> 144 | T85: =$E$13*I85 -> 130.90909 | U85: =$E$14*I85 -> 120 | V85: =$E$15*I85 -> 110.76923 | W85: =$E$16*I85 -> 102.85714 | X85: =$E$17*I85 -> 96 | Y85: =$E$18*I85 -> 90 | AE85: =N85/$AB$2 -> 144 | AF85: =O85/$AB$2 -> 120 | AG85: =P85/$AB$2 -> 102.85714 | AH85: =Q85/$AB$2 -> 90 | AI85: =R85/$AB$2 -> 80 | AJ85: =S85/$AB$2 -> 72 | AK85: =T85/$AB$2 -> 65.454545 | AL85: =U85/$AB$2 -> 60 | ... AP85: =Y85/$AB$2 -> 45 | AS85: =L85/$AR$2 -> 120 | AT85: =M85/$AR$2 -> 90 | AU85: =N85/$AR$2 -> 72 | AV85: =O85/$AR$2 -> 60 | AW85: =P85/$AR$2 -> 51.428571 | AX85: =Q85/$AR$2 -> 45 | AY85: =R85/$AR$2 -> 40 | AZ85: =S85/$AR$2 -> 36 | ... BF85: =Y85/$AR$2 -> 22.5 | BH85: =K85/$BH$2 -> 120 | BI85: =L85/$BH$2 -> 80 | BJ85: =M85/$BH$2 -> 60 | BK85: =N85/$BH$2 -> 48 | BL85: =O85/$BH$2 -> 40 | BM85: =P85/$BH$2 -> 34.285714 | BN85: =Q85/$BH$2 -> 30 | BO85: =R85/$BH$2 -> 26.666667 | ... BV85: =Y85/$BH$2 -> 15 | BX85: =K85/$BX$2 -> 90 | BY85: =L85/$BX$2 -> 60 | BZ85: =M85/$BX$2 -> 45 | CA85: =N85/$BX$2 -> 36 | CB85: =O85/$BX$2 -> 30 | CC85: =P85/$BX$2 -> 25.714286 | CD85: =Q85/$BX$2 -> 22.5 | CE85: =R85/$BX$2 -> 20 | ... CL85: =Y85/$BX$2 -> 11.25
I86: 91 | J86: =$E$3*I86 -> 1456 | K86: =$E$4*I86 -> 728 | L86: =$E$5*I86 -> 485.33333 | M86: =$E$6*I86 -> 364 | N86: =$E$7*I86 -> 291.2 | O86: =$E$8*I86 -> 242.66667 | P86: =$E$9*I86 -> 208 | Q86: =$E$10*I86 -> 182 | R86: =$E$11*I86 -> 161.77778 | S86: =$E$12*I86 -> 145.6 | T86: =$E$13*I86 -> 132.36364 | U86: =$E$14*I86 -> 121.33333 | V86: =$E$15*I86 -> 112 | W86: =$E$16*I86 -> 104 | X86: =$E$17*I86 -> 97.066667 | Y86: =$E$18*I86 -> 91 | AE86: =N86/$AB$2 -> 145.6 | AF86: =O86/$AB$2 -> 121.33333 | AG86: =P86/$AB$2 -> 104 | AH86: =Q86/$AB$2 -> 91 | AI86: =R86/$AB$2 -> 80.888889 | AJ86: =S86/$AB$2 -> 72.8 | AK86: =T86/$AB$2 -> 66.181818 | AL86: =U86/$AB$2 -> 60.666667 | ... AP86: =Y86/$AB$2 -> 45.5 | AS86: =L86/$AR$2 -> 121.33333 | AT86: =M86/$AR$2 -> 91 | AU86: =N86/$AR$2 -> 72.8 | AV86: =O86/$AR$2 -> 60.666667 | AW86: =P86/$AR$2 -> 52 | AX86: =Q86/$AR$2 -> 45.5 | AY86: =R86/$AR$2 -> 40.444444 | AZ86: =S86/$AR$2 -> 36.4 | ... BF86: =Y86/$AR$2 -> 22.75 | BH86: =K86/$BH$2 -> 121.33333 | BI86: =L86/$BH$2 -> 80.888889 | BJ86: =M86/$BH$2 -> 60.666667 | BK86: =N86/$BH$2 -> 48.533333 | BL86: =O86/$BH$2 -> 40.444444 | BM86: =P86/$BH$2 -> 34.666667 | BN86: =Q86/$BH$2 -> 30.333333 | BO86: =R86/$BH$2 -> 26.962963 | ... BV86: =Y86/$BH$2 -> 15.166667 | BX86: =K86/$BX$2 -> 91 | BY86: =L86/$BX$2 -> 60.666667 | BZ86: =M86/$BX$2 -> 45.5 | CA86: =N86/$BX$2 -> 36.4 | CB86: =O86/$BX$2 -> 30.333333 | CC86: =P86/$BX$2 -> 26 | CD86: =Q86/$BX$2 -> 22.75 | CE86: =R86/$BX$2 -> 20.222222 | ... CL86: =Y86/$BX$2 -> 11.375
I87: 92 | J87: =$E$3*I87 -> 1472 | K87: =$E$4*I87 -> 736 | L87: =$E$5*I87 -> 490.66667 | M87: =$E$6*I87 -> 368 | N87: =$E$7*I87 -> 294.4 | O87: =$E$8*I87 -> 245.33333 | P87: =$E$9*I87 -> 210.28571 | Q87: =$E$10*I87 -> 184 | R87: =$E$11*I87 -> 163.55556 | S87: =$E$12*I87 -> 147.2 | T87: =$E$13*I87 -> 133.81818 | U87: =$E$14*I87 -> 122.66667 | V87: =$E$15*I87 -> 113.23077 | W87: =$E$16*I87 -> 105.14286 | X87: =$E$17*I87 -> 98.133333 | Y87: =$E$18*I87 -> 92 | AE87: =N87/$AB$2 -> 147.2 | AF87: =O87/$AB$2 -> 122.66667 | AG87: =P87/$AB$2 -> 105.14286 | AH87: =Q87/$AB$2 -> 92 | AI87: =R87/$AB$2 -> 81.777778 | AJ87: =S87/$AB$2 -> 73.6 | AK87: =T87/$AB$2 -> 66.909091 | AL87: =U87/$AB$2 -> 61.333333 | ... AP87: =Y87/$AB$2 -> 46 | AS87: =L87/$AR$2 -> 122.66667 | AT87: =M87/$AR$2 -> 92 | AU87: =N87/$AR$2 -> 73.6 | AV87: =O87/$AR$2 -> 61.333333 | AW87: =P87/$AR$2 -> 52.571429 | AX87: =Q87/$AR$2 -> 46 | AY87: =R87/$AR$2 -> 40.888889 | AZ87: =S87/$AR$2 -> 36.8 | ... BF87: =Y87/$AR$2 -> 23 | BH87: =K87/$BH$2 -> 122.66667 | BI87: =L87/$BH$2 -> 81.777778 | BJ87: =M87/$BH$2 -> 61.333333 | BK87: =N87/$BH$2 -> 49.066667 | BL87: =O87/$BH$2 -> 40.888889 | BM87: =P87/$BH$2 -> 35.047619 | BN87: =Q87/$BH$2 -> 30.666667 | BO87: =R87/$BH$2 -> 27.259259 | ... BV87: =Y87/$BH$2 -> 15.333333 | BX87: =K87/$BX$2 -> 92 | BY87: =L87/$BX$2 -> 61.333333 | BZ87: =M87/$BX$2 -> 46 | CA87: =N87/$BX$2 -> 36.8 | CB87: =O87/$BX$2 -> 30.666667 | CC87: =P87/$BX$2 -> 26.285714 | CD87: =Q87/$BX$2 -> 23 | CE87: =R87/$BX$2 -> 20.444444 | ... CL87: =Y87/$BX$2 -> 11.5
I88: 93 | J88: =$E$3*I88 -> 1488 | K88: =$E$4*I88 -> 744 | L88: =$E$5*I88 -> 496 | M88: =$E$6*I88 -> 372 | N88: =$E$7*I88 -> 297.6 | O88: =$E$8*I88 -> 248 | P88: =$E$9*I88 -> 212.57143 | Q88: =$E$10*I88 -> 186 | R88: =$E$11*I88 -> 165.33333 | S88: =$E$12*I88 -> 148.8 | T88: =$E$13*I88 -> 135.27273 | U88: =$E$14*I88 -> 124 | V88: =$E$15*I88 -> 114.46154 | W88: =$E$16*I88 -> 106.28571 | X88: =$E$17*I88 -> 99.2 | Y88: =$E$18*I88 -> 93 | AE88: =N88/$AB$2 -> 148.8 | AF88: =O88/$AB$2 -> 124 | AG88: =P88/$AB$2 -> 106.28571 | AH88: =Q88/$AB$2 -> 93 | AI88: =R88/$AB$2 -> 82.666667 | AJ88: =S88/$AB$2 -> 74.4 | AK88: =T88/$AB$2 -> 67.636364 | AL88: =U88/$AB$2 -> 62 | ... AP88: =Y88/$AB$2 -> 46.5 | AS88: =L88/$AR$2 -> 124 | AT88: =M88/$AR$2 -> 93 | AU88: =N88/$AR$2 -> 74.4 | AV88: =O88/$AR$2 -> 62 | AW88: =P88/$AR$2 -> 53.142857 | AX88: =Q88/$AR$2 -> 46.5 | AY88: =R88/$AR$2 -> 41.333333 | AZ88: =S88/$AR$2 -> 37.2 | ... BF88: =Y88/$AR$2 -> 23.25 | BH88: =K88/$BH$2 -> 124 | BI88: =L88/$BH$2 -> 82.666667 | BJ88: =M88/$BH$2 -> 62 | BK88: =N88/$BH$2 -> 49.6 | BL88: =O88/$BH$2 -> 41.333333 | BM88: =P88/$BH$2 -> 35.428571 | BN88: =Q88/$BH$2 -> 31 | BO88: =R88/$BH$2 -> 27.555556 | ... BV88: =Y88/$BH$2 -> 15.5 | BX88: =K88/$BX$2 -> 93 | BY88: =L88/$BX$2 -> 62 | BZ88: =M88/$BX$2 -> 46.5 | CA88: =N88/$BX$2 -> 37.2 | CB88: =O88/$BX$2 -> 31 | CC88: =P88/$BX$2 -> 26.571429 | CD88: =Q88/$BX$2 -> 23.25 | CE88: =R88/$BX$2 -> 20.666667 | ... CL88: =Y88/$BX$2 -> 11.625
I89: 94 | J89: =$E$3*I89 -> 1504 | K89: =$E$4*I89 -> 752 | L89: =$E$5*I89 -> 501.33333 | M89: =$E$6*I89 -> 376 | N89: =$E$7*I89 -> 300.8 | O89: =$E$8*I89 -> 250.66667 | P89: =$E$9*I89 -> 214.85714 | Q89: =$E$10*I89 -> 188 | R89: =$E$11*I89 -> 167.11111 | S89: =$E$12*I89 -> 150.4 | T89: =$E$13*I89 -> 136.72727 | U89: =$E$14*I89 -> 125.33333 | V89: =$E$15*I89 -> 115.69231 | W89: =$E$16*I89 -> 107.42857 | X89: =$E$17*I89 -> 100.26667 | Y89: =$E$18*I89 -> 94 | AE89: =N89/$AB$2 -> 150.4 | AF89: =O89/$AB$2 -> 125.33333 | AG89: =P89/$AB$2 -> 107.42857 | AH89: =Q89/$AB$2 -> 94 | AI89: =R89/$AB$2 -> 83.555556 | AJ89: =S89/$AB$2 -> 75.2 | AK89: =T89/$AB$2 -> 68.363636 | AL89: =U89/$AB$2 -> 62.666667 | ... AP89: =Y89/$AB$2 -> 47 | AS89: =L89/$AR$2 -> 125.33333 | AT89: =M89/$AR$2 -> 94 | AU89: =N89/$AR$2 -> 75.2 | AV89: =O89/$AR$2 -> 62.666667 | AW89: =P89/$AR$2 -> 53.714286 | AX89: =Q89/$AR$2 -> 47 | AY89: =R89/$AR$2 -> 41.777778 | AZ89: =S89/$AR$2 -> 37.6 | ... BF89: =Y89/$AR$2 -> 23.5 | BH89: =K89/$BH$2 -> 125.33333 | BI89: =L89/$BH$2 -> 83.555556 | BJ89: =M89/$BH$2 -> 62.666667 | BK89: =N89/$BH$2 -> 50.133333 | BL89: =O89/$BH$2 -> 41.777778 | BM89: =P89/$BH$2 -> 35.809524 | BN89: =Q89/$BH$2 -> 31.333333 | BO89: =R89/$BH$2 -> 27.851852 | ... BV89: =Y89/$BH$2 -> 15.666667 | BX89: =K89/$BX$2 -> 94 | BY89: =L89/$BX$2 -> 62.666667 | BZ89: =M89/$BX$2 -> 47 | CA89: =N89/$BX$2 -> 37.6 | CB89: =O89/$BX$2 -> 31.333333 | CC89: =P89/$BX$2 -> 26.857143 | CD89: =Q89/$BX$2 -> 23.5 | CE89: =R89/$BX$2 -> 20.888889 | ... CL89: =Y89/$BX$2 -> 11.75
I90: 95 | J90: =$E$3*I90 -> 1520 | K90: =$E$4*I90 -> 760 | L90: =$E$5*I90 -> 506.66667 | M90: =$E$6*I90 -> 380 | N90: =$E$7*I90 -> 304 | O90: =$E$8*I90 -> 253.33333 | P90: =$E$9*I90 -> 217.14286 | Q90: =$E$10*I90 -> 190 | R90: =$E$11*I90 -> 168.88889 | S90: =$E$12*I90 -> 152 | T90: =$E$13*I90 -> 138.18182 | U90: =$E$14*I90 -> 126.66667 | V90: =$E$15*I90 -> 116.92308 | W90: =$E$16*I90 -> 108.57143 | X90: =$E$17*I90 -> 101.33333 | Y90: =$E$18*I90 -> 95 | AE90: =N90/$AB$2 -> 152 | AF90: =O90/$AB$2 -> 126.66667 | AG90: =P90/$AB$2 -> 108.57143 | AH90: =Q90/$AB$2 -> 95 | AI90: =R90/$AB$2 -> 84.444444 | AJ90: =S90/$AB$2 -> 76 | AK90: =T90/$AB$2 -> 69.090909 | AL90: =U90/$AB$2 -> 63.333333 | ... AP90: =Y90/$AB$2 -> 47.5 | AS90: =L90/$AR$2 -> 126.66667 | AT90: =M90/$AR$2 -> 95 | AU90: =N90/$AR$2 -> 76 | AV90: =O90/$AR$2 -> 63.333333 | AW90: =P90/$AR$2 -> 54.285714 | AX90: =Q90/$AR$2 -> 47.5 | AY90: =R90/$AR$2 -> 42.222222 | AZ90: =S90/$AR$2 -> 38 | ... BF90: =Y90/$AR$2 -> 23.75 | BH90: =K90/$BH$2 -> 126.66667 | BI90: =L90/$BH$2 -> 84.444444 | BJ90: =M90/$BH$2 -> 63.333333 | BK90: =N90/$BH$2 -> 50.666667 | BL90: =O90/$BH$2 -> 42.222222 | BM90: =P90/$BH$2 -> 36.190476 | BN90: =Q90/$BH$2 -> 31.666667 | BO90: =R90/$BH$2 -> 28.148148 | ... BV90: =Y90/$BH$2 -> 15.833333 | BX90: =K90/$BX$2 -> 95 | BY90: =L90/$BX$2 -> 63.333333 | BZ90: =M90/$BX$2 -> 47.5 | CA90: =N90/$BX$2 -> 38 | CB90: =O90/$BX$2 -> 31.666667 | CC90: =P90/$BX$2 -> 27.142857 | CD90: =Q90/$BX$2 -> 23.75 | CE90: =R90/$BX$2 -> 21.111111 | ... CL90: =Y90/$BX$2 -> 11.875
I91: 96 | J91: =$E$3*I91 -> 1536 | K91: =$E$4*I91 -> 768 | L91: =$E$5*I91 -> 512 | M91: =$E$6*I91 -> 384 | N91: =$E$7*I91 -> 307.2 | O91: =$E$8*I91 -> 256 | P91: =$E$9*I91 -> 219.42857 | Q91: =$E$10*I91 -> 192 | R91: =$E$11*I91 -> 170.66667 | S91: =$E$12*I91 -> 153.6 | T91: =$E$13*I91 -> 139.63636 | U91: =$E$14*I91 -> 128 | V91: =$E$15*I91 -> 118.15385 | W91: =$E$16*I91 -> 109.71429 | X91: =$E$17*I91 -> 102.4 | Y91: =$E$18*I91 -> 96 | AE91: =N91/$AB$2 -> 153.6 | AF91: =O91/$AB$2 -> 128 | AG91: =P91/$AB$2 -> 109.71429 | AH91: =Q91/$AB$2 -> 96 | AI91: =R91/$AB$2 -> 85.333333 | AJ91: =S91/$AB$2 -> 76.8 | AK91: =T91/$AB$2 -> 69.818182 | AL91: =U91/$AB$2 -> 64 | ... AP91: =Y91/$AB$2 -> 48 | AS91: =L91/$AR$2 -> 128 | AT91: =M91/$AR$2 -> 96 | AU91: =N91/$AR$2 -> 76.8 | AV91: =O91/$AR$2 -> 64 | AW91: =P91/$AR$2 -> 54.857143 | AX91: =Q91/$AR$2 -> 48 | AY91: =R91/$AR$2 -> 42.666667 | AZ91: =S91/$AR$2 -> 38.4 | ... BF91: =Y91/$AR$2 -> 24 | BH91: =K91/$BH$2 -> 128 | BI91: =L91/$BH$2 -> 85.333333 | BJ91: =M91/$BH$2 -> 64 | BK91: =N91/$BH$2 -> 51.2 | BL91: =O91/$BH$2 -> 42.666667 | BM91: =P91/$BH$2 -> 36.571429 | BN91: =Q91/$BH$2 -> 32 | BO91: =R91/$BH$2 -> 28.444444 | ... BV91: =Y91/$BH$2 -> 16 | BX91: =K91/$BX$2 -> 96 | BY91: =L91/$BX$2 -> 64 | BZ91: =M91/$BX$2 -> 48 | CA91: =N91/$BX$2 -> 38.4 | CB91: =O91/$BX$2 -> 32 | CC91: =P91/$BX$2 -> 27.428571 | CD91: =Q91/$BX$2 -> 24 | CE91: =R91/$BX$2 -> 21.333333 | ... CL91: =Y91/$BX$2 -> 12
I92: 97 | J92: =$E$3*I92 -> 1552 | K92: =$E$4*I92 -> 776 | L92: =$E$5*I92 -> 517.33333 | M92: =$E$6*I92 -> 388 | N92: =$E$7*I92 -> 310.4 | O92: =$E$8*I92 -> 258.66667 | P92: =$E$9*I92 -> 221.71429 | Q92: =$E$10*I92 -> 194 | R92: =$E$11*I92 -> 172.44444 | S92: =$E$12*I92 -> 155.2 | T92: =$E$13*I92 -> 141.09091 | U92: =$E$14*I92 -> 129.33333 | V92: =$E$15*I92 -> 119.38462 | W92: =$E$16*I92 -> 110.85714 | X92: =$E$17*I92 -> 103.46667 | Y92: =$E$18*I92 -> 97 | AE92: =N92/$AB$2 -> 155.2 | AF92: =O92/$AB$2 -> 129.33333 | AG92: =P92/$AB$2 -> 110.85714 | AH92: =Q92/$AB$2 -> 97 | AI92: =R92/$AB$2 -> 86.222222 | AJ92: =S92/$AB$2 -> 77.6 | AK92: =T92/$AB$2 -> 70.545455 | AL92: =U92/$AB$2 -> 64.666667 | ... AP92: =Y92/$AB$2 -> 48.5 | AS92: =L92/$AR$2 -> 129.33333 | AT92: =M92/$AR$2 -> 97 | AU92: =N92/$AR$2 -> 77.6 | AV92: =O92/$AR$2 -> 64.666667 | AW92: =P92/$AR$2 -> 55.428571 | AX92: =Q92/$AR$2 -> 48.5 | AY92: =R92/$AR$2 -> 43.111111 | AZ92: =S92/$AR$2 -> 38.8 | ... BF92: =Y92/$AR$2 -> 24.25 | BH92: =K92/$BH$2 -> 129.33333 | BI92: =L92/$BH$2 -> 86.222222 | BJ92: =M92/$BH$2 -> 64.666667 | BK92: =N92/$BH$2 -> 51.733333 | BL92: =O92/$BH$2 -> 43.111111 | BM92: =P92/$BH$2 -> 36.952381 | BN92: =Q92/$BH$2 -> 32.333333 | BO92: =R92/$BH$2 -> 28.740741 | ... BV92: =Y92/$BH$2 -> 16.166667 | BX92: =K92/$BX$2 -> 97 | BY92: =L92/$BX$2 -> 64.666667 | BZ92: =M92/$BX$2 -> 48.5 | CA92: =N92/$BX$2 -> 38.8 | CB92: =O92/$BX$2 -> 32.333333 | CC92: =P92/$BX$2 -> 27.714286 | CD92: =Q92/$BX$2 -> 24.25 | CE92: =R92/$BX$2 -> 21.555556 | ... CL92: =Y92/$BX$2 -> 12.125
... I101: 106 | J101: =$E$3*I101 -> 1696 | K101: =$E$4*I101 -> 848 | L101: =$E$5*I101 -> 565.33333 | M101: =$E$6*I101 -> 424 | N101: =$E$7*I101 -> 339.2 | O101: =$E$8*I101 -> 282.66667 | P101: =$E$9*I101 -> 242.28571 | Q101: =$E$10*I101 -> 212 | R101: =$E$11*I101 -> 188.44444 | S101: =$E$12*I101 -> 169.6 | T101: =$E$13*I101 -> 154.18182 | U101: =$E$14*I101 -> 141.33333 | V101: =$E$15*I101 -> 130.46154 | W101: =$E$16*I101 -> 121.14286 | X101: =$E$17*I101 -> 113.06667 | Y101: =$E$18*I101 -> 106 | AE101: =N101/$AB$2 -> 169.6 | AF101: =O101/$AB$2 -> 141.33333 | AG101: =P101/$AB$2 -> 121.14286 | AH101: =Q101/$AB$2 -> 106 | AI101: =R101/$AB$2 -> 94.222222 | AJ101: =S101/$AB$2 -> 84.8 | AK101: =T101/$AB$2 -> 77.090909 | AL101: =U101/$AB$2 -> 70.666667 | ... AP101: =Y101/$AB$2 -> 53 | AS101: =L101/$AR$2 -> 141.33333 | AT101: =M101/$AR$2 -> 106 | AU101: =N101/$AR$2 -> 84.8 | AV101: =O101/$AR$2 -> 70.666667 | AW101: =P101/$AR$2 -> 60.571429 | AX101: =Q101/$AR$2 -> 53 | AY101: =R101/$AR$2 -> 47.111111 | AZ101: =S101/$AR$2 -> 42.4 | ... BF101: =Y101/$AR$2 -> 26.5 | BH101: =K101/$BH$2 -> 141.33333 | BI101: =L101/$BH$2 -> 94.222222 | BJ101: =M101/$BH$2 -> 70.666667 | BK101: =N101/$BH$2 -> 56.533333 | BL101: =O101/$BH$2 -> 47.111111 | BM101: =P101/$BH$2 -> 40.380952 | BN101: =Q101/$BH$2 -> 35.333333 | BO101: =R101/$BH$2 -> 31.407407 | ... BV101: =Y101/$BH$2 -> 17.666667 | BX101: =K101/$BX$2 -> 106 | BY101: =L101/$BX$2 -> 70.666667 | BZ101: =M101/$BX$2 -> 53 | CA101: =N101/$BX$2 -> 42.4 | CB101: =O101/$BX$2 -> 35.333333 | CC101: =P101/$BX$2 -> 30.285714 | CD101: =Q101/$BX$2 -> 26.5 | CE101: =R101/$BX$2 -> 23.555556 | ... CL101: =Y101/$BX$2 -> 13.25
I102: 107 | J102: =$E$3*I102 -> 1712 | K102: =$E$4*I102 -> 856 | L102: =$E$5*I102 -> 570.66667 | M102: =$E$6*I102 -> 428 | N102: =$E$7*I102 -> 342.4 | O102: =$E$8*I102 -> 285.33333 | P102: =$E$9*I102 -> 244.57143 | Q102: =$E$10*I102 -> 214 | R102: =$E$11*I102 -> 190.22222 | S102: =$E$12*I102 -> 171.2 | T102: =$E$13*I102 -> 155.63636 | U102: =$E$14*I102 -> 142.66667 | V102: =$E$15*I102 -> 131.69231 | W102: =$E$16*I102 -> 122.28571 | X102: =$E$17*I102 -> 114.13333 | Y102: =$E$18*I102 -> 107 | AF102: =O102/$AB$2 -> 142.66667 | AG102: =P102/$AB$2 -> 122.28571 | AH102: =Q102/$AB$2 -> 107 | AI102: =R102/$AB$2 -> 95.111111 | AJ102: =S102/$AB$2 -> 85.6 | AK102: =T102/$AB$2 -> 77.818182 | AL102: =U102/$AB$2 -> 71.333333 | AM102: =V102/$AB$2 -> 65.846154 | ... AP102: =Y102/$AB$2 -> 53.5 | AS102: =L102/$AR$2 -> 142.66667 | AT102: =M102/$AR$2 -> 107 | AU102: =N102/$AR$2 -> 85.6 | AV102: =O102/$AR$2 -> 71.333333 | AW102: =P102/$AR$2 -> 61.142857 | AX102: =Q102/$AR$2 -> 53.5 | AY102: =R102/$AR$2 -> 47.555556 | AZ102: =S102/$AR$2 -> 42.8 | ... BF102: =Y102/$AR$2 -> 26.75 | BH102: =K102/$BH$2 -> 142.66667 | BI102: =L102/$BH$2 -> 95.111111 | BJ102: =M102/$BH$2 -> 71.333333 | BK102: =N102/$BH$2 -> 57.066667 | BL102: =O102/$BH$2 -> 47.555556 | BM102: =P102/$BH$2 -> 40.761905 | BN102: =Q102/$BH$2 -> 35.666667 | BO102: =R102/$BH$2 -> 31.703704 | ... BV102: =Y102/$BH$2 -> 17.833333 | BX102: =K102/$BX$2 -> 107 | BY102: =L102/$BX$2 -> 71.333333 | BZ102: =M102/$BX$2 -> 53.5 | CA102: =N102/$BX$2 -> 42.8 | CB102: =O102/$BX$2 -> 35.666667 | CC102: =P102/$BX$2 -> 30.571429 | CD102: =Q102/$BX$2 -> 26.75 | CE102: =R102/$BX$2 -> 23.777778 | ... CL102: =Y102/$BX$2 -> 13.375
I103: 108 | J103: =$E$3*I103 -> 1728 | K103: =$E$4*I103 -> 864 | L103: =$E$5*I103 -> 576 | M103: =$E$6*I103 -> 432 | N103: =$E$7*I103 -> 345.6 | O103: =$E$8*I103 -> 288 | P103: =$E$9*I103 -> 246.85714 | Q103: =$E$10*I103 -> 216 | R103: =$E$11*I103 -> 192 | S103: =$E$12*I103 -> 172.8 | T103: =$E$13*I103 -> 157.09091 | U103: =$E$14*I103 -> 144 | V103: =$E$15*I103 -> 132.92308 | W103: =$E$16*I103 -> 123.42857 | X103: =$E$17*I103 -> 115.2 | Y103: =$E$18*I103 -> 108 | AF103: =O103/$AB$2 -> 144 | AG103: =P103/$AB$2 -> 123.42857 | AH103: =Q103/$AB$2 -> 108 | AI103: =R103/$AB$2 -> 96 | AJ103: =S103/$AB$2 -> 86.4 | AK103: =T103/$AB$2 -> 78.545455 | AL103: =U103/$AB$2 -> 72 | AM103: =V103/$AB$2 -> 66.461538 | ... AP103: =Y103/$AB$2 -> 54 | AS103: =L103/$AR$2 -> 144 | AT103: =M103/$AR$2 -> 108 | AU103: =N103/$AR$2 -> 86.4 | AV103: =O103/$AR$2 -> 72 | AW103: =P103/$AR$2 -> 61.714286 | AX103: =Q103/$AR$2 -> 54 | AY103: =R103/$AR$2 -> 48 | AZ103: =S103/$AR$2 -> 43.2 | ... BF103: =Y103/$AR$2 -> 27 | BH103: =K103/$BH$2 -> 144 | BI103: =L103/$BH$2 -> 96 | BJ103: =M103/$BH$2 -> 72 | BK103: =N103/$BH$2 -> 57.6 | BL103: =O103/$BH$2 -> 48 | BM103: =P103/$BH$2 -> 41.142857 | BN103: =Q103/$BH$2 -> 36 | BO103: =R103/$BH$2 -> 32 | ... BV103: =Y103/$BH$2 -> 18 | BX103: =K103/$BX$2 -> 108 | BY103: =L103/$BX$2 -> 72 | BZ103: =M103/$BX$2 -> 54 | CA103: =N103/$BX$2 -> 43.2 | CB103: =O103/$BX$2 -> 36 | CC103: =P103/$BX$2 -> 30.857143 | CD103: =Q103/$BX$2 -> 27 | CE103: =R103/$BX$2 -> 24 | ... CL103: =Y103/$BX$2 -> 13.5
I104: 109 | J104: =$E$3*I104 -> 1744 | K104: =$E$4*I104 -> 872 | L104: =$E$5*I104 -> 581.33333 | M104: =$E$6*I104 -> 436 | N104: =$E$7*I104 -> 348.8 | O104: =$E$8*I104 -> 290.66667 | P104: =$E$9*I104 -> 249.14286 | Q104: =$E$10*I104 -> 218 | R104: =$E$11*I104 -> 193.77778 | S104: =$E$12*I104 -> 174.4 | T104: =$E$13*I104 -> 158.54545 | U104: =$E$14*I104 -> 145.33333 | V104: =$E$15*I104 -> 134.15385 | W104: =$E$16*I104 -> 124.57143 | X104: =$E$17*I104 -> 116.26667 | Y104: =$E$18*I104 -> 109 | AF104: =O104/$AB$2 -> 145.33333 | AG104: =P104/$AB$2 -> 124.57143 | AH104: =Q104/$AB$2 -> 109 | AI104: =R104/$AB$2 -> 96.888889 | AJ104: =S104/$AB$2 -> 87.2 | AK104: =T104/$AB$2 -> 79.272727 | AL104: =U104/$AB$2 -> 72.666667 | AM104: =V104/$AB$2 -> 67.076923 | ... AP104: =Y104/$AB$2 -> 54.5 | AS104: =L104/$AR$2 -> 145.33333 | AT104: =M104/$AR$2 -> 109 | AU104: =N104/$AR$2 -> 87.2 | AV104: =O104/$AR$2 -> 72.666667 | AW104: =P104/$AR$2 -> 62.285714 | AX104: =Q104/$AR$2 -> 54.5 | AY104: =R104/$AR$2 -> 48.444444 | AZ104: =S104/$AR$2 -> 43.6 | ... BF104: =Y104/$AR$2 -> 27.25 | BH104: =K104/$BH$2 -> 145.33333 | BI104: =L104/$BH$2 -> 96.888889 | BJ104: =M104/$BH$2 -> 72.666667 | BK104: =N104/$BH$2 -> 58.133333 | BL104: =O104/$BH$2 -> 48.444444 | BM104: =P104/$BH$2 -> 41.52381 | BN104: =Q104/$BH$2 -> 36.333333 | BO104: =R104/$BH$2 -> 32.296296 | ... BV104: =Y104/$BH$2 -> 18.166667 | BX104: =K104/$BX$2 -> 109 | BY104: =L104/$BX$2 -> 72.666667 | BZ104: =M104/$BX$2 -> 54.5 | CA104: =N104/$BX$2 -> 43.6 | CB104: =O104/$BX$2 -> 36.333333 | CC104: =P104/$BX$2 -> 31.142857 | CD104: =Q104/$BX$2 -> 27.25 | CE104: =R104/$BX$2 -> 24.222222 | ... CL104: =Y104/$BX$2 -> 13.625
I105: 110 | J105: =$E$3*I105 -> 1760 | K105: =$E$4*I105 -> 880 | L105: =$E$5*I105 -> 586.66667 | M105: =$E$6*I105 -> 440 | N105: =$E$7*I105 -> 352 | O105: =$E$8*I105 -> 293.33333 | P105: =$E$9*I105 -> 251.42857 | Q105: =$E$10*I105 -> 220 | R105: =$E$11*I105 -> 195.55556 | S105: =$E$12*I105 -> 176 | T105: =$E$13*I105 -> 160 | U105: =$E$14*I105 -> 146.66667 | V105: =$E$15*I105 -> 135.38462 | W105: =$E$16*I105 -> 125.71429 | X105: =$E$17*I105 -> 117.33333 | Y105: =$E$18*I105 -> 110 | AF105: =O105/$AB$2 -> 146.66667 | AG105: =P105/$AB$2 -> 125.71429 | AH105: =Q105/$AB$2 -> 110 | AI105: =R105/$AB$2 -> 97.777778 | AJ105: =S105/$AB$2 -> 88 | AK105: =T105/$AB$2 -> 80 | AL105: =U105/$AB$2 -> 73.333333 | AM105: =V105/$AB$2 -> 67.692308 | ... AP105: =Y105/$AB$2 -> 55 | AS105: =L105/$AR$2 -> 146.66667 | AT105: =M105/$AR$2 -> 110 | AU105: =N105/$AR$2 -> 88 | AV105: =O105/$AR$2 -> 73.333333 | AW105: =P105/$AR$2 -> 62.857143 | AX105: =Q105/$AR$2 -> 55 | AY105: =R105/$AR$2 -> 48.888889 | AZ105: =S105/$AR$2 -> 44 | ... BF105: =Y105/$AR$2 -> 27.5 | BH105: =K105/$BH$2 -> 146.66667 | BI105: =L105/$BH$2 -> 97.777778 | BJ105: =M105/$BH$2 -> 73.333333 | BK105: =N105/$BH$2 -> 58.666667 | BL105: =O105/$BH$2 -> 48.888889 | BM105: =P105/$BH$2 -> 41.904762 | BN105: =Q105/$BH$2 -> 36.666667 | BO105: =R105/$BH$2 -> 32.592593 | ... BV105: =Y105/$BH$2 -> 18.333333 | BX105: =K105/$BX$2 -> 110 | BY105: =L105/$BX$2 -> 73.333333 | BZ105: =M105/$BX$2 -> 55 | CA105: =N105/$BX$2 -> 44 | CB105: =O105/$BX$2 -> 36.666667 | CC105: =P105/$BX$2 -> 31.428571 | CD105: =Q105/$BX$2 -> 27.5 | CE105: =R105/$BX$2 -> 24.444444 | ... CL105: =Y105/$BX$2 -> 13.75
I106: 111 | J106: =$E$3*I106 -> 1776 | K106: =$E$4*I106 -> 888 | L106: =$E$5*I106 -> 592 | M106: =$E$6*I106 -> 444 | N106: =$E$7*I106 -> 355.2 | O106: =$E$8*I106 -> 296 | P106: =$E$9*I106 -> 253.71429 | Q106: =$E$10*I106 -> 222 | R106: =$E$11*I106 -> 197.33333 | S106: =$E$12*I106 -> 177.6 | T106: =$E$13*I106 -> 161.45455 | U106: =$E$14*I106 -> 148 | V106: =$E$15*I106 -> 136.61538 | W106: =$E$16*I106 -> 126.85714 | X106: =$E$17*I106 -> 118.4 | Y106: =$E$18*I106 -> 111 | AF106: =O106/$AB$2 -> 148 | AG106: =P106/$AB$2 -> 126.85714 | AH106: =Q106/$AB$2 -> 111 | AI106: =R106/$AB$2 -> 98.666667 | AJ106: =S106/$AB$2 -> 88.8 | AK106: =T106/$AB$2 -> 80.727273 | AL106: =U106/$AB$2 -> 74 | AM106: =V106/$AB$2 -> 68.307692 | ... AP106: =Y106/$AB$2 -> 55.5 | AS106: =L106/$AR$2 -> 148 | AT106: =M106/$AR$2 -> 111 | AU106: =N106/$AR$2 -> 88.8 | AV106: =O106/$AR$2 -> 74 | AW106: =P106/$AR$2 -> 63.428571 | AX106: =Q106/$AR$2 -> 55.5 | AY106: =R106/$AR$2 -> 49.333333 | AZ106: =S106/$AR$2 -> 44.4 | ... BF106: =Y106/$AR$2 -> 27.75 | BH106: =K106/$BH$2 -> 148 | BI106: =L106/$BH$2 -> 98.666667 | BJ106: =M106/$BH$2 -> 74 | BK106: =N106/$BH$2 -> 59.2 | BL106: =O106/$BH$2 -> 49.333333 | BM106: =P106/$BH$2 -> 42.285714 | BN106: =Q106/$BH$2 -> 37 | BO106: =R106/$BH$2 -> 32.888889 | ... BV106: =Y106/$BH$2 -> 18.5 | BX106: =K106/$BX$2 -> 111 | BY106: =L106/$BX$2 -> 74 | BZ106: =M106/$BX$2 -> 55.5 | CA106: =N106/$BX$2 -> 44.4 | CB106: =O106/$BX$2 -> 37 | CC106: =P106/$BX$2 -> 31.714286 | CD106: =Q106/$BX$2 -> 27.75 | CE106: =R106/$BX$2 -> 24.666667 | ... CL106: =Y106/$BX$2 -> 13.875
I107: 112 | J107: =$E$3*I107 -> 1792 | K107: =$E$4*I107 -> 896 | L107: =$E$5*I107 -> 597.33333 | M107: =$E$6*I107 -> 448 | N107: =$E$7*I107 -> 358.4 | O107: =$E$8*I107 -> 298.66667 | P107: =$E$9*I107 -> 256 | Q107: =$E$10*I107 -> 224 | R107: =$E$11*I107 -> 199.11111 | S107: =$E$12*I107 -> 179.2 | T107: =$E$13*I107 -> 162.90909 | U107: =$E$14*I107 -> 149.33333 | V107: =$E$15*I107 -> 137.84615 | W107: =$E$16*I107 -> 128 | X107: =$E$17*I107 -> 119.46667 | Y107: =$E$18*I107 -> 112 | AF107: =O107/$AB$2 -> 149.33333 | AG107: =P107/$AB$2 -> 128 | AH107: =Q107/$AB$2 -> 112 | AI107: =R107/$AB$2 -> 99.555556 | AJ107: =S107/$AB$2 -> 89.6 | AK107: =T107/$AB$2 -> 81.454545 | AL107: =U107/$AB$2 -> 74.666667 | AM107: =V107/$AB$2 -> 68.923077 | ... AP107: =Y107/$AB$2 -> 56 | AS107: =L107/$AR$2 -> 149.33333 | AT107: =M107/$AR$2 -> 112 | AU107: =N107/$AR$2 -> 89.6 | AV107: =O107/$AR$2 -> 74.666667 | AW107: =P107/$AR$2 -> 64 | AX107: =Q107/$AR$2 -> 56 | AY107: =R107/$AR$2 -> 49.777778 | AZ107: =S107/$AR$2 -> 44.8 | ... BF107: =Y107/$AR$2 -> 28 | BH107: =K107/$BH$2 -> 149.33333 | BI107: =L107/$BH$2 -> 99.555556 | BJ107: =M107/$BH$2 -> 74.666667 | BK107: =N107/$BH$2 -> 59.733333 | BL107: =O107/$BH$2 -> 49.777778 | BM107: =P107/$BH$2 -> 42.666667 | BN107: =Q107/$BH$2 -> 37.333333 | BO107: =R107/$BH$2 -> 33.185185 | ... BV107: =Y107/$BH$2 -> 18.666667 | BX107: =K107/$BX$2 -> 112 | BY107: =L107/$BX$2 -> 74.666667 | BZ107: =M107/$BX$2 -> 56 | CA107: =N107/$BX$2 -> 44.8 | CB107: =O107/$BX$2 -> 37.333333 | CC107: =P107/$BX$2 -> 32 | CD107: =Q107/$BX$2 -> 28 | CE107: =R107/$BX$2 -> 24.888889 | ... CL107: =Y107/$BX$2 -> 14
I108: 113 | J108: =$E$3*I108 -> 1808 | K108: =$E$4*I108 -> 904 | L108: =$E$5*I108 -> 602.66667 | M108: =$E$6*I108 -> 452 | N108: =$E$7*I108 -> 361.6 | O108: =$E$8*I108 -> 301.33333 | P108: =$E$9*I108 -> 258.28571 | Q108: =$E$10*I108 -> 226 | R108: =$E$11*I108 -> 200.88889 | S108: =$E$12*I108 -> 180.8 | T108: =$E$13*I108 -> 164.36364 | U108: =$E$14*I108 -> 150.66667 | V108: =$E$15*I108 -> 139.07692 | W108: =$E$16*I108 -> 129.14286 | X108: =$E$17*I108 -> 120.53333 | Y108: =$E$18*I108 -> 113 | AF108: =O108/$AB$2 -> 150.66667 | AG108: =P108/$AB$2 -> 129.14286 | AH108: =Q108/$AB$2 -> 113 | AI108: =R108/$AB$2 -> 100.44444 | AJ108: =S108/$AB$2 -> 90.4 | AK108: =T108/$AB$2 -> 82.181818 | AL108: =U108/$AB$2 -> 75.333333 | AM108: =V108/$AB$2 -> 69.538462 | ... AP108: =Y108/$AB$2 -> 56.5 | AS108: =L108/$AR$2 -> 150.66667 | AT108: =M108/$AR$2 -> 113 | AU108: =N108/$AR$2 -> 90.4 | AV108: =O108/$AR$2 -> 75.333333 | AW108: =P108/$AR$2 -> 64.571429 | AX108: =Q108/$AR$2 -> 56.5 | AY108: =R108/$AR$2 -> 50.222222 | AZ108: =S108/$AR$2 -> 45.2 | ... BF108: =Y108/$AR$2 -> 28.25 | BH108: =K108/$BH$2 -> 150.66667 | BI108: =L108/$BH$2 -> 100.44444 | BJ108: =M108/$BH$2 -> 75.333333 | BK108: =N108/$BH$2 -> 60.266667 | BL108: =O108/$BH$2 -> 50.222222 | BM108: =P108/$BH$2 -> 43.047619 | BN108: =Q108/$BH$2 -> 37.666667 | BO108: =R108/$BH$2 -> 33.481481 | ... BV108: =Y108/$BH$2 -> 18.833333 | BX108: =K108/$BX$2 -> 113 | BY108: =L108/$BX$2 -> 75.333333 | BZ108: =M108/$BX$2 -> 56.5 | CA108: =N108/$BX$2 -> 45.2 | CB108: =O108/$BX$2 -> 37.666667 | CC108: =P108/$BX$2 -> 32.285714 | CD108: =Q108/$BX$2 -> 28.25 | CE108: =R108/$BX$2 -> 25.111111 | ... CL108: =Y108/$BX$2 -> 14.125
I109: 114 | J109: =$E$3*I109 -> 1824 | K109: =$E$4*I109 -> 912 | L109: =$E$5*I109 -> 608 | M109: =$E$6*I109 -> 456 | N109: =$E$7*I109 -> 364.8 | O109: =$E$8*I109 -> 304 | P109: =$E$9*I109 -> 260.57143 | Q109: =$E$10*I109 -> 228 | R109: =$E$11*I109 -> 202.66667 | S109: =$E$12*I109 -> 182.4 | T109: =$E$13*I109 -> 165.81818 | U109: =$E$14*I109 -> 152 | V109: =$E$15*I109 -> 140.30769 | W109: =$E$16*I109 -> 130.28571 | X109: =$E$17*I109 -> 121.6 | Y109: =$E$18*I109 -> 114 | AF109: =O109/$AB$2 -> 152 | AG109: =P109/$AB$2 -> 130.28571 | AH109: =Q109/$AB$2 -> 114 | AI109: =R109/$AB$2 -> 101.33333 | AJ109: =S109/$AB$2 -> 91.2 | AK109: =T109/$AB$2 -> 82.909091 | AL109: =U109/$AB$2 -> 76 | AM109: =V109/$AB$2 -> 70.153846 | ... AP109: =Y109/$AB$2 -> 57 | AS109: =L109/$AR$2 -> 152 | AT109: =M109/$AR$2 -> 114 | AU109: =N109/$AR$2 -> 91.2 | AV109: =O109/$AR$2 -> 76 | AW109: =P109/$AR$2 -> 65.142857 | AX109: =Q109/$AR$2 -> 57 | AY109: =R109/$AR$2 -> 50.666667 | AZ109: =S109/$AR$2 -> 45.6 | ... BF109: =Y109/$AR$2 -> 28.5 | BH109: =K109/$BH$2 -> 152 | BI109: =L109/$BH$2 -> 101.33333 | BJ109: =M109/$BH$2 -> 76 | BK109: =N109/$BH$2 -> 60.8 | BL109: =O109/$BH$2 -> 50.666667 | BM109: =P109/$BH$2 -> 43.428571 | BN109: =Q109/$BH$2 -> 38 | BO109: =R109/$BH$2 -> 33.777778 | ... BV109: =Y109/$BH$2 -> 19 | BX109: =K109/$BX$2 -> 114 | BY109: =L109/$BX$2 -> 76 | BZ109: =M109/$BX$2 -> 57 | CA109: =N109/$BX$2 -> 45.6 | CB109: =O109/$BX$2 -> 38 | CC109: =P109/$BX$2 -> 32.571429 | CD109: =Q109/$BX$2 -> 28.5 | CE109: =R109/$BX$2 -> 25.333333 | ... CL109: =Y109/$BX$2 -> 14.25
I110: 115 | J110: =$E$3*I110 -> 1840 | K110: =$E$4*I110 -> 920 | L110: =$E$5*I110 -> 613.33333 | M110: =$E$6*I110 -> 460 | N110: =$E$7*I110 -> 368 | O110: =$E$8*I110 -> 306.66667 | P110: =$E$9*I110 -> 262.85714 | Q110: =$E$10*I110 -> 230 | R110: =$E$11*I110 -> 204.44444 | S110: =$E$12*I110 -> 184 | T110: =$E$13*I110 -> 167.27273 | U110: =$E$14*I110 -> 153.33333 | V110: =$E$15*I110 -> 141.53846 | W110: =$E$16*I110 -> 131.42857 | X110: =$E$17*I110 -> 122.66667 | Y110: =$E$18*I110 -> 115 | AF110: =O110/$AB$2 -> 153.33333 | AG110: =P110/$AB$2 -> 131.42857 | AH110: =Q110/$AB$2 -> 115 | AI110: =R110/$AB$2 -> 102.22222 | AJ110: =S110/$AB$2 -> 92 | AK110: =T110/$AB$2 -> 83.636364 | AL110: =U110/$AB$2 -> 76.666667 | AM110: =V110/$AB$2 -> 70.769231 | ... AP110: =Y110/$AB$2 -> 57.5 | AS110: =L110/$AR$2 -> 153.33333 | AT110: =M110/$AR$2 -> 115 | AU110: =N110/$AR$2 -> 92 | AV110: =O110/$AR$2 -> 76.666667 | AW110: =P110/$AR$2 -> 65.714286 | AX110: =Q110/$AR$2 -> 57.5 | AY110: =R110/$AR$2 -> 51.111111 | AZ110: =S110/$AR$2 -> 46 | ... BF110: =Y110/$AR$2 -> 28.75 | BH110: =K110/$BH$2 -> 153.33333 | BI110: =L110/$BH$2 -> 102.22222 | BJ110: =M110/$BH$2 -> 76.666667 | BK110: =N110/$BH$2 -> 61.333333 | BL110: =O110/$BH$2 -> 51.111111 | BM110: =P110/$BH$2 -> 43.809524 | BN110: =Q110/$BH$2 -> 38.333333 | BO110: =R110/$BH$2 -> 34.074074 | ... BV110: =Y110/$BH$2 -> 19.166667 | BX110: =K110/$BX$2 -> 115 | BY110: =L110/$BX$2 -> 76.666667 | BZ110: =M110/$BX$2 -> 57.5 | CA110: =N110/$BX$2 -> 46 | CB110: =O110/$BX$2 -> 38.333333 | CC110: =P110/$BX$2 -> 32.857143 | CD110: =Q110/$BX$2 -> 28.75 | CE110: =R110/$BX$2 -> 25.555556 | ... CL110: =Y110/$BX$2 -> 14.375
I111: 116 | J111: =$E$3*I111 -> 1856 | K111: =$E$4*I111 -> 928 | L111: =$E$5*I111 -> 618.66667 | M111: =$E$6*I111 -> 464 | N111: =$E$7*I111 -> 371.2 | O111: =$E$8*I111 -> 309.33333 | P111: =$E$9*I111 -> 265.14286 | Q111: =$E$10*I111 -> 232 | R111: =$E$11*I111 -> 206.22222 | S111: =$E$12*I111 -> 185.6 | T111: =$E$13*I111 -> 168.72727 | U111: =$E$14*I111 -> 154.66667 | V111: =$E$15*I111 -> 142.76923 | W111: =$E$16*I111 -> 132.57143 | X111: =$E$17*I111 -> 123.73333 | Y111: =$E$18*I111 -> 116 | AF111: =O111/$AB$2 -> 154.66667 | AG111: =P111/$AB$2 -> 132.57143 | AH111: =Q111/$AB$2 -> 116 | AI111: =R111/$AB$2 -> 103.11111 | AJ111: =S111/$AB$2 -> 92.8 | AK111: =T111/$AB$2 -> 84.363636 | AL111: =U111/$AB$2 -> 77.333333 | AM111: =V111/$AB$2 -> 71.384615 | ... AP111: =Y111/$AB$2 -> 58 | AS111: =L111/$AR$2 -> 154.66667 | AT111: =M111/$AR$2 -> 116 | AU111: =N111/$AR$2 -> 92.8 | AV111: =O111/$AR$2 -> 77.333333 | AW111: =P111/$AR$2 -> 66.285714 | AX111: =Q111/$AR$2 -> 58 | AY111: =R111/$AR$2 -> 51.555556 | AZ111: =S111/$AR$2 -> 46.4 | ... BF111: =Y111/$AR$2 -> 29 | BH111: =K111/$BH$2 -> 154.66667 | BI111: =L111/$BH$2 -> 103.11111 | BJ111: =M111/$BH$2 -> 77.333333 | BK111: =N111/$BH$2 -> 61.866667 | BL111: =O111/$BH$2 -> 51.555556 | BM111: =P111/$BH$2 -> 44.190476 | BN111: =Q111/$BH$2 -> 38.666667 | BO111: =R111/$BH$2 -> 34.37037 | ... BV111: =Y111/$BH$2 -> 19.333333 | BX111: =K111/$BX$2 -> 116 | BY111: =L111/$BX$2 -> 77.333333 | BZ111: =M111/$BX$2 -> 58 | CA111: =N111/$BX$2 -> 46.4 | CB111: =O111/$BX$2 -> 38.666667 | CC111: =P111/$BX$2 -> 33.142857 | CD111: =Q111/$BX$2 -> 29 | CE111: =R111/$BX$2 -> 25.777778 | ... CL111: =Y111/$BX$2 -> 14.5
I112: 117 | J112: =$E$3*I112 -> 1872 | K112: =$E$4*I112 -> 936 | L112: =$E$5*I112 -> 624 | M112: =$E$6*I112 -> 468 | N112: =$E$7*I112 -> 374.4 | O112: =$E$8*I112 -> 312 | P112: =$E$9*I112 -> 267.42857 | Q112: =$E$10*I112 -> 234 | R112: =$E$11*I112 -> 208 | S112: =$E$12*I112 -> 187.2 | T112: =$E$13*I112 -> 170.18182 | U112: =$E$14*I112 -> 156 | V112: =$E$15*I112 -> 144 | W112: =$E$16*I112 -> 133.71429 | X112: =$E$17*I112 -> 124.8 | Y112: =$E$18*I112 -> 117 | AF112: =O112/$AB$2 -> 156 | AG112: =P112/$AB$2 -> 133.71429 | AH112: =Q112/$AB$2 -> 117 | AI112: =R112/$AB$2 -> 104 | AJ112: =S112/$AB$2 -> 93.6 | AK112: =T112/$AB$2 -> 85.090909 | AL112: =U112/$AB$2 -> 78 | AM112: =V112/$AB$2 -> 72 | ... AP112: =Y112/$AB$2 -> 58.5 | AS112: =L112/$AR$2 -> 156 | AT112: =M112/$AR$2 -> 117 | AU112: =N112/$AR$2 -> 93.6 | AV112: =O112/$AR$2 -> 78 | AW112: =P112/$AR$2 -> 66.857143 | AX112: =Q112/$AR$2 -> 58.5 | AY112: =R112/$AR$2 -> 52 | AZ112: =S112/$AR$2 -> 46.8 | ... BF112: =Y112/$AR$2 -> 29.25 | BH112: =K112/$BH$2 -> 156 | BI112: =L112/$BH$2 -> 104 | BJ112: =M112/$BH$2 -> 78 | BK112: =N112/$BH$2 -> 62.4 | BL112: =O112/$BH$2 -> 52 | BM112: =P112/$BH$2 -> 44.571429 | BN112: =Q112/$BH$2 -> 39 | BO112: =R112/$BH$2 -> 34.666667 | ... BV112: =Y112/$BH$2 -> 19.5 | BX112: =K112/$BX$2 -> 117 | BY112: =L112/$BX$2 -> 78 | BZ112: =M112/$BX$2 -> 58.5 | CA112: =N112/$BX$2 -> 46.8 | CB112: =O112/$BX$2 -> 39 | CC112: =P112/$BX$2 -> 33.428571 | CD112: =Q112/$BX$2 -> 29.25 | CE112: =R112/$BX$2 -> 26 | ... CL112: =Y112/$BX$2 -> 14.625
I113: 118 | J113: =$E$3*I113 -> 1888 | K113: =$E$4*I113 -> 944 | L113: =$E$5*I113 -> 629.33333 | M113: =$E$6*I113 -> 472 | N113: =$E$7*I113 -> 377.6 | O113: =$E$8*I113 -> 314.66667 | P113: =$E$9*I113 -> 269.71429 | Q113: =$E$10*I113 -> 236 | R113: =$E$11*I113 -> 209.77778 | S113: =$E$12*I113 -> 188.8 | T113: =$E$13*I113 -> 171.63636 | U113: =$E$14*I113 -> 157.33333 | V113: =$E$15*I113 -> 145.23077 | W113: =$E$16*I113 -> 134.85714 | X113: =$E$17*I113 -> 125.86667 | Y113: =$E$18*I113 -> 118 | AF113: =O113/$AB$2 -> 157.33333 | AG113: =P113/$AB$2 -> 134.85714 | AH113: =Q113/$AB$2 -> 118 | AI113: =R113/$AB$2 -> 104.88889 | AJ113: =S113/$AB$2 -> 94.4 | AK113: =T113/$AB$2 -> 85.818182 | AL113: =U113/$AB$2 -> 78.666667 | AM113: =V113/$AB$2 -> 72.615385 | ... AP113: =Y113/$AB$2 -> 59 | AS113: =L113/$AR$2 -> 157.33333 | AT113: =M113/$AR$2 -> 118 | AU113: =N113/$AR$2 -> 94.4 | AV113: =O113/$AR$2 -> 78.666667 | AW113: =P113/$AR$2 -> 67.428571 | AX113: =Q113/$AR$2 -> 59 | AY113: =R113/$AR$2 -> 52.444444 | AZ113: =S113/$AR$2 -> 47.2 | ... BF113: =Y113/$AR$2 -> 29.5 | BH113: =K113/$BH$2 -> 157.33333 | BI113: =L113/$BH$2 -> 104.88889 | BJ113: =M113/$BH$2 -> 78.666667 | BK113: =N113/$BH$2 -> 62.933333 | BL113: =O113/$BH$2 -> 52.444444 | BM113: =P113/$BH$2 -> 44.952381 | BN113: =Q113/$BH$2 -> 39.333333 | BO113: =R113/$BH$2 -> 34.962963 | ... BV113: =Y113/$BH$2 -> 19.666667 | BX113: =K113/$BX$2 -> 118 | BY113: =L113/$BX$2 -> 78.666667 | BZ113: =M113/$BX$2 -> 59 | CA113: =N113/$BX$2 -> 47.2 | CB113: =O113/$BX$2 -> 39.333333 | CC113: =P113/$BX$2 -> 33.714286 | CD113: =Q113/$BX$2 -> 29.5 | CE113: =R113/$BX$2 -> 26.222222 | ... CL113: =Y113/$BX$2 -> 14.75
... I122: 127 | J122: =$E$3*I122 -> 2032 | K122: =$E$4*I122 -> 1016 | L122: =$E$5*I122 -> 677.33333 | M122: =$E$6*I122 -> 508 | N122: =$E$7*I122 -> 406.4 | O122: =$E$8*I122 -> 338.66667 | P122: =$E$9*I122 -> 290.28571 | Q122: =$E$10*I122 -> 254 | R122: =$E$11*I122 -> 225.77778 | S122: =$E$12*I122 -> 203.2 | T122: =$E$13*I122 -> 184.72727 | U122: =$E$14*I122 -> 169.33333 | V122: =$E$15*I122 -> 156.30769 | W122: =$E$16*I122 -> 145.14286 | X122: =$E$17*I122 -> 135.46667 | Y122: =$E$18*I122 -> 127 | AF122: =O122/$AB$2 -> 169.33333 | AG122: =P122/$AB$2 -> 145.14286 | AH122: =Q122/$AB$2 -> 127 | AI122: =R122/$AB$2 -> 112.88889 | AJ122: =S122/$AB$2 -> 101.6 | AK122: =T122/$AB$2 -> 92.363636 | AL122: =U122/$AB$2 -> 84.666667 | AM122: =V122/$AB$2 -> 78.153846 | ... AP122: =Y122/$AB$2 -> 63.5 | AS122: =L122/$AR$2 -> 169.33333 | AT122: =M122/$AR$2 -> 127 | AU122: =N122/$AR$2 -> 101.6 | AV122: =O122/$AR$2 -> 84.666667 | AW122: =P122/$AR$2 -> 72.571429 | AX122: =Q122/$AR$2 -> 63.5 | AY122: =R122/$AR$2 -> 56.444444 | AZ122: =S122/$AR$2 -> 50.8 | ... BF122: =Y122/$AR$2 -> 31.75 | BH122: =K122/$BH$2 -> 169.33333 | BI122: =L122/$BH$2 -> 112.88889 | BJ122: =M122/$BH$2 -> 84.666667 | BK122: =N122/$BH$2 -> 67.733333 | BL122: =O122/$BH$2 -> 56.444444 | BM122: =P122/$BH$2 -> 48.380952 | BN122: =Q122/$BH$2 -> 42.333333 | BO122: =R122/$BH$2 -> 37.62963 | ... BV122: =Y122/$BH$2 -> 21.166667 | BX122: =K122/$BX$2 -> 127 | BY122: =L122/$BX$2 -> 84.666667 | BZ122: =M122/$BX$2 -> 63.5 | CA122: =N122/$BX$2 -> 50.8 | CB122: =O122/$BX$2 -> 42.333333 | CC122: =P122/$BX$2 -> 36.285714 | CD122: =Q122/$BX$2 -> 31.75 | CE122: =R122/$BX$2 -> 28.222222 | ... CL122: =Y122/$BX$2 -> 15.875

Sheet MCO
A1: MCOSEL | B1: SYSCLK(PLLCLK)
A2: MCOPRE | B2: 4 | C2: 1 | D2: 2 | E2: 4 | F2: 8 | G2: 16
B3: 1 | C3: 2 | D3: 3 | E3: 4 | F3: 5 | G3: 6 | H3: 7 | I3: 8 | J3: 9 | K3: 10 | L3: 11 | M3: 12 | N3: 13 | O3: 14 | P3: 15 | Q3: 16 | R3: 1 | S3: 2 | T3: 3 | U3: 4 | V3: 5 | W3: 6 | X3: 7 | Y3: 8 | Z3: 9 | AA3: 10 | AB3: 11 | AC3: 12 | AD3: 13 | AE3: 14 | AF3: 15 | AG3: 16 | AH3: 1 | AI3: 2 | AJ3: 3 | AK3: 4 | AL3: 5 | AM3: 6 | AN3: 7 | AO3: 8 | AP3: 9 | AQ3: 10 | AR3: 11 | AS3: 12 | AT3: 13 | AU3: 14 | AV3: 15 | AW3: 16 | AX3: 1 | AY3: 2 | AZ3: 3 | BA3: 4 | BB3: 5 | BC3: 6 | BD3: 7 | BE3: 8 | BF3: 9 | BG3: 10 | BH3: 11 | BI3: 12 | BJ3: 13 | BK3: 14 | BL3: 15 | BM3: 16
B4: =SYSCLK!AA3/$B$2 -> 16 | C4: =SYSCLK!AB3/$B$2 -> 8 | D4: =SYSCLK!AC3/$B$2 -> 5.3333333 | E4: =SYSCLK!AD3/$B$2 -> 4 | F4: =SYSCLK!AE3/$B$2 -> 3.2 | G4: =SYSCLK!AF3/$B$2 -> 2.6666667 | H4: =SYSCLK!AG3/$B$2 -> 2.2857143 | I4: =SYSCLK!AH3/$B$2 -> 2 | ... BM4: =SYSCLK!CL3/$B$2 -> 0.25
B5: =SYSCLK!AA4/$B$2 -> 18 | C5: =SYSCLK!AB4/$B$2 -> 9 | D5: =SYSCLK!AC4/$B$2 -> 6 | E5: =SYSCLK!AD4/$B$2 -> 4.5 | F5: =SYSCLK!AE4/$B$2 -> 3.6 | G5: =SYSCLK!AF4/$B$2 -> 3 | H5: =SYSCLK!AG4/$B$2 -> 2.5714286 | I5: =SYSCLK!AH4/$B$2 -> 2.25 | ... BM5: =SYSCLK!CL4/$B$2 -> 0.28125
B6: =SYSCLK!AA5/$B$2 -> 20 | C6: =SYSCLK!AB5/$B$2 -> 10 | D6: =SYSCLK!AC5/$B$2 -> 6.6666667 | E6: =SYSCLK!AD5/$B$2 -> 5 | F6: =SYSCLK!AE5/$B$2 -> 4 | G6: =SYSCLK!AF5/$B$2 -> 3.3333333 | H6: =SYSCLK!AG5/$B$2 -> 2.8571429 | I6: =SYSCLK!AH5/$B$2 -> 2.5 | ... BM6: =SYSCLK!CL5/$B$2 -> 0.3125
B7: =SYSCLK!AA6/$B$2 -> 22 | C7: =SYSCLK!AB6/$B$2 -> 11 | D7: =SYSCLK!AC6/$B$2 -> 7.3333333 | E7: =SYSCLK!AD6/$B$2 -> 5.5 | F7: =SYSCLK!AE6/$B$2 -> 4.4 | G7: =SYSCLK!AF6/$B$2 -> 3.6666667 | H7: =SYSCLK!AG6/$B$2 -> 3.1428571 | I7: =SYSCLK!AH6/$B$2 -> 2.75 | ... BM7: =SYSCLK!CL6/$B$2 -> 0.34375
B8: =SYSCLK!AA7/$B$2 -> 24 | C8: =SYSCLK!AB7/$B$2 -> 12 | D8: =SYSCLK!AC7/$B$2 -> 8 | E8: =SYSCLK!AD7/$B$2 -> 6 | F8: =SYSCLK!AE7/$B$2 -> 4.8 | G8: =SYSCLK!AF7/$B$2 -> 4 | H8: =SYSCLK!AG7/$B$2 -> 3.4285714 | I8: =SYSCLK!AH7/$B$2 -> 3 | ... BM8: =SYSCLK!CL7/$B$2 -> 0.375
B9: =SYSCLK!AA8/$B$2 -> 26 | C9: =SYSCLK!AB8/$B$2 -> 13 | D9: =SYSCLK!AC8/$B$2 -> 8.6666667 | E9: =SYSCLK!AD8/$B$2 -> 6.5 | F9: =SYSCLK!AE8/$B$2 -> 5.2 | G9: =SYSCLK!AF8/$B$2 -> 4.3333333 | H9: =SYSCLK!AG8/$B$2 -> 3.7142857 | I9: =SYSCLK!AH8/$B$2 -> 3.25 | ... BM9: =SYSCLK!CL8/$B$2 -> 0.40625
B10: =SYSCLK!AA9/$B$2 -> 28 | C10: =SYSCLK!AB9/$B$2 -> 14 | D10: =SYSCLK!AC9/$B$2 -> 9.3333333 | E10: =SYSCLK!AD9/$B$2 -> 7 | F10: =SYSCLK!AE9/$B$2 -> 5.6 | G10: =SYSCLK!AF9/$B$2 -> 4.6666667 | H10: =SYSCLK!AG9/$B$2 -> 4 | I10: =SYSCLK!AH9/$B$2 -> 3.5 | ... BM10: =SYSCLK!CL9/$B$2 -> 0.4375
B11: =SYSCLK!AA10/$B$2 -> 30 | C11: =SYSCLK!AB10/$B$2 -> 15 | D11: =SYSCLK!AC10/$B$2 -> 10 | E11: =SYSCLK!AD10/$B$2 -> 7.5 | F11: =SYSCLK!AE10/$B$2 -> 6 | G11: =SYSCLK!AF10/$B$2 -> 5 | H11: =SYSCLK!AG10/$B$2 -> 4.2857143 | I11: =SYSCLK!AH10/$B$2 -> 3.75 | ... BM11: =SYSCLK!CL10/$B$2 -> 0.46875
B12: =SYSCLK!AA11/$B$2 -> 32 | C12: =SYSCLK!AB11/$B$2 -> 16 | D12: =SYSCLK!AC11/$B$2 -> 10.666667 | E12: =SYSCLK!AD11/$B$2 -> 8 | F12: =SYSCLK!AE11/$B$2 -> 6.4 | G12: =SYSCLK!AF11/$B$2 -> 5.3333333 | H12: =SYSCLK!AG11/$B$2 -> 4.5714286 | I12: =SYSCLK!AH11/$B$2 -> 4 | ... BM12: =SYSCLK!CL11/$B$2 -> 0.5
B13: =SYSCLK!AA12/$B$2 -> 34 | C13: =SYSCLK!AB12/$B$2 -> 17 | D13: =SYSCLK!AC12/$B$2 -> 11.333333 | E13: =SYSCLK!AD12/$B$2 -> 8.5 | F13: =SYSCLK!AE12/$B$2 -> 6.8 | G13: =SYSCLK!AF12/$B$2 -> 5.6666667 | H13: =SYSCLK!AG12/$B$2 -> 4.8571429 | I13: =SYSCLK!AH12/$B$2 -> 4.25 | ... BM13: =SYSCLK!CL12/$B$2 -> 0.53125
B14: =SYSCLK!AA13/$B$2 -> 36 | C14: =SYSCLK!AB13/$B$2 -> 18 | D14: =SYSCLK!AC13/$B$2 -> 12 | E14: =SYSCLK!AD13/$B$2 -> 9 | F14: =SYSCLK!AE13/$B$2 -> 7.2 | G14: =SYSCLK!AF13/$B$2 -> 6 | H14: =SYSCLK!AG13/$B$2 -> 5.1428571 | I14: =SYSCLK!AH13/$B$2 -> 4.5 | ... BM14: =SYSCLK!CL13/$B$2 -> 0.5625
B15: =SYSCLK!AA14/$B$2 -> 38 | C15: =SYSCLK!AB14/$B$2 -> 19 | D15: =SYSCLK!AC14/$B$2 -> 12.666667 | E15: =SYSCLK!AD14/$B$2 -> 9.5 | F15: =SYSCLK!AE14/$B$2 -> 7.6 | G15: =SYSCLK!AF14/$B$2 -> 6.3333333 | H15: =SYSCLK!AG14/$B$2 -> 5.4285714 | I15: =SYSCLK!AH14/$B$2 -> 4.75 | ... BM15: =SYSCLK!CL14/$B$2 -> 0.59375
... B123: =SYSCLK!AA122/$B$2 -> 0 | C123: =SYSCLK!AB122/$B$2 -> 0 | D123: =SYSCLK!AC122/$B$2 -> 0 | E123: =SYSCLK!AD122/$B$2 -> 0 | F123: =SYSCLK!AE122/$B$2 -> 0 | G123: =SYSCLK!AF122/$B$2 -> 42.333333 | H123: =SYSCLK!AG122/$B$2 -> 36.285714 | I123: =SYSCLK!AH122/$B$2 -> 31.75 | ... BM123: =SYSCLK!CL122/$B$2 -> 3.96875
