Workbook

Sheet #1 ~ #5, (400, 1800), 전류
E2: ictl_l | F2: 58 | G2: 57 | H2: 63 | I2: 39 | J2: 65 | K2: 44 | L2: 46 | M2: 46 | N2: 51 | O2: 66 | P2: 57 | Q2: 43 | R2: 53 | S2: 58 | T2: 59 | U2: 55 | V2: 62 | W2: 51 | X2: 51 | Y2: 39 | Z2: 54 | AA2: 58 | AB2: 51 | AC2: 47 | AD2: 60 | AE2: 52 | AF2: 53 | AG2: 61 | AH2: 61 | AI2: 44 | AJ2: 51 | AK2: 61 | AL2: 54 | AM2: 53 | AN2: 51 | AO2: 42 | AP2: 73 | AQ2: 79 | AR2: 85 | AS2: 68 | AT2: 75 | AU2: 76 | AV2: 75 | AW2: 74 | AX2: 65 | AY2: 68 | AZ2: 72 | BA2: 84 | BB2: 63 | BC2: 66 | BD2: 68 | BE2: 57 | BF2: 70 | BG2: 79 | BH2: 70 | BI2: 67 | BJ2: 76 | BK2: 61 | BL2: 57 | BM2: 54
E3: ictl_h | F3: 59 | G3: 55 | H3: 61 | I3: 41 | J3: 61 | K3: 47 | L3: 47 | M3: 49 | N3: 51 | O3: 64 | P3: 56 | Q3: 45 | R3: 57 | S3: 60 | T3: 59 | U3: 56 | V3: 64 | W3: 53 | X3: 52 | Y3: 44 | Z3: 56 | AA3: 59 | AB3: 55 | AC3: 52 | AD3: 63 | AE3: 55 | AF3: 55 | AG3: 60 | AH3: 63 | AI3: 47 | AJ3: 54 | AK3: 61 | AL3: 55 | AM3: 53 | AN3: 52 | AO3: 48 | AP3: 69 | AQ3: 72 | AR3: 78 | AS3: 64 | AT3: 70 | AU3: 71 | AV3: 72 | AW3: 68 | AX3: 63 | AY3: 65 | AZ3: 68 | BA3: 78 | BB3: 63 | BC3: 64 | BD3: 63 | BE3: 57 | BF3: 65 | BG3: 72 | BH3: 66 | BI3: 62 | BJ3: 71 | BK3: 57 | BL3: 56 | BM3: 54
B4: data | C4: ideal | D4: min | E4: max | F4: io_1 | G4: io_2 | H4: io_3 | I4: io_4 | J4: io_5 | K4: io_6 | L4: io_7 | M4: io_8 | N4: io_9 | O4: io_10 | P4: io_11 | Q4: io_12 | R4: io_1 | S4: io_2 | T4: io_3 | U4: io_4 | V4: io_5 | W4: io_6 | X4: io_7 | Y4: io_8 | Z4: io_9 | AA4: io_10 | AB4: io_11 | AC4: io_12 | AD4: io_1 | AE4: io_2 | AF4: io_3 | AG4: io_4 | AH4: io_5 | AI4: io_6 | AJ4: io_7 | AK4: io_8 | AL4: io_9 | AM4: io_10 | AN4: io_11 | AO4: io_12 | AP4: io_1 | AQ4: io_2 | AR4: io_3 | AS4: io_4 | AT4: io_5 | AU4: io_6 | AV4: io_7 | AW4: io_8 | AX4: io_9 | AY4: io_10 | AZ4: io_11 | BA4: io_12 | BB4: io_1 | BC4: io_2 | BD4: io_3 | BE4: io_4 | BF4: io_5 | BG4: io_6 | BH4: io_7 | BI4: io_8 | BJ4: io_9 | BK4: io_10 | BL4: io_11 | BM4: io_12
B5: 0 | C5: =32*B5/4095 -> 0 | D5: =MIN(F5:AO5) -> 0.004 | E5: =MAX(F5:AO5) -> 0.058 | F5: 0.056 | G5: 0.053 | H5: 0.049 | I5: 0.053 | J5: 0.049 | K5: 0.053 | L5: 0.054 | M5: 0.058 | N5: 0.051 | O5: 0.051 | P5: 0.054 | Q5: 0.058 | R5: 0.004 | S5: 0.004 | T5: 0.004 | U5: 0.004 | V5: 0.004 | W5: 0.004 | X5: 0.004 | Y5: 0.004 | Z5: 0.004 | AA5: 0.004 | AB5: 0.004 | AC5: 0.004 | AD5: 0.007 | AE5: 0.007 | AF5: 0.007 | AG5: 0.005 | AH5: 0.005 | AI5: 0.005 | AJ5: 0.005 | AK5: 0.007 | AL5: 0.005 | AM5: 0.005 | AN5: 0.005 | AO5: 0.005 | AP5: 0.038 | AQ5: 0.036 | AR5: 0.038 | AS5: 0.038 | AT5: 0.036 | AU5: 0.036 | AV5: 0.038 | AW5: 0.035 | AX5: 0.042 | AY5: 0.04 | AZ5: 0.036 | BA5: 0.036 | BB5: 0.018 | BC5: 0.018 | BD5: 0.018 | BE5: 0.02 | BF5: 0.018 | BG5: 0.016 | BH5: 0.018 | BI5: 0.018 | BJ5: 0.02 | BK5: 0.016 | BL5: 0.02 | BM5: 0.02
B6: 15 | C6: =32*B6/4095 -> 0.11721612 | D6: =MIN(F6:AO6) -> 0.091 | E6: =MAX(F6:AO6) -> 0.18 | F6: 0.176 | G6: 0.163 | H6: 0.162 | I6: 0.169 | J6: 0.156 | K6: 0.169 | L6: 0.171 | M6: 0.18 | N6: 0.163 | O6: 0.16 | P6: 0.163 | Q6: 0.173 | R6: 0.1 | S6: 0.098 | T6: 0.093 | U6: 0.093 | V6: 0.1 | W6: 0.091 | X6: 0.096 | Y6: 0.109 | Z6: 0.098 | AA6: 0.098 | AB6: 0.102 | AC6: 0.104 | AD6: 0.12 | AE6: 0.113 | AF6: 0.109 | AG6: 0.105 | AH6: 0.113 | AI6: 0.109 | AJ6: 0.113 | AK6: 0.114 | AL6: 0.111 | AM6: 0.111 | AN6: 0.105 | AO6: 0.12 | AP6: 0.145 | AQ6: 0.138 | AR6: 0.144 | AS6: 0.142 | AT6: 0.138 | AU6: 0.14 | AV6: 0.147 | AW6: 0.136 | AX6: 0.151 | AY6: 0.145 | AZ6: 0.14 | BA6: 0.138 | BB6: 0.122 | BC6: 0.12 | BD6: 0.113 | BE6: 0.129 | BF6: 0.118 | BG6: 0.109 | BH6: 0.118 | BI6: 0.113 | BJ6: 0.118 | BK6: 0.109 | BL6: 0.122 | BM6: 0.124
B7: 30 | C7: =32*B7/4095 -> 0.23443223 | D7: =MIN(F7:AO7) -> 0.207 | E7: =MAX(F7:AO7) -> 0.302 | F7: 0.291 | G7: 0.272 | H7: 0.271 | I7: 0.282 | J7: 0.263 | K7: 0.282 | L7: 0.285 | M7: 0.302 | N7: 0.278 | O7: 0.271 | P7: 0.278 | Q7: 0.291 | R7: 0.225 | S7: 0.22 | T7: 0.207 | U7: 0.211 | V7: 0.222 | W7: 0.207 | X7: 0.214 | Y7: 0.236 | Z7: 0.22 | AA7: 0.214 | AB7: 0.223 | AC7: 0.227 | AD7: 0.24 | AE7: 0.233 | AF7: 0.225 | AG7: 0.218 | AH7: 0.233 | AI7: 0.227 | AJ7: 0.229 | AK7: 0.229 | AL7: 0.225 | AM7: 0.223 | AN7: 0.22 | AO7: 0.242 | AP7: 0.253 | AQ7: 0.24 | AR7: 0.249 | AS7: 0.249 | AT7: 0.245 | AU7: 0.247 | AV7: 0.256 | AW7: 0.242 | AX7: 0.262 | AY7: 0.254 | AZ7: 0.245 | BA7: 0.243 | BB7: 0.233 | BC7: 0.225 | BD7: 0.216 | BE7: 0.24 | BF7: 0.222 | BG7: 0.207 | BH7: 0.22 | BI7: 0.214 | BJ7: 0.223 | BK7: 0.211 | BL7: 0.231 | BM7: 0.233
B8: 45 | C8: =32*B8/4095 -> 0.35164835 | D8: =MIN(F8:AO8) -> 0.32 | E8: =MAX(F8:AO8) -> 0.412 | F8: 0.405 | G8: 0.383 | H8: 0.383 | I8: 0.398 | J8: 0.374 | K8: 0.4 | L8: 0.398 | M8: 0.412 | N8: 0.391 | O8: 0.38 | P8: 0.389 | Q8: 0.405 | R8: 0.342 | S8: 0.334 | T8: 0.32 | U8: 0.325 | V8: 0.338 | W8: 0.323 | X8: 0.332 | Y8: 0.36 | Z8: 0.342 | AA8: 0.334 | AB8: 0.347 | AC8: 0.352 | AD8: 0.358 | AE8: 0.349 | AF8: 0.338 | AG8: 0.329 | AH8: 0.349 | AI8: 0.345 | AJ8: 0.345 | AK8: 0.345 | AL8: 0.343 | AM8: 0.34 | AN8: 0.334 | AO8: 0.365 | AP8: 0.363 | AQ8: 0.349 | AR8: 0.358 | AS8: 0.36 | AT8: 0.354 | AU8: 0.356 | AV8: 0.369 | AW8: 0.351 | AX8: 0.374 | AY8: 0.367 | AZ8: 0.356 | BA8: 0.354 | BB8: 0.345 | BC8: 0.336 | BD8: 0.323 | BE8: 0.352 | BF8: 0.329 | BG8: 0.314 | BH8: 0.332 | BI8: 0.32 | BJ8: 0.331 | BK8: 0.318 | BL8: 0.34 | BM8: 0.347
B9: 60 | C9: =32*B9/4095 -> 0.46886447 | D9: =MIN(F9:AO9) -> 0.44 | E9: =MAX(F9:AO9) -> 0.534 | F9: 0.521 | G9: 0.496 | H9: 0.494 | I9: 0.512 | J9: 0.487 | K9: 0.516 | L9: 0.514 | M9: 0.534 | N9: 0.507 | O9: 0.494 | P9: 0.501 | Q9: 0.525 | R9: 0.467 | S9: 0.456 | T9: 0.44 | U9: 0.447 | V9: 0.46 | W9: 0.443 | X9: 0.449 | Y9: 0.481 | Z9: 0.458 | AA9: 0.447 | AB9: 0.465 | AC9: 0.47 | AD9: 0.478 | AE9: 0.469 | AF9: 0.456 | AG9: 0.445 | AH9: 0.463 | AI9: 0.465 | AJ9: 0.463 | AK9: 0.461 | AL9: 0.458 | AM9: 0.454 | AN9: 0.447 | AO9: 0.487 | AP9: 0.476 | AQ9: 0.458 | AR9: 0.47 | AS9: 0.474 | AT9: 0.465 | AU9: 0.469 | AV9: 0.483 | AW9: 0.46 | AX9: 0.487 | AY9: 0.48 | AZ9: 0.465 | BA9: 0.463 | BB9: 0.458 | BC9: 0.447 | BD9: 0.431 | BE9: 0.467 | BF9: 0.434 | BG9: 0.42 | BH9: 0.44 | BI9: 0.427 | BJ9: 0.44 | BK9: 0.425 | BL9: 0.454 | BM9: 0.461
B10: 75 | C10: =32*B10/4095 -> 0.58608059 | D10: =MIN(F10:AO10) -> 0.556 | E10: =MAX(F10:AO10) -> 0.65 | F10: 0.638 | G10: 0.609 | H10: 0.605 | I10: 0.627 | J10: 0.596 | K10: 0.636 | L10: 0.63 | M10: 0.65 | N10: 0.619 | O10: 0.605 | P10: 0.614 | Q10: 0.643 | R10: 0.585 | S10: 0.574 | T10: 0.556 | U10: 0.56 | V10: 0.576 | W10: 0.561 | X10: 0.565 | Y10: 0.603 | Z10: 0.574 | AA10: 0.565 | AB10: 0.587 | AC10: 0.592 | AD10: 0.596 | AE10: 0.587 | AF10: 0.574 | AG10: 0.561 | AH10: 0.583 | AI10: 0.587 | AJ10: 0.583 | AK10: 0.578 | AL10: 0.578 | AM10: 0.572 | AN10: 0.565 | AO10: 0.61 | AP10: 0.583 | AQ10: 0.561 | AR10: 0.576 | AS10: 0.579 | AT10: 0.57 | AU10: 0.574 | AV10: 0.59 | AW10: 0.567 | AX10: 0.598 | AY10: 0.587 | AZ10: 0.572 | BA10: 0.57 | BB10: 0.576 | BC10: 0.56 | BD10: 0.545 | BE10: 0.583 | BF10: 0.549 | BG10: 0.529 | BH10: 0.552 | BI10: 0.54 | BJ10: 0.554 | BK10: 0.54 | BL10: 0.569 | BM10: 0.576
B11: 90 | C11: =32*B11/4095 -> 0.7032967 | D11: =MIN(F11:AO11) -> 0.67 | E11: =MAX(F11:AO11) -> 0.77 | F11: 0.754 | G11: 0.721 | H11: 0.723 | I11: 0.745 | J11: 0.71 | K11: 0.756 | L11: 0.743 | M11: 0.77 | N11: 0.736 | O11: 0.718 | P11: 0.73 | Q11: 0.758 | R11: 0.705 | S11: 0.69 | T11: 0.67 | U11: 0.676 | V11: 0.696 | W11: 0.679 | X11: 0.683 | Y11: 0.725 | Z11: 0.696 | AA11: 0.683 | AB11: 0.705 | AC11: 0.714 | AD11: 0.714 | AE11: 0.707 | AF11: 0.692 | AG11: 0.674 | AH11: 0.701 | AI11: 0.705 | AJ11: 0.699 | AK11: 0.694 | AL11: 0.694 | AM11: 0.688 | AN11: 0.681 | AO11: 0.73 | AP11: 0.696 | AQ11: 0.674 | AR11: 0.685 | AS11: 0.69 | AT11: 0.681 | AU11: 0.683 | AV11: 0.705 | AW11: 0.678 | AX11: 0.712 | AY11: 0.703 | AZ11: 0.687 | BA11: 0.681 | BB11: 0.69 | BC11: 0.674 | BD11: 0.652 | BE11: 0.698 | BF11: 0.658 | BG11: 0.638 | BH11: 0.663 | BI11: 0.649 | BJ11: 0.665 | BK11: 0.649 | BL11: 0.681 | BM11: 0.69
B12: 105 | C12: =32*B12/4095 -> 0.82051282 | D12: =MIN(F12:AO12) -> 0.785 | E12: =MAX(F12:AO12) -> 0.885 | F12: 0.868 | G12: 0.834 | H12: 0.837 | I12: 0.861 | J12: 0.821 | K12: 0.87 | L12: 0.859 | M12: 0.885 | N12: 0.85 | O12: 0.834 | P12: 0.843 | Q12: 0.876 | R12: 0.825 | S12: 0.81 | T12: 0.788 | U12: 0.794 | V12: 0.812 | W12: 0.797 | X12: 0.801 | Y12: 0.847 | Z12: 0.812 | AA12: 0.801 | AB12: 0.825 | AC12: 0.834 | AD12: 0.828 | AE12: 0.817 | AF12: 0.803 | AG12: 0.785 | AH12: 0.814 | AI12: 0.817 | AJ12: 0.814 | AK12: 0.803 | AL12: 0.808 | AM12: 0.801 | AN12: 0.797 | AO12: 0.852 | AP12: 0.812 | AQ12: 0.787 | AR12: 0.796 | AS12: 0.805 | AT12: 0.794 | AU12: 0.799 | AV12: 0.819 | AW12: 0.79 | AX12: 0.827 | AY12: 0.816 | AZ12: 0.801 | BA12: 0.794 | BB12: 0.805 | BC12: 0.785 | BD12: 0.767 | BE12: 0.812 | BF12: 0.767 | BG12: 0.75 | BH12: 0.776 | BI12: 0.761 | BJ12: 0.776 | BK12: 0.763 | BL12: 0.796 | BM12: 0.805
B13: 120 | C13: =32*B13/4095 -> 0.93772894 | D13: =MIN(F13:AO13) -> 0.905 | E13: =MAX(F13:AO13) -> 1.001 | F13: 0.985 | G13: 0.946 | H13: 0.95 | I13: 0.976 | J13: 0.934 | K13: 0.99 | L13: 0.974 | M13: 1.001 | N13: 0.968 | O13: 0.945 | P13: 0.956 | Q13: 0.992 | R13: 0.945 | S13: 0.928 | T13: 0.905 | U13: 0.912 | V13: 0.93 | W13: 0.917 | X13: 0.917 | Y13: 0.966 | Z13: 0.93 | AA13: 0.917 | AB13: 0.943 | AC13: 0.954 | AD13: 0.946 | AE13: 0.941 | AF13: 0.923 | AG13: 0.905 | AH13: 0.934 | AI13: 0.941 | AJ13: 0.937 | AK13: 0.923 | AL13: 0.925 | AM13: 0.917 | AN13: 0.914 | AO13: 0.972 | AP13: 0.926 | AQ13: 0.897 | AR13: 0.908 | AS13: 0.917 | AT13: 0.906 | AU13: 0.91 | AV13: 0.934 | AW13: 0.903 | AX13: 0.943 | AY13: 0.928 | AZ13: 0.914 | BA13: 0.906 | BB13: 0.916 | BC13: 0.899 | BD13: 0.876 | BE13: 0.926 | BF13: 0.877 | BG13: 0.861 | BH13: 0.886 | BI13: 0.872 | BJ13: 0.888 | BK13: 0.876 | BL13: 0.91 | BM13: 0.919
B14: 135 | C14: =32*B14/4095 -> 1.0549451 | D14: =MIN(F14:AO14) -> 1.015 | E14: =MAX(F14:AO14) -> 1.11 | F14: 1.095 | G14: 1.055 | H14: 1.057 | I14: 1.086 | J14: 1.039 | K14: 1.099 | L14: 1.083 | M14: 1.11 | N14: 1.077 | O14: 1.05 | P14: 1.063 | Q14: 1.101 | R14: 1.061 | S14: 1.043 | T14: 1.019 | U14: 1.025 | V14: 1.045 | W14: 1.032 | X14: 1.03 | Y14: 1.084 | Z14: 1.046 | AA14: 1.028 | AB14: 1.061 | AC14: 1.07 | AD14: 1.059 | AE14: 1.054 | AF14: 1.035 | AG14: 1.015 | AH14: 1.048 | AI14: 1.057 | AJ14: 1.05 | AK14: 1.034 | AL14: 1.039 | AM14: 1.028 | AN14: 1.026 | AO14: 1.088 | AP14: 1.037 | AQ14: 1.006 | AR14: 1.021 | AS14: 1.03 | AT14: 1.021 | AU14: 1.023 | AV14: 1.046 | AW14: 1.017 | AX14: 1.059 | AY14: 1.043 | AZ14: 1.028 | BA14: 1.021 | BB14: 1.035 | BC14: 1.017 | BD14: 0.992 | BE14: 1.043 | BF14: 0.992 | BG14: 0.972 | BH14: 1.001 | BI14: 0.986 | BJ14: 1.001 | BK14: 0.988 | BL14: 1.026 | BM14: 1.039
B15: 150 | C15: =32*B15/4095 -> 1.1721612 | D15: =MIN(F15:AO15) -> 1.128 | E15: =MAX(F15:AO15) -> 1.23 | F15: 1.208 | G15: 1.17 | H15: 1.174 | I15: 1.203 | J15: 1.152 | K15: 1.217 | L15: 1.195 | M15: 1.23 | N15: 1.192 | O15: 1.168 | P15: 1.177 | Q15: 1.223 | R15: 1.181 | S15: 1.163 | T15: 1.137 | U15: 1.144 | V15: 1.161 | W15: 1.152 | X15: 1.15 | Y15: 1.203 | Z15: 1.166 | AA15: 1.148 | AB15: 1.179 | AC15: 1.19 | AD15: 1.175 | AE15: 1.174 | AF15: 1.154 | AG15: 1.128 | AH15: 1.164 | AI15: 1.175 | AJ15: 1.166 | AK15: 1.15 | AL15: 1.155 | AM15: 1.144 | AN15: 1.141 | AO15: 1.204 | AP15: 1.154 | AQ15: 1.121 | AR15: 1.13 | AS15: 1.144 | AT15: 1.132 | AU15: 1.137 | AV15: 1.159 | AW15: 1.128 | AX15: 1.17 | AY15: 1.157 | AZ15: 1.143 | BA15: 1.13 | BB15: 1.148 | BC15: 1.13 | BD15: 1.104 | BE15: 1.157 | BF15: 1.104 | BG15: 1.083 | BH15: 1.114 | BI15: 1.097 | BJ15: 1.115 | BK15: 1.103 | BL15: 1.141 | BM15: 1.152
B16: 165 | C16: =32*B16/4095 -> 1.2893773 | D16: =MIN(F16:AO16) -> 1.246 | E16: =MAX(F16:AO16) -> 1.348 | F16: 1.324 | G16: 1.283 | H16: 1.286 | I16: 1.321 | J16: 1.266 | K16: 1.337 | L16: 1.313 | M16: 1.348 | N16: 1.31 | O16: 1.284 | P16: 1.293 | Q16: 1.337 | R16: 1.301 | S16: 1.279 | T16: 1.253 | U16: 1.264 | V16: 1.281 | W16: 1.27 | X16: 1.266 | Y16: 1.324 | Z16: 1.286 | AA16: 1.268 | AB16: 1.301 | AC16: 1.31 | AD16: 1.288 | AE16: 1.288 | AF16: 1.268 | AG16: 1.246 | AH16: 1.281 | AI16: 1.292 | AJ16: 1.284 | AK16: 1.264 | AL16: 1.27 | AM16: 1.259 | AN16: 1.257 | AO16: 1.324 | AP16: 1.268 | AQ16: 1.235 | AR16: 1.246 | AS16: 1.259 | AT16: 1.248 | AU16: 1.252 | AV16: 1.275 | AW16: 1.244 | AX16: 1.288 | AY16: 1.273 | AZ16: 1.257 | BA16: 1.25 | BB16: 1.263 | BC16: 1.244 | BD16: 1.217 | BE16: 1.272 | BF16: 1.213 | BG16: 1.197 | BH16: 1.226 | BI16: 1.212 | BJ16: 1.226 | BK16: 1.219 | BL16: 1.257 | BM16: 1.27
... B278: 4095 | C278: =32*B278/4095 -> 32 | D278: =MIN(F278:AO278) -> 31.278 | E278: =MAX(F278:AO278) -> 32.348 | F278: 32.099 | G278: 31.974 | H278: 32.339 | I278: 31.32 | J278: 32.306 | K278: 31.474 | L278: 31.659 | M278: 31.619 | N278: 31.725 | O278: 32.331 | P278: 32.095 | Q278: 31.51 | R278: 31.846 | S278: 31.892 | T278: 32.213 | U278: 32.101 | V278: 32.232 | W278: 31.866 | X278: 31.819 | Y278: 31.278 | Z278: 31.861 | AA278: 32.115 | AB278: 31.83 | AC278: 31.579 | AD278: 32.157 | AE278: 31.994 | AF278: 32.088 | AG278: 32.202 | AH278: 32.348 | AI278: 31.688 | AJ278: 31.786 | AK278: 32.202 | AL278: 31.888 | AM278: 32.021 | AN278: 31.863 | AO278: 31.351 | AP278: 32.315 | AQ278: 32.671 | AR278: 32.965 | AS278: 32.161 | AT278: 32.637 | AU278: 32.471 | AV278: 32.386 | AW278: 32.568 | AX278: 32.157 | AY278: 32.273 | AZ278: 32.462 | BA278: 32.927 | BB278: 32.132 | BC278: 32.333 | BD278: 32.311 | BE278: 31.921 | BF278: 32.397 | BG278: 32.88 | BH278: 32.341 | BI278: 32.428 | BJ278: 32.82 | BK278: 32.193 | BL278: 31.932 | BM278: 31.743

Sheet #1 ~ #5, (400, 1800), 오차
E2: ictl_l | F2: 58 | G2: 57 | H2: 63 | I2: 39 | J2: 65 | K2: 44 | L2: 46 | M2: 46 | N2: 51 | O2: 66 | P2: 57 | Q2: 43 | R2: 53 | S2: 58 | T2: 59 | U2: 55 | V2: 62 | W2: 51 | X2: 51 | Y2: 39 | Z2: 54 | AA2: 58 | AB2: 51 | AC2: 47 | AD2: 60 | AE2: 52 | AF2: 53 | AG2: 61 | AH2: 61 | AI2: 44 | AJ2: 51 | AK2: 61 | AL2: 54 | AM2: 53 | AN2: 51 | AO2: 42 | AP2: 73 | AQ2: 79 | AR2: 85 | AS2: 68 | AT2: 75 | AU2: 76 | AV2: 75 | AW2: 74 | AX2: 65 | AY2: 68 | AZ2: 72 | BA2: 84 | BB2: 63 | BC2: 66 | BD2: 68 | BE2: 57 | BF2: 70 | BG2: 79 | BH2: 70 | BI2: 67 | BJ2: 76 | BK2: 61 | BL2: 57 | BM2: 54
E3: ictl_h | F3: 59 | G3: 55 | H3: 61 | I3: 41 | J3: 61 | K3: 47 | L3: 47 | M3: 49 | N3: 51 | O3: 64 | P3: 56 | Q3: 45 | R3: 57 | S3: 60 | T3: 59 | U3: 56 | V3: 64 | W3: 53 | X3: 52 | Y3: 44 | Z3: 56 | AA3: 59 | AB3: 55 | AC3: 52 | AD3: 63 | AE3: 55 | AF3: 55 | AG3: 60 | AH3: 63 | AI3: 47 | AJ3: 54 | AK3: 61 | AL3: 55 | AM3: 53 | AN3: 52 | AO3: 48 | AP3: 69 | AQ3: 72 | AR3: 78 | AS3: 64 | AT3: 70 | AU3: 71 | AV3: 72 | AW3: 68 | AX3: 63 | AY3: 65 | AZ3: 68 | BA3: 78 | BB3: 63 | BC3: 64 | BD3: 63 | BE3: 57 | BF3: 65 | BG3: 72 | BH3: 66 | BI3: 62 | BJ3: 71 | BK3: 57 | BL3: 56 | BM3: 54
B4: data | C4: ideal | D4: min | E4: max | F4: io_1 | G4: io_2 | H4: io_3 | I4: io_4 | J4: io_5 | K4: io_6 | L4: io_7 | M4: io_8 | N4: io_9 | O4: io_10 | P4: io_11 | Q4: io_12 | R4: io_1 | S4: io_2 | T4: io_3 | U4: io_4 | V4: io_5 | W4: io_6 | X4: io_7 | Y4: io_8 | Z4: io_9 | AA4: io_10 | AB4: io_11 | AC4: io_12 | AD4: io_1 | AE4: io_2 | AF4: io_3 | AG4: io_4 | AH4: io_5 | AI4: io_6 | AJ4: io_7 | AK4: io_8 | AL4: io_9 | AM4: io_10 | AN4: io_11 | AO4: io_12 | AP4: io_1 | AQ4: io_2 | AR4: io_3 | AS4: io_4 | AT4: io_5 | AU4: io_6 | AV4: io_7 | AW4: io_8 | AX4: io_9 | AY4: io_10 | AZ4: io_11 | BA4: io_12 | BB4: io_1 | BC4: io_2 | BD4: io_3 | BE4: io_4 | BF4: io_5 | BG4: io_6 | BH4: io_7 | BI4: io_8 | BJ4: io_9 | BK4: io_10 | BL4: io_11 | BM4: io_12
B5: 0 | C5: =32*B5/4095 -> 0 | D5: =MIN(F5:AO5) -> #DIV/0! | E5: =MAX(F5:AO5) -> #DIV/0! | F5: =('#1 ~ #5, (400, 1800), 전류'!F5-'#1 ~ #5, (400, 1800), 전류'!$C5)/'#1 ~ #5, (400, 1800), 전류'!$C5 -> #DIV/0! | G5: =('#1 ~ #5, (400, 1800), 전류'!G5-'#1 ~ #5, (400, 1800), 전류'!$C5)/'#1 ~ #5, (400, 1800), 전류'!$C5 -> #DIV/0! | H5: =('#1 ~ #5, (400, 1800), 전류'!H5-'#1 ~ #5, (400, 1800), 전류'!$C5)/'#1 ~ #5, (400, 1800), 전류'!$C5 -> #DIV/0! | I5: =('#1 ~ #5, (400, 1800), 전류'!I5-'#1 ~ #5, (400, 1800), 전류'!$C5)/'#1 ~ #5, (400, 1800), 전류'!$C5 -> #DIV/0! | J5: =('#1 ~ #5, (400, 1800), 전류'!J5-'#1 ~ #5, (400, 1800), 전류'!$C5)/'#1 ~ #5, (400, 1800), 전류'!$C5 -> #DIV/0! | K5: =('#1 ~ #5, (400, 1800), 전류'!K5-'#1 ~ #5, (400, 1800), 전류'!$C5)/'#1 ~ #5, (400, 1800), 전류'!$C5 -> #DIV/0! | L5: =('#1 ~ #5, (400, 1800), 전류'!L5-'#1 ~ #5, (400, 1800), 전류'!$C5)/'#1 ~ #5, (400, 1800), 전류'!$C5 -> #DIV/0! | M5: =('#1 ~ #5, (400, 1800), 전류'!M5-'#1 ~ #5, (400, 1800), 전류'!$C5)/'#1 ~ #5, (400, 1800), 전류'!$C5 -> #DIV/0! | ... BM5: =('#1 ~ #5, (400, 1800), 전류'!BM5-'#1 ~ #5, (400, 1800), 전류'!$C5)/'#1 ~ #5, (400, 1800), 전류'!$C5 -> #DIV/0!
B6: 15 | C6: =32*B6/4095 -> 0.11721612 | D6: =MIN(F6:AO6) -> -0.22365625 | E6: =MAX(F6:AO6) -> 0.535625 | F6: =('#1 ~ #5, (400, 1800), 전류'!F6-'#1 ~ #5, (400, 1800), 전류'!$C6)/'#1 ~ #5, (400, 1800), 전류'!$C6 -> 0.5015 | G6: =('#1 ~ #5, (400, 1800), 전류'!G6-'#1 ~ #5, (400, 1800), 전류'!$C6)/'#1 ~ #5, (400, 1800), 전류'!$C6 -> 0.39059375 | H6: =('#1 ~ #5, (400, 1800), 전류'!H6-'#1 ~ #5, (400, 1800), 전류'!$C6)/'#1 ~ #5, (400, 1800), 전류'!$C6 -> 0.3820625 | I6: =('#1 ~ #5, (400, 1800), 전류'!I6-'#1 ~ #5, (400, 1800), 전류'!$C6)/'#1 ~ #5, (400, 1800), 전류'!$C6 -> 0.44178125 | J6: =('#1 ~ #5, (400, 1800), 전류'!J6-'#1 ~ #5, (400, 1800), 전류'!$C6)/'#1 ~ #5, (400, 1800), 전류'!$C6 -> 0.330875 | K6: =('#1 ~ #5, (400, 1800), 전류'!K6-'#1 ~ #5, (400, 1800), 전류'!$C6)/'#1 ~ #5, (400, 1800), 전류'!$C6 -> 0.44178125 | L6: =('#1 ~ #5, (400, 1800), 전류'!L6-'#1 ~ #5, (400, 1800), 전류'!$C6)/'#1 ~ #5, (400, 1800), 전류'!$C6 -> 0.45884375 | M6: =('#1 ~ #5, (400, 1800), 전류'!M6-'#1 ~ #5, (400, 1800), 전류'!$C6)/'#1 ~ #5, (400, 1800), 전류'!$C6 -> 0.535625 | ... BM6: =('#1 ~ #5, (400, 1800), 전류'!BM6-'#1 ~ #5, (400, 1800), 전류'!$C6)/'#1 ~ #5, (400, 1800), 전류'!$C6 -> 0.057875
B7: 30 | C7: =32*B7/4095 -> 0.23443223 | D7: =MIN(F7:AO7) -> -0.11701563 | E7: =MAX(F7:AO7) -> 0.28821875 | F7: =('#1 ~ #5, (400, 1800), 전류'!F7-'#1 ~ #5, (400, 1800), 전류'!$C7)/'#1 ~ #5, (400, 1800), 전류'!$C7 -> 0.24129687 | G7: =('#1 ~ #5, (400, 1800), 전류'!G7-'#1 ~ #5, (400, 1800), 전류'!$C7)/'#1 ~ #5, (400, 1800), 전류'!$C7 -> 0.16025 | H7: =('#1 ~ #5, (400, 1800), 전류'!H7-'#1 ~ #5, (400, 1800), 전류'!$C7)/'#1 ~ #5, (400, 1800), 전류'!$C7 -> 0.15598438 | I7: =('#1 ~ #5, (400, 1800), 전류'!I7-'#1 ~ #5, (400, 1800), 전류'!$C7)/'#1 ~ #5, (400, 1800), 전류'!$C7 -> 0.20290625 | J7: =('#1 ~ #5, (400, 1800), 전류'!J7-'#1 ~ #5, (400, 1800), 전류'!$C7)/'#1 ~ #5, (400, 1800), 전류'!$C7 -> 0.12185938 | K7: =('#1 ~ #5, (400, 1800), 전류'!K7-'#1 ~ #5, (400, 1800), 전류'!$C7)/'#1 ~ #5, (400, 1800), 전류'!$C7 -> 0.20290625 | L7: =('#1 ~ #5, (400, 1800), 전류'!L7-'#1 ~ #5, (400, 1800), 전류'!$C7)/'#1 ~ #5, (400, 1800), 전류'!$C7 -> 0.21570312 | M7: =('#1 ~ #5, (400, 1800), 전류'!M7-'#1 ~ #5, (400, 1800), 전류'!$C7)/'#1 ~ #5, (400, 1800), 전류'!$C7 -> 0.28821875 | ... BM7: =('#1 ~ #5, (400, 1800), 전류'!BM7-'#1 ~ #5, (400, 1800), 전류'!$C7)/'#1 ~ #5, (400, 1800), 전류'!$C7 -> -0.006109375
B8: 45 | C8: =32*B8/4095 -> 0.35164835 | D8: =MIN(F8:AO8) -> -0.09 | E8: =MAX(F8:AO8) -> 0.171625 | F8: =('#1 ~ #5, (400, 1800), 전류'!F8-'#1 ~ #5, (400, 1800), 전류'!$C8)/'#1 ~ #5, (400, 1800), 전류'!$C8 -> 0.15171875 | G8: =('#1 ~ #5, (400, 1800), 전류'!G8-'#1 ~ #5, (400, 1800), 전류'!$C8)/'#1 ~ #5, (400, 1800), 전류'!$C8 -> 0.08915625 | H8: =('#1 ~ #5, (400, 1800), 전류'!H8-'#1 ~ #5, (400, 1800), 전류'!$C8)/'#1 ~ #5, (400, 1800), 전류'!$C8 -> 0.08915625 | I8: =('#1 ~ #5, (400, 1800), 전류'!I8-'#1 ~ #5, (400, 1800), 전류'!$C8)/'#1 ~ #5, (400, 1800), 전류'!$C8 -> 0.1318125 | J8: =('#1 ~ #5, (400, 1800), 전류'!J8-'#1 ~ #5, (400, 1800), 전류'!$C8)/'#1 ~ #5, (400, 1800), 전류'!$C8 -> 0.0635625 | K8: =('#1 ~ #5, (400, 1800), 전류'!K8-'#1 ~ #5, (400, 1800), 전류'!$C8)/'#1 ~ #5, (400, 1800), 전류'!$C8 -> 0.1375 | L8: =('#1 ~ #5, (400, 1800), 전류'!L8-'#1 ~ #5, (400, 1800), 전류'!$C8)/'#1 ~ #5, (400, 1800), 전류'!$C8 -> 0.1318125 | M8: =('#1 ~ #5, (400, 1800), 전류'!M8-'#1 ~ #5, (400, 1800), 전류'!$C8)/'#1 ~ #5, (400, 1800), 전류'!$C8 -> 0.171625 | ... BM8: =('#1 ~ #5, (400, 1800), 전류'!BM8-'#1 ~ #5, (400, 1800), 전류'!$C8)/'#1 ~ #5, (400, 1800), 전류'!$C8 -> -0.01321875
B9: 60 | C9: =32*B9/4095 -> 0.46886447 | D9: =MIN(F9:AO9) -> -0.0615625 | E9: =MAX(F9:AO9) -> 0.13892188 | F9: =('#1 ~ #5, (400, 1800), 전류'!F9-'#1 ~ #5, (400, 1800), 전류'!$C9)/'#1 ~ #5, (400, 1800), 전류'!$C9 -> 0.11119531 | G9: =('#1 ~ #5, (400, 1800), 전류'!G9-'#1 ~ #5, (400, 1800), 전류'!$C9)/'#1 ~ #5, (400, 1800), 전류'!$C9 -> 0.057875 | H9: =('#1 ~ #5, (400, 1800), 전류'!H9-'#1 ~ #5, (400, 1800), 전류'!$C9)/'#1 ~ #5, (400, 1800), 전류'!$C9 -> 0.053609375 | I9: =('#1 ~ #5, (400, 1800), 전류'!I9-'#1 ~ #5, (400, 1800), 전류'!$C9)/'#1 ~ #5, (400, 1800), 전류'!$C9 -> 0.092 | J9: =('#1 ~ #5, (400, 1800), 전류'!J9-'#1 ~ #5, (400, 1800), 전류'!$C9)/'#1 ~ #5, (400, 1800), 전류'!$C9 -> 0.038679687 | K9: =('#1 ~ #5, (400, 1800), 전류'!K9-'#1 ~ #5, (400, 1800), 전류'!$C9)/'#1 ~ #5, (400, 1800), 전류'!$C9 -> 0.10053125 | L9: =('#1 ~ #5, (400, 1800), 전류'!L9-'#1 ~ #5, (400, 1800), 전류'!$C9)/'#1 ~ #5, (400, 1800), 전류'!$C9 -> 0.096265625 | M9: =('#1 ~ #5, (400, 1800), 전류'!M9-'#1 ~ #5, (400, 1800), 전류'!$C9)/'#1 ~ #5, (400, 1800), 전류'!$C9 -> 0.13892188 | ... BM9: =('#1 ~ #5, (400, 1800), 전류'!BM9-'#1 ~ #5, (400, 1800), 전류'!$C9)/'#1 ~ #5, (400, 1800), 전류'!$C9 -> -0.016773437
B10: 75 | C10: =32*B10/4095 -> 0.58608059 | D10: =MIN(F10:AO10) -> -0.051325 | E10: =MAX(F10:AO10) -> 0.1090625 | F10: =('#1 ~ #5, (400, 1800), 전류'!F10-'#1 ~ #5, (400, 1800), 전류'!$C10)/'#1 ~ #5, (400, 1800), 전류'!$C10 -> 0.0885875 | G10: =('#1 ~ #5, (400, 1800), 전류'!G10-'#1 ~ #5, (400, 1800), 전류'!$C10)/'#1 ~ #5, (400, 1800), 전류'!$C10 -> 0.03910625 | H10: =('#1 ~ #5, (400, 1800), 전류'!H10-'#1 ~ #5, (400, 1800), 전류'!$C10)/'#1 ~ #5, (400, 1800), 전류'!$C10 -> 0.03228125 | I10: =('#1 ~ #5, (400, 1800), 전류'!I10-'#1 ~ #5, (400, 1800), 전류'!$C10)/'#1 ~ #5, (400, 1800), 전류'!$C10 -> 0.06981875 | J10: =('#1 ~ #5, (400, 1800), 전류'!J10-'#1 ~ #5, (400, 1800), 전류'!$C10)/'#1 ~ #5, (400, 1800), 전류'!$C10 -> 0.016925 | K10: =('#1 ~ #5, (400, 1800), 전류'!K10-'#1 ~ #5, (400, 1800), 전류'!$C10)/'#1 ~ #5, (400, 1800), 전류'!$C10 -> 0.085175 | L10: =('#1 ~ #5, (400, 1800), 전류'!L10-'#1 ~ #5, (400, 1800), 전류'!$C10)/'#1 ~ #5, (400, 1800), 전류'!$C10 -> 0.0749375 | M10: =('#1 ~ #5, (400, 1800), 전류'!M10-'#1 ~ #5, (400, 1800), 전류'!$C10)/'#1 ~ #5, (400, 1800), 전류'!$C10 -> 0.1090625 | ... BM10: =('#1 ~ #5, (400, 1800), 전류'!BM10-'#1 ~ #5, (400, 1800), 전류'!$C10)/'#1 ~ #5, (400, 1800), 전류'!$C10 -> -0.0172
B11: 90 | C11: =32*B11/4095 -> 0.7032967 | D11: =MIN(F11:AO11) -> -0.04734375 | E11: =MAX(F11:AO11) -> 0.09484375 | F11: =('#1 ~ #5, (400, 1800), 전류'!F11-'#1 ~ #5, (400, 1800), 전류'!$C11)/'#1 ~ #5, (400, 1800), 전류'!$C11 -> 0.07209375 | G11: =('#1 ~ #5, (400, 1800), 전류'!G11-'#1 ~ #5, (400, 1800), 전류'!$C11)/'#1 ~ #5, (400, 1800), 전류'!$C11 -> 0.025171875 | H11: =('#1 ~ #5, (400, 1800), 전류'!H11-'#1 ~ #5, (400, 1800), 전류'!$C11)/'#1 ~ #5, (400, 1800), 전류'!$C11 -> 0.028015625 | I11: =('#1 ~ #5, (400, 1800), 전류'!I11-'#1 ~ #5, (400, 1800), 전류'!$C11)/'#1 ~ #5, (400, 1800), 전류'!$C11 -> 0.059296875 | J11: =('#1 ~ #5, (400, 1800), 전류'!J11-'#1 ~ #5, (400, 1800), 전류'!$C11)/'#1 ~ #5, (400, 1800), 전류'!$C11 -> 0.00953125 | K11: =('#1 ~ #5, (400, 1800), 전류'!K11-'#1 ~ #5, (400, 1800), 전류'!$C11)/'#1 ~ #5, (400, 1800), 전류'!$C11 -> 0.0749375 | L11: =('#1 ~ #5, (400, 1800), 전류'!L11-'#1 ~ #5, (400, 1800), 전류'!$C11)/'#1 ~ #5, (400, 1800), 전류'!$C11 -> 0.056453125 | M11: =('#1 ~ #5, (400, 1800), 전류'!M11-'#1 ~ #5, (400, 1800), 전류'!$C11)/'#1 ~ #5, (400, 1800), 전류'!$C11 -> 0.09484375 | ... BM11: =('#1 ~ #5, (400, 1800), 전류'!BM11-'#1 ~ #5, (400, 1800), 전류'!$C11)/'#1 ~ #5, (400, 1800), 전류'!$C11 -> -0.01890625
B12: 105 | C12: =32*B12/4095 -> 0.82051282 | D12: =MIN(F12:AO12) -> -0.04328125 | E12: =MAX(F12:AO12) -> 0.07859375 | F12: =('#1 ~ #5, (400, 1800), 전류'!F12-'#1 ~ #5, (400, 1800), 전류'!$C12)/'#1 ~ #5, (400, 1800), 전류'!$C12 -> 0.057875 | G12: =('#1 ~ #5, (400, 1800), 전류'!G12-'#1 ~ #5, (400, 1800), 전류'!$C12)/'#1 ~ #5, (400, 1800), 전류'!$C12 -> 0.0164375 | H12: =('#1 ~ #5, (400, 1800), 전류'!H12-'#1 ~ #5, (400, 1800), 전류'!$C12)/'#1 ~ #5, (400, 1800), 전류'!$C12 -> 0.02009375 | I12: =('#1 ~ #5, (400, 1800), 전류'!I12-'#1 ~ #5, (400, 1800), 전류'!$C12)/'#1 ~ #5, (400, 1800), 전류'!$C12 -> 0.04934375 | J12: =('#1 ~ #5, (400, 1800), 전류'!J12-'#1 ~ #5, (400, 1800), 전류'!$C12)/'#1 ~ #5, (400, 1800), 전류'!$C12 -> 0.00059375 | K12: =('#1 ~ #5, (400, 1800), 전류'!K12-'#1 ~ #5, (400, 1800), 전류'!$C12)/'#1 ~ #5, (400, 1800), 전류'!$C12 -> 0.0603125 | L12: =('#1 ~ #5, (400, 1800), 전류'!L12-'#1 ~ #5, (400, 1800), 전류'!$C12)/'#1 ~ #5, (400, 1800), 전류'!$C12 -> 0.04690625 | M12: =('#1 ~ #5, (400, 1800), 전류'!M12-'#1 ~ #5, (400, 1800), 전류'!$C12)/'#1 ~ #5, (400, 1800), 전류'!$C12 -> 0.07859375 | ... BM12: =('#1 ~ #5, (400, 1800), 전류'!BM12-'#1 ~ #5, (400, 1800), 전류'!$C12)/'#1 ~ #5, (400, 1800), 전류'!$C12 -> -0.01890625
B13: 120 | C13: =32*B13/4095 -> 0.93772894 | D13: =MIN(F13:AO13) -> -0.034902344 | E13: =MAX(F13:AO13) -> 0.067472656 | F13: =('#1 ~ #5, (400, 1800), 전류'!F13-'#1 ~ #5, (400, 1800), 전류'!$C13)/'#1 ~ #5, (400, 1800), 전류'!$C13 -> 0.050410156 | G13: =('#1 ~ #5, (400, 1800), 전류'!G13-'#1 ~ #5, (400, 1800), 전류'!$C13)/'#1 ~ #5, (400, 1800), 전류'!$C13 -> 0.0088203125 | H13: =('#1 ~ #5, (400, 1800), 전류'!H13-'#1 ~ #5, (400, 1800), 전류'!$C13)/'#1 ~ #5, (400, 1800), 전류'!$C13 -> 0.013085937 | I13: =('#1 ~ #5, (400, 1800), 전류'!I13-'#1 ~ #5, (400, 1800), 전류'!$C13)/'#1 ~ #5, (400, 1800), 전류'!$C13 -> 0.0408125 | J13: =('#1 ~ #5, (400, 1800), 전류'!J13-'#1 ~ #5, (400, 1800), 전류'!$C13)/'#1 ~ #5, (400, 1800), 전류'!$C13 -> -0.0039765625 | K13: =('#1 ~ #5, (400, 1800), 전류'!K13-'#1 ~ #5, (400, 1800), 전류'!$C13)/'#1 ~ #5, (400, 1800), 전류'!$C13 -> 0.055742187 | L13: =('#1 ~ #5, (400, 1800), 전류'!L13-'#1 ~ #5, (400, 1800), 전류'!$C13)/'#1 ~ #5, (400, 1800), 전류'!$C13 -> 0.038679687 | M13: =('#1 ~ #5, (400, 1800), 전류'!M13-'#1 ~ #5, (400, 1800), 전류'!$C13)/'#1 ~ #5, (400, 1800), 전류'!$C13 -> 0.067472656 | ... BM13: =('#1 ~ #5, (400, 1800), 전류'!BM13-'#1 ~ #5, (400, 1800), 전류'!$C13)/'#1 ~ #5, (400, 1800), 전류'!$C13 -> -0.019972656
B14: 135 | C14: =32*B14/4095 -> 1.0549451 | D14: =MIN(F14:AO14) -> -0.037864583 | E14: =MAX(F14:AO14) -> 0.0521875 | F14: =('#1 ~ #5, (400, 1800), 전류'!F14-'#1 ~ #5, (400, 1800), 전류'!$C14)/'#1 ~ #5, (400, 1800), 전류'!$C14 -> 0.03796875 | G14: =('#1 ~ #5, (400, 1800), 전류'!G14-'#1 ~ #5, (400, 1800), 전류'!$C14)/'#1 ~ #5, (400, 1800), 전류'!$C14 -> 5.2083333e-05 | H14: =('#1 ~ #5, (400, 1800), 전류'!H14-'#1 ~ #5, (400, 1800), 전류'!$C14)/'#1 ~ #5, (400, 1800), 전류'!$C14 -> 0.0019479167 | I14: =('#1 ~ #5, (400, 1800), 전류'!I14-'#1 ~ #5, (400, 1800), 전류'!$C14)/'#1 ~ #5, (400, 1800), 전류'!$C14 -> 0.0294375 | J14: =('#1 ~ #5, (400, 1800), 전류'!J14-'#1 ~ #5, (400, 1800), 전류'!$C14)/'#1 ~ #5, (400, 1800), 전류'!$C14 -> -0.015114583 | K14: =('#1 ~ #5, (400, 1800), 전류'!K14-'#1 ~ #5, (400, 1800), 전류'!$C14)/'#1 ~ #5, (400, 1800), 전류'!$C14 -> 0.041760417 | L14: =('#1 ~ #5, (400, 1800), 전류'!L14-'#1 ~ #5, (400, 1800), 전류'!$C14)/'#1 ~ #5, (400, 1800), 전류'!$C14 -> 0.02659375 | M14: =('#1 ~ #5, (400, 1800), 전류'!M14-'#1 ~ #5, (400, 1800), 전류'!$C14)/'#1 ~ #5, (400, 1800), 전류'!$C14 -> 0.0521875 | ... BM14: =('#1 ~ #5, (400, 1800), 전류'!BM14-'#1 ~ #5, (400, 1800), 전류'!$C14)/'#1 ~ #5, (400, 1800), 전류'!$C14 -> -0.015114583
B15: 150 | C15: =32*B15/4095 -> 1.1721612 | D15: =MIN(F15:AO15) -> -0.037675 | E15: =MAX(F15:AO15) -> 0.04934375 | F15: =('#1 ~ #5, (400, 1800), 전류'!F15-'#1 ~ #5, (400, 1800), 전류'!$C15)/'#1 ~ #5, (400, 1800), 전류'!$C15 -> 0.030575 | G15: =('#1 ~ #5, (400, 1800), 전류'!G15-'#1 ~ #5, (400, 1800), 전류'!$C15)/'#1 ~ #5, (400, 1800), 전류'!$C15 -> -0.00184375 | H15: =('#1 ~ #5, (400, 1800), 전류'!H15-'#1 ~ #5, (400, 1800), 전류'!$C15)/'#1 ~ #5, (400, 1800), 전류'!$C15 -> 0.00156875 | I15: =('#1 ~ #5, (400, 1800), 전류'!I15-'#1 ~ #5, (400, 1800), 전류'!$C15)/'#1 ~ #5, (400, 1800), 전류'!$C15 -> 0.026309375 | J15: =('#1 ~ #5, (400, 1800), 전류'!J15-'#1 ~ #5, (400, 1800), 전류'!$C15)/'#1 ~ #5, (400, 1800), 전류'!$C15 -> -0.0172 | K15: =('#1 ~ #5, (400, 1800), 전류'!K15-'#1 ~ #5, (400, 1800), 전류'!$C15)/'#1 ~ #5, (400, 1800), 전류'!$C15 -> 0.038253125 | L15: =('#1 ~ #5, (400, 1800), 전류'!L15-'#1 ~ #5, (400, 1800), 전류'!$C15)/'#1 ~ #5, (400, 1800), 전류'!$C15 -> 0.019484375 | M15: =('#1 ~ #5, (400, 1800), 전류'!M15-'#1 ~ #5, (400, 1800), 전류'!$C15)/'#1 ~ #5, (400, 1800), 전류'!$C15 -> 0.04934375 | ... BM15: =('#1 ~ #5, (400, 1800), 전류'!BM15-'#1 ~ #5, (400, 1800), 전류'!$C15)/'#1 ~ #5, (400, 1800), 전류'!$C15 -> -0.0172
B16: 165 | C16: =32*B16/4095 -> 1.2893773 | D16: =MIN(F16:AO16) -> -0.033642045 | E16: =MAX(F16:AO16) -> 0.045465909 | F16: =('#1 ~ #5, (400, 1800), 전류'!F16-'#1 ~ #5, (400, 1800), 전류'!$C16)/'#1 ~ #5, (400, 1800), 전류'!$C16 -> 0.026852273 | G16: =('#1 ~ #5, (400, 1800), 전류'!G16-'#1 ~ #5, (400, 1800), 전류'!$C16)/'#1 ~ #5, (400, 1800), 전류'!$C16 -> -0.0049460227 | H16: =('#1 ~ #5, (400, 1800), 전류'!H16-'#1 ~ #5, (400, 1800), 전류'!$C16)/'#1 ~ #5, (400, 1800), 전류'!$C16 -> -0.0026193182 | I16: =('#1 ~ #5, (400, 1800), 전류'!I16-'#1 ~ #5, (400, 1800), 전류'!$C16)/'#1 ~ #5, (400, 1800), 전류'!$C16 -> 0.024525568 | J16: =('#1 ~ #5, (400, 1800), 전류'!J16-'#1 ~ #5, (400, 1800), 전류'!$C16)/'#1 ~ #5, (400, 1800), 전류'!$C16 -> -0.018130682 | K16: =('#1 ~ #5, (400, 1800), 전류'!K16-'#1 ~ #5, (400, 1800), 전류'!$C16)/'#1 ~ #5, (400, 1800), 전류'!$C16 -> 0.036934659 | L16: =('#1 ~ #5, (400, 1800), 전류'!L16-'#1 ~ #5, (400, 1800), 전류'!$C16)/'#1 ~ #5, (400, 1800), 전류'!$C16 -> 0.018321023 | M16: =('#1 ~ #5, (400, 1800), 전류'!M16-'#1 ~ #5, (400, 1800), 전류'!$C16)/'#1 ~ #5, (400, 1800), 전류'!$C16 -> 0.045465909 | ... BM16: =('#1 ~ #5, (400, 1800), 전류'!BM16-'#1 ~ #5, (400, 1800), 전류'!$C16)/'#1 ~ #5, (400, 1800), 전류'!$C16 -> -0.015028409
... B278: 4095 | C278: =32*B278/4095 -> 32 | D278: =MIN(F278:AO278) -> -0.0225625 | E278: =MAX(F278:AO278) -> 0.010875 | F278: =('#1 ~ #5, (400, 1800), 전류'!F278-'#1 ~ #5, (400, 1800), 전류'!$C278)/'#1 ~ #5, (400, 1800), 전류'!$C278 -> 0.00309375 | G278: =('#1 ~ #5, (400, 1800), 전류'!G278-'#1 ~ #5, (400, 1800), 전류'!$C278)/'#1 ~ #5, (400, 1800), 전류'!$C278 -> -0.0008125 | H278: =('#1 ~ #5, (400, 1800), 전류'!H278-'#1 ~ #5, (400, 1800), 전류'!$C278)/'#1 ~ #5, (400, 1800), 전류'!$C278 -> 0.01059375 | I278: =('#1 ~ #5, (400, 1800), 전류'!I278-'#1 ~ #5, (400, 1800), 전류'!$C278)/'#1 ~ #5, (400, 1800), 전류'!$C278 -> -0.02125 | J278: =('#1 ~ #5, (400, 1800), 전류'!J278-'#1 ~ #5, (400, 1800), 전류'!$C278)/'#1 ~ #5, (400, 1800), 전류'!$C278 -> 0.0095625 | K278: =('#1 ~ #5, (400, 1800), 전류'!K278-'#1 ~ #5, (400, 1800), 전류'!$C278)/'#1 ~ #5, (400, 1800), 전류'!$C278 -> -0.0164375 | L278: =('#1 ~ #5, (400, 1800), 전류'!L278-'#1 ~ #5, (400, 1800), 전류'!$C278)/'#1 ~ #5, (400, 1800), 전류'!$C278 -> -0.01065625 | M278: =('#1 ~ #5, (400, 1800), 전류'!M278-'#1 ~ #5, (400, 1800), 전류'!$C278)/'#1 ~ #5, (400, 1800), 전류'!$C278 -> -0.01190625 | ... BM278: =('#1 ~ #5, (400, 1800), 전류'!BM278-'#1 ~ #5, (400, 1800), 전류'!$C278)/'#1 ~ #5, (400, 1800), 전류'!$C278 -> -0.00803125
