Workbook

Sheet #1 ~ #5, (400, 2000), 전류
E2: ictl_l | F2: 58 | G2: 47 | H2: 53 | I2: 50 | J2: 59 | K2: 62 | L2: 45 | M2: 58 | N2: 49 | O2: 92 | P2: 51 | Q2: 42 | R2: 54 | S2: 58 | T2: 59 | U2: 55 | V2: 62 | W2: 51 | X2: 51 | Y2: 39 | Z2: 54 | AA2: 58 | AB2: 51 | AC2: 47 | AD2: 60 | AE2: 73 | AF2: 80 | AG2: 54 | AH2: 52 | AI2: 79 | AJ2: 50 | AK2: 68 | AL2: 51 | AM2: 47 | AN2: 48 | AO2: 36 | AP2: 82 | AQ2: 71 | AR2: 63 | AS2: 70 | AT2: 65 | AU2: 77 | AV2: 54 | AW2: 64 | AX2: 66 | AY2: 57 | AZ2: 51 | BA2: 55 | BB2: 64 | BC2: 67 | BD2: 68 | BE2: 57 | BF2: 70 | BG2: 79 | BH2: 70 | BI2: 67 | BJ2: 76 | BK2: 61 | BL2: 57 | BM2: 54
E3: ictl_h | F3: 60 | G3: 51 | H3: 57 | I3: 54 | J3: 59 | K3: 60 | L3: 49 | M3: 59 | N3: 51 | O3: 83 | P3: 54 | Q3: 46 | R3: 57 | S3: 60 | T3: 59 | U3: 56 | V3: 64 | W3: 53 | X3: 52 | Y3: 45 | Z3: 57 | AA3: 59 | AB3: 55 | AC3: 52 | AD3: 61 | AE3: 71 | AF3: 76 | AG3: 55 | AH3: 55 | AI3: 75 | AJ3: 54 | AK3: 66 | AL3: 54 | AM3: 50 | AN3: 51 | AO3: 45 | AP3: 82 | AQ3: 70 | AR3: 66 | AS3: 73 | AT3: 67 | AU3: 78 | AV3: 59 | AW3: 66 | AX3: 68 | AY3: 62 | AZ3: 57 | BA3: 59 | BB3: 63 | BC3: 64 | BD3: 64 | BE3: 58 | BF3: 66 | BG3: 72 | BH3: 66 | BI3: 62 | BJ3: 71 | BK3: 57 | BL3: 56 | BM3: 54
B4: data | C4: ideal | D4: min | E4: max | F4: io_1 | G4: io_2 | H4: io_3 | I4: io_4 | J4: io_5 | K4: io_6 | L4: io_7 | M4: io_8 | N4: io_9 | O4: io_10 | P4: io_11 | Q4: io_12 | R4: io_1 | S4: io_2 | T4: io_3 | U4: io_4 | V4: io_5 | W4: io_6 | X4: io_7 | Y4: io_8 | Z4: io_9 | AA4: io_10 | AB4: io_11 | AC4: io_12 | AD4: io_1 | AE4: io_2 | AF4: io_3 | AG4: io_4 | AH4: io_5 | AI4: io_6 | AJ4: io_7 | AK4: io_8 | AL4: io_9 | AM4: io_10 | AN4: io_11 | AO4: io_12 | AP4: io_1 | AQ4: io_2 | AR4: io_3 | AS4: io_4 | AT4: io_5 | AU4: io_6 | AV4: io_7 | AW4: io_8 | AX4: io_9 | AY4: io_10 | AZ4: io_11 | BA4: io_12 | BB4: io_1 | BC4: io_2 | BD4: io_3 | BE4: io_4 | BF4: io_5 | BG4: io_6 | BH4: io_7 | BI4: io_8 | BJ4: io_9 | BK4: io_10 | BL4: io_11 | BM4: io_12
B5: 0 | C5: =32*B5/4095 -> 0 | D5: =MIN(F5:AO5) -> 0.004 | E5: =MAX(F5:AO5) -> 0.142 | F5: 0.127 | G5: 0.134 | H5: 0.142 | I5: 0.14 | J5: 0.133 | K5: 0.113 | L5: 0.14 | M5: 0.131 | N5: 0.131 | O5: 0.122 | P5: 0.136 | Q5: 0.14 | R5: 0.004 | S5: 0.004 | T5: 0.004 | U5: 0.004 | V5: 0.004 | W5: 0.004 | X5: 0.004 | Y5: 0.005 | Z5: 0.004 | AA5: 0.004 | AB5: 0.004 | AC5: 0.004 | AD5: 0.082 | AE5: 0.078 | AF5: 0.085 | AG5: 0.078 | AH5: 0.087 | AI5: 0.084 | AJ5: 0.093 | AK5: 0.08 | AL5: 0.089 | AM5: 0.087 | AN5: 0.087 | AO5: 0.098 | AP5: 0.002 | AQ5: 0 | AR5: 0.002 | AS5: 0.002 | AT5: 0 | AU5: 0.002 | AV5: 0.002 | AW5: 0.002 | AX5: 0.002 | AY5: 0.002 | AZ5: 0 | BA5: 0.002 | BB5: 0.02 | BC5: 0.018 | BD5: 0.016 | BE5: 0.022 | BF5: 0.02 | BG5: 0.016 | BH5: 0.018 | BI5: 0.018 | BJ5: 0.018 | BK5: 0.016 | BL5: 0.018 | BM5: 0.02
B6: 15 | C6: =32*B6/4095 -> 0.11721612 | D6: =MIN(F6:AO6) -> 0.093 | E6: =MAX(F6:AO6) -> 0.267 | F6: 0.249 | G6: 0.26 | H6: 0.267 | I6: 0.267 | J6: 0.243 | K6: 0.218 | L6: 0.26 | M6: 0.247 | N6: 0.243 | O6: 0.227 | P6: 0.258 | Q6: 0.26 | R6: 0.1 | S6: 0.1 | T6: 0.093 | U6: 0.093 | V6: 0.1 | W6: 0.093 | X6: 0.096 | Y6: 0.109 | Z6: 0.1 | AA6: 0.098 | AB6: 0.102 | AC6: 0.104 | AD6: 0.198 | AE6: 0.194 | AF6: 0.196 | AG6: 0.194 | AH6: 0.205 | AI6: 0.191 | AJ6: 0.211 | AK6: 0.191 | AL6: 0.211 | AM6: 0.207 | AN6: 0.207 | AO6: 0.227 | AP6: 0.002 | AQ6: 0.002 | AR6: 0.002 | AS6: 0.002 | AT6: 0.002 | AU6: 0 | AV6: 0.002 | AW6: 0.002 | AX6: 0.002 | AY6: 0.002 | AZ6: 0.002 | BA6: 0.002 | BB6: 0.122 | BC6: 0.118 | BD6: 0.113 | BE6: 0.129 | BF6: 0.116 | BG6: 0.109 | BH6: 0.118 | BI6: 0.113 | BJ6: 0.118 | BK6: 0.107 | BL6: 0.12 | BM6: 0.122
B7: 30 | C7: =32*B7/4095 -> 0.23443223 | D7: =MIN(F7:AO7) -> 0.205 | E7: =MAX(F7:AO7) -> 0.389 | F7: 0.361 | G7: 0.372 | H7: 0.389 | I7: 0.385 | J7: 0.358 | K7: 0.329 | L7: 0.381 | M7: 0.365 | N7: 0.36 | O7: 0.338 | P7: 0.374 | Q7: 0.381 | R7: 0.22 | S7: 0.216 | T7: 0.205 | U7: 0.207 | V7: 0.218 | W7: 0.205 | X7: 0.213 | Y7: 0.233 | Z7: 0.218 | AA7: 0.213 | AB7: 0.222 | AC7: 0.227 | AD7: 0.312 | AE7: 0.307 | AF7: 0.307 | AG7: 0.311 | AH7: 0.323 | AI7: 0.303 | AJ7: 0.331 | AK7: 0.303 | AL7: 0.331 | AM7: 0.327 | AN7: 0.329 | AO7: 0.354 | AP7: 0.004 | AQ7: 0.004 | AR7: 0.005 | AS7: 0.005 | AT7: 0.005 | AU7: 0.005 | AV7: 0.005 | AW7: 0.005 | AX7: 0.004 | AY7: 0.005 | AZ7: 0.004 | BA7: 0.005 | BB7: 0.231 | BC7: 0.225 | BD7: 0.214 | BE7: 0.238 | BF7: 0.22 | BG7: 0.207 | BH7: 0.22 | BI7: 0.213 | BJ7: 0.223 | BK7: 0.211 | BL7: 0.229 | BM7: 0.234
B8: 45 | C8: =32*B8/4095 -> 0.35164835 | D8: =MIN(F8:AO8) -> 0.322 | E8: =MAX(F8:AO8) -> 0.509 | F8: 0.481 | G8: 0.49 | H8: 0.509 | I8: 0.505 | J8: 0.476 | K8: 0.443 | L8: 0.503 | M8: 0.481 | N8: 0.48 | O8: 0.447 | P8: 0.498 | Q8: 0.503 | R8: 0.342 | S8: 0.334 | T8: 0.322 | U8: 0.325 | V8: 0.338 | W8: 0.323 | X8: 0.329 | Y8: 0.36 | Z8: 0.338 | AA8: 0.331 | AB8: 0.343 | AC8: 0.349 | AD8: 0.432 | AE8: 0.416 | AF8: 0.418 | AG8: 0.421 | AH8: 0.44 | AI8: 0.414 | AJ8: 0.449 | AK8: 0.416 | AL8: 0.452 | AM8: 0.445 | AN8: 0.445 | AO8: 0.478 | AP8: 0.096 | AQ8: 0.094 | AR8: 0.1 | AS8: 0.107 | AT8: 0.096 | AU8: 0.096 | AV8: 0.102 | AW8: 0.098 | AX8: 0.104 | AY8: 0.107 | AZ8: 0.109 | BA8: 0.105 | BB8: 0.343 | BC8: 0.334 | BD8: 0.322 | BE8: 0.356 | BF8: 0.329 | BG8: 0.312 | BH8: 0.329 | BI8: 0.318 | BJ8: 0.332 | BK8: 0.314 | BL8: 0.338 | BM8: 0.345
B9: 60 | C9: =32*B9/4095 -> 0.46886447 | D9: =MIN(F9:AO9) -> 0.434 | E9: =MAX(F9:AO9) -> 0.623 | F9: 0.596 | G9: 0.609 | H9: 0.623 | I9: 0.623 | J9: 0.589 | K9: 0.554 | L9: 0.618 | M9: 0.596 | N9: 0.592 | O9: 0.55 | P9: 0.61 | Q9: 0.616 | R9: 0.465 | S9: 0.452 | T9: 0.434 | U9: 0.445 | V9: 0.456 | W9: 0.441 | X9: 0.445 | Y9: 0.483 | Z9: 0.46 | AA9: 0.447 | AB9: 0.465 | AC9: 0.472 | AD9: 0.547 | AE9: 0.53 | AF9: 0.53 | AG9: 0.538 | AH9: 0.561 | AI9: 0.523 | AJ9: 0.565 | AK9: 0.525 | AL9: 0.563 | AM9: 0.558 | AN9: 0.563 | AO9: 0.599 | AP9: 0.209 | AQ9: 0.205 | AR9: 0.216 | AS9: 0.227 | AT9: 0.211 | AU9: 0.218 | AV9: 0.227 | AW9: 0.211 | AX9: 0.22 | AY9: 0.227 | AZ9: 0.233 | BA9: 0.222 | BB9: 0.456 | BC9: 0.443 | BD9: 0.431 | BE9: 0.467 | BF9: 0.436 | BG9: 0.418 | BH9: 0.436 | BI9: 0.427 | BJ9: 0.44 | BK9: 0.423 | BL9: 0.452 | BM9: 0.458
B10: 75 | C10: =32*B10/4095 -> 0.58608059 | D10: =MIN(F10:AO10) -> 0.55 | E10: =MAX(F10:AO10) -> 0.743 | F10: 0.71 | G10: 0.719 | H10: 0.743 | I10: 0.736 | J10: 0.698 | K10: 0.665 | L10: 0.736 | M10: 0.71 | N10: 0.707 | O10: 0.663 | P10: 0.725 | Q10: 0.734 | R10: 0.585 | S10: 0.572 | T10: 0.55 | U10: 0.56 | V10: 0.576 | W10: 0.561 | X10: 0.567 | Y10: 0.609 | Z10: 0.578 | AA10: 0.567 | AB10: 0.587 | AC10: 0.594 | AD10: 0.659 | AE10: 0.645 | AF10: 0.645 | AG10: 0.656 | AH10: 0.678 | AI10: 0.639 | AJ10: 0.687 | AK10: 0.641 | AL10: 0.685 | AM10: 0.679 | AN10: 0.685 | AO10: 0.728 | AP10: 0.322 | AQ10: 0.322 | AR10: 0.338 | AS10: 0.351 | AT10: 0.331 | AU10: 0.334 | AV10: 0.345 | AW10: 0.331 | AX10: 0.342 | AY10: 0.352 | AZ10: 0.356 | BA10: 0.343 | BB10: 0.57 | BC10: 0.556 | BD10: 0.543 | BE10: 0.585 | BF10: 0.549 | BG10: 0.527 | BH10: 0.55 | BI10: 0.538 | BJ10: 0.554 | BK10: 0.536 | BL10: 0.567 | BM10: 0.576
B11: 90 | C11: =32*B11/4095 -> 0.7032967 | D11: =MIN(F11:AO11) -> 0.667 | E11: =MAX(F11:AO11) -> 0.857 | F11: 0.821 | G11: 0.837 | H11: 0.857 | I11: 0.85 | J11: 0.81 | K11: 0.776 | L11: 0.845 | M11: 0.819 | N11: 0.817 | O11: 0.768 | P11: 0.843 | Q11: 0.85 | R11: 0.703 | S11: 0.69 | T11: 0.667 | U11: 0.679 | V11: 0.694 | W11: 0.679 | X11: 0.683 | Y11: 0.73 | Z11: 0.698 | AA11: 0.685 | AB11: 0.707 | AC11: 0.716 | AD11: 0.777 | AE11: 0.756 | AF11: 0.754 | AG11: 0.768 | AH11: 0.794 | AI11: 0.748 | AJ11: 0.801 | AK11: 0.754 | AL11: 0.799 | AM11: 0.796 | AN11: 0.803 | AO11: 0.85 | AP11: 0.44 | AQ11: 0.431 | AR11: 0.458 | AS11: 0.47 | AT11: 0.451 | AU11: 0.452 | AV11: 0.465 | AW11: 0.445 | AX11: 0.454 | AY11: 0.465 | AZ11: 0.476 | BA11: 0.461 | BB11: 0.685 | BC11: 0.669 | BD11: 0.65 | BE11: 0.696 | BF11: 0.656 | BG11: 0.636 | BH11: 0.659 | BI11: 0.645 | BJ11: 0.661 | BK11: 0.647 | BL11: 0.679 | BM11: 0.687
B12: 105 | C12: =32*B12/4095 -> 0.82051282 | D12: =MIN(F12:AO12) -> 0.783 | E12: =MAX(F12:AO12) -> 0.977 | F12: 0.941 | G12: 0.957 | H12: 0.977 | I12: 0.965 | J12: 0.926 | K12: 0.894 | L12: 0.97 | M12: 0.939 | N12: 0.937 | O12: 0.876 | P12: 0.961 | Q12: 0.968 | R12: 0.823 | S12: 0.81 | T12: 0.783 | U12: 0.796 | V12: 0.814 | W12: 0.799 | X12: 0.801 | Y12: 0.852 | Z12: 0.816 | AA12: 0.803 | AB12: 0.825 | AC12: 0.834 | AD12: 0.892 | AE12: 0.87 | AF12: 0.867 | AG12: 0.886 | AH12: 0.912 | AI12: 0.863 | AJ12: 0.919 | AK12: 0.867 | AL12: 0.919 | AM12: 0.916 | AN12: 0.923 | AO12: 0.974 | AP12: 0.556 | AQ12: 0.549 | AR12: 0.576 | AS12: 0.59 | AT12: 0.565 | AU12: 0.569 | AV12: 0.59 | AW12: 0.56 | AX12: 0.572 | AY12: 0.594 | AZ12: 0.599 | BA12: 0.581 | BB12: 0.799 | BC12: 0.783 | BD12: 0.765 | BE12: 0.812 | BF12: 0.767 | BG12: 0.743 | BH12: 0.77 | BI12: 0.758 | BJ12: 0.774 | BK12: 0.758 | BL12: 0.794 | BM12: 0.801
B13: 120 | C13: =32*B13/4095 -> 0.93772894 | D13: =MIN(F13:AO13) -> 0.899 | E13: =MAX(F13:AO13) -> 1.094 | F13: 1.055 | G13: 1.072 | H13: 1.094 | I13: 1.086 | J13: 1.037 | K13: 1.005 | L13: 1.083 | M13: 1.052 | N13: 1.05 | O13: 0.981 | P13: 1.074 | Q13: 1.086 | R13: 0.943 | S13: 0.93 | T13: 0.899 | U13: 0.914 | V13: 0.93 | W13: 0.917 | X13: 0.917 | Y13: 0.97 | Z13: 0.934 | AA13: 0.917 | AB13: 0.945 | AC13: 0.954 | AD13: 1.01 | AE13: 0.983 | AF13: 0.979 | AG13: 1.003 | AH13: 1.037 | AI13: 0.977 | AJ13: 1.039 | AK13: 0.979 | AL13: 1.035 | AM13: 1.028 | AN13: 1.037 | AO13: 1.092 | AP13: 0.667 | AQ13: 0.661 | AR13: 0.694 | AS13: 0.703 | AT13: 0.683 | AU13: 0.683 | AV13: 0.708 | AW13: 0.681 | AX13: 0.69 | AY13: 0.71 | AZ13: 0.721 | BA13: 0.705 | BB13: 0.91 | BC13: 0.896 | BD13: 0.877 | BE13: 0.928 | BF13: 0.879 | BG13: 0.856 | BH13: 0.883 | BI13: 0.867 | BJ13: 0.883 | BK13: 0.87 | BL13: 0.906 | BM13: 0.917
B14: 135 | C14: =32*B14/4095 -> 1.0549451 | D14: =MIN(F14:AO14) -> 1.015 | E14: =MAX(F14:AO14) -> 1.213 | F14: 1.168 | G14: 1.186 | H14: 1.204 | I14: 1.195 | J14: 1.148 | K14: 1.117 | L14: 1.197 | M14: 1.164 | N14: 1.164 | O14: 1.094 | P14: 1.186 | Q14: 1.201 | R14: 1.063 | S14: 1.048 | T14: 1.015 | U14: 1.032 | V14: 1.048 | W14: 1.037 | X14: 1.035 | Y14: 1.094 | Z14: 1.05 | AA14: 1.035 | AB14: 1.063 | AC14: 1.075 | AD14: 1.124 | AE14: 1.101 | AF14: 1.095 | AG14: 1.119 | AH14: 1.15 | AI14: 1.092 | AJ14: 1.157 | AK14: 1.099 | AL14: 1.154 | AM14: 1.15 | AN14: 1.159 | AO14: 1.213 | AP14: 0.79 | AQ14: 0.777 | AR14: 0.816 | AS14: 0.83 | AT14: 0.803 | AU14: 0.803 | AV14: 0.834 | AW14: 0.799 | AX14: 0.812 | AY14: 0.837 | AZ14: 0.843 | BA14: 0.828 | BB14: 1.03 | BC14: 1.012 | BD14: 0.992 | BE14: 1.048 | BF14: 0.994 | BG14: 0.968 | BH14: 0.999 | BI14: 0.983 | BJ14: 1.001 | BK14: 0.986 | BL14: 1.026 | BM14: 1.035
B15: 150 | C15: =32*B15/4095 -> 1.1721612 | D15: =MIN(F15:AO15) -> 1.13 | E15: =MAX(F15:AO15) -> 1.332 | F15: 1.281 | G15: 1.302 | H15: 1.319 | I15: 1.308 | J15: 1.263 | K15: 1.228 | L15: 1.312 | M15: 1.279 | N15: 1.277 | O15: 1.199 | P15: 1.304 | Q15: 1.317 | R15: 1.183 | S15: 1.166 | T15: 1.13 | U15: 1.146 | V15: 1.163 | W15: 1.152 | X15: 1.15 | Y15: 1.212 | Z15: 1.168 | AA15: 1.15 | AB15: 1.179 | AC15: 1.192 | AD15: 1.239 | AE15: 1.208 | AF15: 1.203 | AG15: 1.232 | AH15: 1.263 | AI15: 1.199 | AJ15: 1.268 | AK15: 1.208 | AL15: 1.268 | AM15: 1.264 | AN15: 1.272 | AO15: 1.332 | AP15: 0.91 | AQ15: 0.896 | AR15: 0.936 | AS15: 0.952 | AT15: 0.923 | AU15: 0.928 | AV15: 0.957 | AW15: 0.919 | AX15: 0.93 | AY15: 0.959 | AZ15: 0.968 | BA15: 0.948 | BB15: 1.144 | BC15: 1.126 | BD15: 1.106 | BE15: 1.159 | BF15: 1.108 | BG15: 1.075 | BH15: 1.11 | BI15: 1.095 | BJ15: 1.11 | BK15: 1.101 | BL15: 1.141 | BM15: 1.15
B16: 165 | C16: =32*B16/4095 -> 1.2893773 | D16: =MIN(F16:AO16) -> 1.246 | E16: =MAX(F16:AO16) -> 1.446 | F16: 1.397 | G16: 1.419 | H16: 1.437 | I16: 1.426 | J16: 1.377 | K16: 1.342 | L16: 1.431 | M16: 1.395 | N16: 1.393 | O16: 1.312 | P16: 1.421 | Q16: 1.435 | R16: 1.299 | S16: 1.283 | T16: 1.246 | U16: 1.264 | V16: 1.284 | W16: 1.275 | X16: 1.272 | Y16: 1.337 | Z16: 1.29 | AA16: 1.27 | AB16: 1.302 | AC16: 1.315 | AD16: 1.353 | AE16: 1.324 | AF16: 1.313 | AG16: 1.352 | AH16: 1.379 | AI16: 1.31 | AJ16: 1.382 | AK16: 1.319 | AL16: 1.384 | AM16: 1.375 | AN16: 1.384 | AO16: 1.446 | AP16: 1.028 | AQ16: 1.015 | AR16: 1.057 | AS16: 1.07 | AT16: 1.041 | AU16: 1.037 | AV16: 1.079 | AW16: 1.034 | AX16: 1.048 | AY16: 1.083 | AZ16: 1.09 | BA16: 1.065 | BB16: 1.259 | BC16: 1.239 | BD16: 1.219 | BE16: 1.275 | BF16: 1.219 | BG16: 1.192 | BH16: 1.226 | BI16: 1.208 | BJ16: 1.224 | BK16: 1.215 | BL16: 1.255 | BM16: 1.264
... B278: 4095 | C278: =32*B278/4095 -> 32 | D278: =MIN(F278:AO278) -> 30.831 | E278: =MAX(F278:AO278) -> 33.236 | F278: 31.681 | G278: 31.205 | H278: 31.583 | I278: 31.489 | J278: 31.948 | K278: 31.894 | L278: 31.242 | M278: 31.754 | N278: 31.43 | O278: 33.236 | P278: 31.374 | Q278: 31.232 | R278: 31.843 | S278: 31.897 | T278: 32.054 | U278: 32.104 | V278: 32.213 | W278: 31.881 | X278: 31.85 | Y278: 31.481 | Z278: 31.877 | AA278: 32.123 | AB278: 31.841 | AC278: 31.605 | AD278: 31.761 | AE278: 32.497 | AF278: 32.751 | AG278: 31.732 | AH278: 31.717 | AI278: 32.673 | AJ278: 31.61 | AK278: 32.19 | AL278: 31.65 | AM278: 31.418 | AN278: 31.507 | AO278: 30.831 | AP278: 33.285 | AQ278: 33.14 | AR278: 32.731 | AS278: 32.862 | AT278: 32.838 | AU278: 33.263 | AV278: 32.335 | AW278: 32.826 | AX278: 32.913 | AY278: 32.511 | AZ278: 32.279 | BA278: 32.362 | BB278: 32.133 | BC278: 32.33 | BD278: 32.491 | BE278: 32.075 | BF278: 32.488 | BG278: 32.88 | BH278: 32.388 | BI278: 32.419 | BJ278: 32.726 | BK278: 32.177 | BL278: 31.961 | BM278: 31.763

Sheet #1 ~ #5, (400, 2000), 오차
E2: ictl_l | F2: 58 | G2: 47 | H2: 53 | I2: 50 | J2: 59 | K2: 62 | L2: 45 | M2: 58 | N2: 49 | O2: 92 | P2: 51 | Q2: 42 | R2: 54 | S2: 58 | T2: 59 | U2: 55 | V2: 62 | W2: 51 | X2: 51 | Y2: 39 | Z2: 54 | AA2: 58 | AB2: 51 | AC2: 47 | AD2: 60 | AE2: 73 | AF2: 80 | AG2: 54 | AH2: 52 | AI2: 79 | AJ2: 50 | AK2: 68 | AL2: 51 | AM2: 47 | AN2: 48 | AO2: 36 | AP2: 82 | AQ2: 71 | AR2: 63 | AS2: 70 | AT2: 65 | AU2: 77 | AV2: 54 | AW2: 64 | AX2: 66 | AY2: 57 | AZ2: 51 | BA2: 55 | BB2: 64 | BC2: 67 | BD2: 68 | BE2: 57 | BF2: 70 | BG2: 79 | BH2: 70 | BI2: 67 | BJ2: 76 | BK2: 61 | BL2: 57 | BM2: 54
E3: ictl_h | F3: 60 | G3: 51 | H3: 57 | I3: 54 | J3: 59 | K3: 60 | L3: 49 | M3: 59 | N3: 51 | O3: 83 | P3: 54 | Q3: 46 | R3: 57 | S3: 60 | T3: 59 | U3: 56 | V3: 64 | W3: 53 | X3: 52 | Y3: 45 | Z3: 57 | AA3: 59 | AB3: 55 | AC3: 52 | AD3: 61 | AE3: 71 | AF3: 76 | AG3: 55 | AH3: 55 | AI3: 75 | AJ3: 54 | AK3: 66 | AL3: 54 | AM3: 50 | AN3: 51 | AO3: 45 | AP3: 82 | AQ3: 70 | AR3: 66 | AS3: 73 | AT3: 67 | AU3: 78 | AV3: 59 | AW3: 66 | AX3: 68 | AY3: 62 | AZ3: 57 | BA3: 59 | BB3: 63 | BC3: 64 | BD3: 64 | BE3: 58 | BF3: 66 | BG3: 72 | BH3: 66 | BI3: 62 | BJ3: 71 | BK3: 57 | BL3: 56 | BM3: 54
B4: data | C4: ideal | D4: min | E4: max | F4: io_1 | G4: io_2 | H4: io_3 | I4: io_4 | J4: io_5 | K4: io_6 | L4: io_7 | M4: io_8 | N4: io_9 | O4: io_10 | P4: io_11 | Q4: io_12 | R4: io_1 | S4: io_2 | T4: io_3 | U4: io_4 | V4: io_5 | W4: io_6 | X4: io_7 | Y4: io_8 | Z4: io_9 | AA4: io_10 | AB4: io_11 | AC4: io_12 | AD4: io_1 | AE4: io_2 | AF4: io_3 | AG4: io_4 | AH4: io_5 | AI4: io_6 | AJ4: io_7 | AK4: io_8 | AL4: io_9 | AM4: io_10 | AN4: io_11 | AO4: io_12 | AP4: io_1 | AQ4: io_2 | AR4: io_3 | AS4: io_4 | AT4: io_5 | AU4: io_6 | AV4: io_7 | AW4: io_8 | AX4: io_9 | AY4: io_10 | AZ4: io_11 | BA4: io_12 | BB4: io_1 | BC4: io_2 | BD4: io_3 | BE4: io_4 | BF4: io_5 | BG4: io_6 | BH4: io_7 | BI4: io_8 | BJ4: io_9 | BK4: io_10 | BL4: io_11 | BM4: io_12
B5: 0 | C5: =32*B5/4095 -> 0 | D5: =MIN(F5:AO5) -> #DIV/0! | E5: =MAX(F5:AO5) -> #DIV/0! | F5: =('#1 ~ #5, (400, 2000), 전류'!F5-'#1 ~ #5, (400, 2000), 전류'!$C5)/'#1 ~ #5, (400, 2000), 전류'!$C5 -> #DIV/0! | G5: =('#1 ~ #5, (400, 2000), 전류'!G5-'#1 ~ #5, (400, 2000), 전류'!$C5)/'#1 ~ #5, (400, 2000), 전류'!$C5 -> #DIV/0! | H5: =('#1 ~ #5, (400, 2000), 전류'!H5-'#1 ~ #5, (400, 2000), 전류'!$C5)/'#1 ~ #5, (400, 2000), 전류'!$C5 -> #DIV/0! | I5: =('#1 ~ #5, (400, 2000), 전류'!I5-'#1 ~ #5, (400, 2000), 전류'!$C5)/'#1 ~ #5, (400, 2000), 전류'!$C5 -> #DIV/0! | J5: =('#1 ~ #5, (400, 2000), 전류'!J5-'#1 ~ #5, (400, 2000), 전류'!$C5)/'#1 ~ #5, (400, 2000), 전류'!$C5 -> #DIV/0! | K5: =('#1 ~ #5, (400, 2000), 전류'!K5-'#1 ~ #5, (400, 2000), 전류'!$C5)/'#1 ~ #5, (400, 2000), 전류'!$C5 -> #DIV/0! | L5: =('#1 ~ #5, (400, 2000), 전류'!L5-'#1 ~ #5, (400, 2000), 전류'!$C5)/'#1 ~ #5, (400, 2000), 전류'!$C5 -> #DIV/0! | M5: =('#1 ~ #5, (400, 2000), 전류'!M5-'#1 ~ #5, (400, 2000), 전류'!$C5)/'#1 ~ #5, (400, 2000), 전류'!$C5 -> #DIV/0! | ... BM5: =('#1 ~ #5, (400, 2000), 전류'!BM5-'#1 ~ #5, (400, 2000), 전류'!$C5)/'#1 ~ #5, (400, 2000), 전류'!$C5 -> #DIV/0!
B6: 15 | C6: =32*B6/4095 -> 0.11721612 | D6: =MIN(F6:AO6) -> -0.20659375 | E6: =MAX(F6:AO6) -> 1.2778438 | F6: =('#1 ~ #5, (400, 2000), 전류'!F6-'#1 ~ #5, (400, 2000), 전류'!$C6)/'#1 ~ #5, (400, 2000), 전류'!$C6 -> 1.1242812 | G6: =('#1 ~ #5, (400, 2000), 전류'!G6-'#1 ~ #5, (400, 2000), 전류'!$C6)/'#1 ~ #5, (400, 2000), 전류'!$C6 -> 1.218125 | H6: =('#1 ~ #5, (400, 2000), 전류'!H6-'#1 ~ #5, (400, 2000), 전류'!$C6)/'#1 ~ #5, (400, 2000), 전류'!$C6 -> 1.2778438 | I6: =('#1 ~ #5, (400, 2000), 전류'!I6-'#1 ~ #5, (400, 2000), 전류'!$C6)/'#1 ~ #5, (400, 2000), 전류'!$C6 -> 1.2778438 | J6: =('#1 ~ #5, (400, 2000), 전류'!J6-'#1 ~ #5, (400, 2000), 전류'!$C6)/'#1 ~ #5, (400, 2000), 전류'!$C6 -> 1.0730937 | K6: =('#1 ~ #5, (400, 2000), 전류'!K6-'#1 ~ #5, (400, 2000), 전류'!$C6)/'#1 ~ #5, (400, 2000), 전류'!$C6 -> 0.8598125 | L6: =('#1 ~ #5, (400, 2000), 전류'!L6-'#1 ~ #5, (400, 2000), 전류'!$C6)/'#1 ~ #5, (400, 2000), 전류'!$C6 -> 1.218125 | M6: =('#1 ~ #5, (400, 2000), 전류'!M6-'#1 ~ #5, (400, 2000), 전류'!$C6)/'#1 ~ #5, (400, 2000), 전류'!$C6 -> 1.1072187 | ... BM6: =('#1 ~ #5, (400, 2000), 전류'!BM6-'#1 ~ #5, (400, 2000), 전류'!$C6)/'#1 ~ #5, (400, 2000), 전류'!$C6 -> 0.0408125
B7: 30 | C7: =32*B7/4095 -> 0.23443223 | D7: =MIN(F7:AO7) -> -0.12554688 | E7: =MAX(F7:AO7) -> 0.65932813 | F7: =('#1 ~ #5, (400, 2000), 전류'!F7-'#1 ~ #5, (400, 2000), 전류'!$C7)/'#1 ~ #5, (400, 2000), 전류'!$C7 -> 0.53989062 | G7: =('#1 ~ #5, (400, 2000), 전류'!G7-'#1 ~ #5, (400, 2000), 전류'!$C7)/'#1 ~ #5, (400, 2000), 전류'!$C7 -> 0.5868125 | H7: =('#1 ~ #5, (400, 2000), 전류'!H7-'#1 ~ #5, (400, 2000), 전류'!$C7)/'#1 ~ #5, (400, 2000), 전류'!$C7 -> 0.65932813 | I7: =('#1 ~ #5, (400, 2000), 전류'!I7-'#1 ~ #5, (400, 2000), 전류'!$C7)/'#1 ~ #5, (400, 2000), 전류'!$C7 -> 0.64226563 | J7: =('#1 ~ #5, (400, 2000), 전류'!J7-'#1 ~ #5, (400, 2000), 전류'!$C7)/'#1 ~ #5, (400, 2000), 전류'!$C7 -> 0.52709375 | K7: =('#1 ~ #5, (400, 2000), 전류'!K7-'#1 ~ #5, (400, 2000), 전류'!$C7)/'#1 ~ #5, (400, 2000), 전류'!$C7 -> 0.40339063 | L7: =('#1 ~ #5, (400, 2000), 전류'!L7-'#1 ~ #5, (400, 2000), 전류'!$C7)/'#1 ~ #5, (400, 2000), 전류'!$C7 -> 0.62520312 | M7: =('#1 ~ #5, (400, 2000), 전류'!M7-'#1 ~ #5, (400, 2000), 전류'!$C7)/'#1 ~ #5, (400, 2000), 전류'!$C7 -> 0.55695312 | ... BM7: =('#1 ~ #5, (400, 2000), 전류'!BM7-'#1 ~ #5, (400, 2000), 전류'!$C7)/'#1 ~ #5, (400, 2000), 전류'!$C7 -> -0.00184375
B8: 45 | C8: =32*B8/4095 -> 0.35164835 | D8: =MIN(F8:AO8) -> -0.0843125 | E8: =MAX(F8:AO8) -> 0.44746875 | F8: =('#1 ~ #5, (400, 2000), 전류'!F8-'#1 ~ #5, (400, 2000), 전류'!$C8)/'#1 ~ #5, (400, 2000), 전류'!$C8 -> 0.36784375 | G8: =('#1 ~ #5, (400, 2000), 전류'!G8-'#1 ~ #5, (400, 2000), 전류'!$C8)/'#1 ~ #5, (400, 2000), 전류'!$C8 -> 0.3934375 | H8: =('#1 ~ #5, (400, 2000), 전류'!H8-'#1 ~ #5, (400, 2000), 전류'!$C8)/'#1 ~ #5, (400, 2000), 전류'!$C8 -> 0.44746875 | I8: =('#1 ~ #5, (400, 2000), 전류'!I8-'#1 ~ #5, (400, 2000), 전류'!$C8)/'#1 ~ #5, (400, 2000), 전류'!$C8 -> 0.43609375 | J8: =('#1 ~ #5, (400, 2000), 전류'!J8-'#1 ~ #5, (400, 2000), 전류'!$C8)/'#1 ~ #5, (400, 2000), 전류'!$C8 -> 0.353625 | K8: =('#1 ~ #5, (400, 2000), 전류'!K8-'#1 ~ #5, (400, 2000), 전류'!$C8)/'#1 ~ #5, (400, 2000), 전류'!$C8 -> 0.25978125 | L8: =('#1 ~ #5, (400, 2000), 전류'!L8-'#1 ~ #5, (400, 2000), 전류'!$C8)/'#1 ~ #5, (400, 2000), 전류'!$C8 -> 0.43040625 | M8: =('#1 ~ #5, (400, 2000), 전류'!M8-'#1 ~ #5, (400, 2000), 전류'!$C8)/'#1 ~ #5, (400, 2000), 전류'!$C8 -> 0.36784375 | ... BM8: =('#1 ~ #5, (400, 2000), 전류'!BM8-'#1 ~ #5, (400, 2000), 전류'!$C8)/'#1 ~ #5, (400, 2000), 전류'!$C8 -> -0.01890625
B9: 60 | C9: =32*B9/4095 -> 0.46886447 | D9: =MIN(F9:AO9) -> -0.074359375 | E9: =MAX(F9:AO9) -> 0.32874219 | F9: =('#1 ~ #5, (400, 2000), 전류'!F9-'#1 ~ #5, (400, 2000), 전류'!$C9)/'#1 ~ #5, (400, 2000), 전류'!$C9 -> 0.27115625 | G9: =('#1 ~ #5, (400, 2000), 전류'!G9-'#1 ~ #5, (400, 2000), 전류'!$C9)/'#1 ~ #5, (400, 2000), 전류'!$C9 -> 0.29888281 | H9: =('#1 ~ #5, (400, 2000), 전류'!H9-'#1 ~ #5, (400, 2000), 전류'!$C9)/'#1 ~ #5, (400, 2000), 전류'!$C9 -> 0.32874219 | I9: =('#1 ~ #5, (400, 2000), 전류'!I9-'#1 ~ #5, (400, 2000), 전류'!$C9)/'#1 ~ #5, (400, 2000), 전류'!$C9 -> 0.32874219 | J9: =('#1 ~ #5, (400, 2000), 전류'!J9-'#1 ~ #5, (400, 2000), 전류'!$C9)/'#1 ~ #5, (400, 2000), 전류'!$C9 -> 0.25622656 | K9: =('#1 ~ #5, (400, 2000), 전류'!K9-'#1 ~ #5, (400, 2000), 전류'!$C9)/'#1 ~ #5, (400, 2000), 전류'!$C9 -> 0.18157813 | L9: =('#1 ~ #5, (400, 2000), 전류'!L9-'#1 ~ #5, (400, 2000), 전류'!$C9)/'#1 ~ #5, (400, 2000), 전류'!$C9 -> 0.31807812 | M9: =('#1 ~ #5, (400, 2000), 전류'!M9-'#1 ~ #5, (400, 2000), 전류'!$C9)/'#1 ~ #5, (400, 2000), 전류'!$C9 -> 0.27115625 | ... BM9: =('#1 ~ #5, (400, 2000), 전류'!BM9-'#1 ~ #5, (400, 2000), 전류'!$C9)/'#1 ~ #5, (400, 2000), 전류'!$C9 -> -0.023171875
B10: 75 | C10: =32*B10/4095 -> 0.58608059 | D10: =MIN(F10:AO10) -> -0.0615625 | E10: =MAX(F10:AO10) -> 0.26774375 | F10: =('#1 ~ #5, (400, 2000), 전류'!F10-'#1 ~ #5, (400, 2000), 전류'!$C10)/'#1 ~ #5, (400, 2000), 전류'!$C10 -> 0.2114375 | G10: =('#1 ~ #5, (400, 2000), 전류'!G10-'#1 ~ #5, (400, 2000), 전류'!$C10)/'#1 ~ #5, (400, 2000), 전류'!$C10 -> 0.22679375 | H10: =('#1 ~ #5, (400, 2000), 전류'!H10-'#1 ~ #5, (400, 2000), 전류'!$C10)/'#1 ~ #5, (400, 2000), 전류'!$C10 -> 0.26774375 | I10: =('#1 ~ #5, (400, 2000), 전류'!I10-'#1 ~ #5, (400, 2000), 전류'!$C10)/'#1 ~ #5, (400, 2000), 전류'!$C10 -> 0.2558 | J10: =('#1 ~ #5, (400, 2000), 전류'!J10-'#1 ~ #5, (400, 2000), 전류'!$C10)/'#1 ~ #5, (400, 2000), 전류'!$C10 -> 0.1909625 | K10: =('#1 ~ #5, (400, 2000), 전류'!K10-'#1 ~ #5, (400, 2000), 전류'!$C10)/'#1 ~ #5, (400, 2000), 전류'!$C10 -> 0.13465625 | L10: =('#1 ~ #5, (400, 2000), 전류'!L10-'#1 ~ #5, (400, 2000), 전류'!$C10)/'#1 ~ #5, (400, 2000), 전류'!$C10 -> 0.2558 | M10: =('#1 ~ #5, (400, 2000), 전류'!M10-'#1 ~ #5, (400, 2000), 전류'!$C10)/'#1 ~ #5, (400, 2000), 전류'!$C10 -> 0.2114375 | ... BM10: =('#1 ~ #5, (400, 2000), 전류'!BM10-'#1 ~ #5, (400, 2000), 전류'!$C10)/'#1 ~ #5, (400, 2000), 전류'!$C10 -> -0.0172
B11: 90 | C11: =32*B11/4095 -> 0.7032967 | D11: =MIN(F11:AO11) -> -0.051609375 | E11: =MAX(F11:AO11) -> 0.21854687 | F11: =('#1 ~ #5, (400, 2000), 전류'!F11-'#1 ~ #5, (400, 2000), 전류'!$C11)/'#1 ~ #5, (400, 2000), 전류'!$C11 -> 0.16735937 | G11: =('#1 ~ #5, (400, 2000), 전류'!G11-'#1 ~ #5, (400, 2000), 전류'!$C11)/'#1 ~ #5, (400, 2000), 전류'!$C11 -> 0.19010937 | H11: =('#1 ~ #5, (400, 2000), 전류'!H11-'#1 ~ #5, (400, 2000), 전류'!$C11)/'#1 ~ #5, (400, 2000), 전류'!$C11 -> 0.21854687 | I11: =('#1 ~ #5, (400, 2000), 전류'!I11-'#1 ~ #5, (400, 2000), 전류'!$C11)/'#1 ~ #5, (400, 2000), 전류'!$C11 -> 0.20859375 | J11: =('#1 ~ #5, (400, 2000), 전류'!J11-'#1 ~ #5, (400, 2000), 전류'!$C11)/'#1 ~ #5, (400, 2000), 전류'!$C11 -> 0.15171875 | K11: =('#1 ~ #5, (400, 2000), 전류'!K11-'#1 ~ #5, (400, 2000), 전류'!$C11)/'#1 ~ #5, (400, 2000), 전류'!$C11 -> 0.103375 | L11: =('#1 ~ #5, (400, 2000), 전류'!L11-'#1 ~ #5, (400, 2000), 전류'!$C11)/'#1 ~ #5, (400, 2000), 전류'!$C11 -> 0.20148437 | M11: =('#1 ~ #5, (400, 2000), 전류'!M11-'#1 ~ #5, (400, 2000), 전류'!$C11)/'#1 ~ #5, (400, 2000), 전류'!$C11 -> 0.16451562 | ... BM11: =('#1 ~ #5, (400, 2000), 전류'!BM11-'#1 ~ #5, (400, 2000), 전류'!$C11)/'#1 ~ #5, (400, 2000), 전류'!$C11 -> -0.023171875
B12: 105 | C12: =32*B12/4095 -> 0.82051282 | D12: =MIN(F12:AO12) -> -0.04571875 | E12: =MAX(F12:AO12) -> 0.19071875 | F12: =('#1 ~ #5, (400, 2000), 전류'!F12-'#1 ~ #5, (400, 2000), 전류'!$C12)/'#1 ~ #5, (400, 2000), 전류'!$C12 -> 0.14684375 | G12: =('#1 ~ #5, (400, 2000), 전류'!G12-'#1 ~ #5, (400, 2000), 전류'!$C12)/'#1 ~ #5, (400, 2000), 전류'!$C12 -> 0.16634375 | H12: =('#1 ~ #5, (400, 2000), 전류'!H12-'#1 ~ #5, (400, 2000), 전류'!$C12)/'#1 ~ #5, (400, 2000), 전류'!$C12 -> 0.19071875 | I12: =('#1 ~ #5, (400, 2000), 전류'!I12-'#1 ~ #5, (400, 2000), 전류'!$C12)/'#1 ~ #5, (400, 2000), 전류'!$C12 -> 0.17609375 | J12: =('#1 ~ #5, (400, 2000), 전류'!J12-'#1 ~ #5, (400, 2000), 전류'!$C12)/'#1 ~ #5, (400, 2000), 전류'!$C12 -> 0.1285625 | K12: =('#1 ~ #5, (400, 2000), 전류'!K12-'#1 ~ #5, (400, 2000), 전류'!$C12)/'#1 ~ #5, (400, 2000), 전류'!$C12 -> 0.0895625 | L12: =('#1 ~ #5, (400, 2000), 전류'!L12-'#1 ~ #5, (400, 2000), 전류'!$C12)/'#1 ~ #5, (400, 2000), 전류'!$C12 -> 0.1821875 | M12: =('#1 ~ #5, (400, 2000), 전류'!M12-'#1 ~ #5, (400, 2000), 전류'!$C12)/'#1 ~ #5, (400, 2000), 전류'!$C12 -> 0.14440625 | ... BM12: =('#1 ~ #5, (400, 2000), 전류'!BM12-'#1 ~ #5, (400, 2000), 전류'!$C12)/'#1 ~ #5, (400, 2000), 전류'!$C12 -> -0.02378125
B13: 120 | C13: =32*B13/4095 -> 0.93772894 | D13: =MIN(F13:AO13) -> -0.041300781 | E13: =MAX(F13:AO13) -> 0.16664844 | F13: =('#1 ~ #5, (400, 2000), 전류'!F13-'#1 ~ #5, (400, 2000), 전류'!$C13)/'#1 ~ #5, (400, 2000), 전류'!$C13 -> 0.12505859 | G13: =('#1 ~ #5, (400, 2000), 전류'!G13-'#1 ~ #5, (400, 2000), 전류'!$C13)/'#1 ~ #5, (400, 2000), 전류'!$C13 -> 0.1431875 | H13: =('#1 ~ #5, (400, 2000), 전류'!H13-'#1 ~ #5, (400, 2000), 전류'!$C13)/'#1 ~ #5, (400, 2000), 전류'!$C13 -> 0.16664844 | I13: =('#1 ~ #5, (400, 2000), 전류'!I13-'#1 ~ #5, (400, 2000), 전류'!$C13)/'#1 ~ #5, (400, 2000), 전류'!$C13 -> 0.15811719 | J13: =('#1 ~ #5, (400, 2000), 전류'!J13-'#1 ~ #5, (400, 2000), 전류'!$C13)/'#1 ~ #5, (400, 2000), 전류'!$C13 -> 0.10586328 | K13: =('#1 ~ #5, (400, 2000), 전류'!K13-'#1 ~ #5, (400, 2000), 전류'!$C13)/'#1 ~ #5, (400, 2000), 전류'!$C13 -> 0.071738281 | L13: =('#1 ~ #5, (400, 2000), 전류'!L13-'#1 ~ #5, (400, 2000), 전류'!$C13)/'#1 ~ #5, (400, 2000), 전류'!$C13 -> 0.15491797 | M13: =('#1 ~ #5, (400, 2000), 전류'!M13-'#1 ~ #5, (400, 2000), 전류'!$C13)/'#1 ~ #5, (400, 2000), 전류'!$C13 -> 0.12185938 | ... BM13: =('#1 ~ #5, (400, 2000), 전류'!BM13-'#1 ~ #5, (400, 2000), 전류'!$C13)/'#1 ~ #5, (400, 2000), 전류'!$C13 -> -0.022105469
B14: 135 | C14: =32*B14/4095 -> 1.0549451 | D14: =MIN(F14:AO14) -> -0.037864583 | E14: =MAX(F14:AO14) -> 0.14982292 | F14: =('#1 ~ #5, (400, 2000), 전류'!F14-'#1 ~ #5, (400, 2000), 전류'!$C14)/'#1 ~ #5, (400, 2000), 전류'!$C14 -> 0.10716667 | G14: =('#1 ~ #5, (400, 2000), 전류'!G14-'#1 ~ #5, (400, 2000), 전류'!$C14)/'#1 ~ #5, (400, 2000), 전류'!$C14 -> 0.12422917 | H14: =('#1 ~ #5, (400, 2000), 전류'!H14-'#1 ~ #5, (400, 2000), 전류'!$C14)/'#1 ~ #5, (400, 2000), 전류'!$C14 -> 0.14129167 | I14: =('#1 ~ #5, (400, 2000), 전류'!I14-'#1 ~ #5, (400, 2000), 전류'!$C14)/'#1 ~ #5, (400, 2000), 전류'!$C14 -> 0.13276042 | J14: =('#1 ~ #5, (400, 2000), 전류'!J14-'#1 ~ #5, (400, 2000), 전류'!$C14)/'#1 ~ #5, (400, 2000), 전류'!$C14 -> 0.088208333 | K14: =('#1 ~ #5, (400, 2000), 전류'!K14-'#1 ~ #5, (400, 2000), 전류'!$C14)/'#1 ~ #5, (400, 2000), 전류'!$C14 -> 0.058822917 | L14: =('#1 ~ #5, (400, 2000), 전류'!L14-'#1 ~ #5, (400, 2000), 전류'!$C14)/'#1 ~ #5, (400, 2000), 전류'!$C14 -> 0.13465625 | M14: =('#1 ~ #5, (400, 2000), 전류'!M14-'#1 ~ #5, (400, 2000), 전류'!$C14)/'#1 ~ #5, (400, 2000), 전류'!$C14 -> 0.103375 | ... BM14: =('#1 ~ #5, (400, 2000), 전류'!BM14-'#1 ~ #5, (400, 2000), 전류'!$C14)/'#1 ~ #5, (400, 2000), 전류'!$C14 -> -0.01890625
B15: 150 | C15: =32*B15/4095 -> 1.1721612 | D15: =MIN(F15:AO15) -> -0.03596875 | E15: =MAX(F15:AO15) -> 0.1363625 | F15: =('#1 ~ #5, (400, 2000), 전류'!F15-'#1 ~ #5, (400, 2000), 전류'!$C15)/'#1 ~ #5, (400, 2000), 전류'!$C15 -> 0.092853125 | G15: =('#1 ~ #5, (400, 2000), 전류'!G15-'#1 ~ #5, (400, 2000), 전류'!$C15)/'#1 ~ #5, (400, 2000), 전류'!$C15 -> 0.11076875 | H15: =('#1 ~ #5, (400, 2000), 전류'!H15-'#1 ~ #5, (400, 2000), 전류'!$C15)/'#1 ~ #5, (400, 2000), 전류'!$C15 -> 0.12527187 | I15: =('#1 ~ #5, (400, 2000), 전류'!I15-'#1 ~ #5, (400, 2000), 전류'!$C15)/'#1 ~ #5, (400, 2000), 전류'!$C15 -> 0.1158875 | J15: =('#1 ~ #5, (400, 2000), 전류'!J15-'#1 ~ #5, (400, 2000), 전류'!$C15)/'#1 ~ #5, (400, 2000), 전류'!$C15 -> 0.077496875 | K15: =('#1 ~ #5, (400, 2000), 전류'!K15-'#1 ~ #5, (400, 2000), 전류'!$C15)/'#1 ~ #5, (400, 2000), 전류'!$C15 -> 0.0476375 | L15: =('#1 ~ #5, (400, 2000), 전류'!L15-'#1 ~ #5, (400, 2000), 전류'!$C15)/'#1 ~ #5, (400, 2000), 전류'!$C15 -> 0.1193 | M15: =('#1 ~ #5, (400, 2000), 전류'!M15-'#1 ~ #5, (400, 2000), 전류'!$C15)/'#1 ~ #5, (400, 2000), 전류'!$C15 -> 0.091146875 | ... BM15: =('#1 ~ #5, (400, 2000), 전류'!BM15-'#1 ~ #5, (400, 2000), 전류'!$C15)/'#1 ~ #5, (400, 2000), 전류'!$C15 -> -0.01890625
B16: 165 | C16: =32*B16/4095 -> 1.2893773 | D16: =MIN(F16:AO16) -> -0.033642045 | E16: =MAX(F16:AO16) -> 0.12147159 | F16: =('#1 ~ #5, (400, 2000), 전류'!F16-'#1 ~ #5, (400, 2000), 전류'!$C16)/'#1 ~ #5, (400, 2000), 전류'!$C16 -> 0.08346875 | G16: =('#1 ~ #5, (400, 2000), 전류'!G16-'#1 ~ #5, (400, 2000), 전류'!$C16)/'#1 ~ #5, (400, 2000), 전류'!$C16 -> 0.10053125 | H16: =('#1 ~ #5, (400, 2000), 전류'!H16-'#1 ~ #5, (400, 2000), 전류'!$C16)/'#1 ~ #5, (400, 2000), 전류'!$C16 -> 0.11449148 | I16: =('#1 ~ #5, (400, 2000), 전류'!I16-'#1 ~ #5, (400, 2000), 전류'!$C16)/'#1 ~ #5, (400, 2000), 전류'!$C16 -> 0.10596023 | J16: =('#1 ~ #5, (400, 2000), 전류'!J16-'#1 ~ #5, (400, 2000), 전류'!$C16)/'#1 ~ #5, (400, 2000), 전류'!$C16 -> 0.067957386 | K16: =('#1 ~ #5, (400, 2000), 전류'!K16-'#1 ~ #5, (400, 2000), 전류'!$C16)/'#1 ~ #5, (400, 2000), 전류'!$C16 -> 0.0408125 | L16: =('#1 ~ #5, (400, 2000), 전류'!L16-'#1 ~ #5, (400, 2000), 전류'!$C16)/'#1 ~ #5, (400, 2000), 전류'!$C16 -> 0.10983807 | M16: =('#1 ~ #5, (400, 2000), 전류'!M16-'#1 ~ #5, (400, 2000), 전류'!$C16)/'#1 ~ #5, (400, 2000), 전류'!$C16 -> 0.081917614 | ... BM16: =('#1 ~ #5, (400, 2000), 전류'!BM16-'#1 ~ #5, (400, 2000), 전류'!$C16)/'#1 ~ #5, (400, 2000), 전류'!$C16 -> -0.019681818
... B278: 4095 | C278: =32*B278/4095 -> 32 | D278: =MIN(F278:AO278) -> -0.03653125 | E278: =MAX(F278:AO278) -> 0.038625 | F278: =('#1 ~ #5, (400, 2000), 전류'!F278-'#1 ~ #5, (400, 2000), 전류'!$C278)/'#1 ~ #5, (400, 2000), 전류'!$C278 -> -0.00996875 | G278: =('#1 ~ #5, (400, 2000), 전류'!G278-'#1 ~ #5, (400, 2000), 전류'!$C278)/'#1 ~ #5, (400, 2000), 전류'!$C278 -> -0.02484375 | H278: =('#1 ~ #5, (400, 2000), 전류'!H278-'#1 ~ #5, (400, 2000), 전류'!$C278)/'#1 ~ #5, (400, 2000), 전류'!$C278 -> -0.01303125 | I278: =('#1 ~ #5, (400, 2000), 전류'!I278-'#1 ~ #5, (400, 2000), 전류'!$C278)/'#1 ~ #5, (400, 2000), 전류'!$C278 -> -0.01596875 | J278: =('#1 ~ #5, (400, 2000), 전류'!J278-'#1 ~ #5, (400, 2000), 전류'!$C278)/'#1 ~ #5, (400, 2000), 전류'!$C278 -> -0.001625 | K278: =('#1 ~ #5, (400, 2000), 전류'!K278-'#1 ~ #5, (400, 2000), 전류'!$C278)/'#1 ~ #5, (400, 2000), 전류'!$C278 -> -0.0033125 | L278: =('#1 ~ #5, (400, 2000), 전류'!L278-'#1 ~ #5, (400, 2000), 전류'!$C278)/'#1 ~ #5, (400, 2000), 전류'!$C278 -> -0.0236875 | M278: =('#1 ~ #5, (400, 2000), 전류'!M278-'#1 ~ #5, (400, 2000), 전류'!$C278)/'#1 ~ #5, (400, 2000), 전류'!$C278 -> -0.0076875 | ... BM278: =('#1 ~ #5, (400, 2000), 전류'!BM278-'#1 ~ #5, (400, 2000), 전류'!$C278)/'#1 ~ #5, (400, 2000), 전류'!$C278 -> -0.00740625

Sheet #2, #5, (3276), 전류 & 오차
E2: ictl_l | F2: 55 | G2: 59 | H2: 58 | I2: 54 | J2: 63 | K2: 51 | L2: 51 | M2: 42 | N2: 55 | O2: 58 | P2: 53 | Q2: 49 | R2: 63 | S2: 64 | T2: 64 | U2: 57 | V2: 68 | W2: 74 | X2: 67 | Y2: 63 | Z2: 72 | AA2: 57 | AB2: 56 | AC2: 53
E3: ictl_h | F3: 58 | G3: 61 | H3: 58 | I3: 55 | J3: 64 | K3: 53 | L3: 52 | M3: 47 | N3: 57 | O3: 59 | P3: 55 | Q3: 54 | R3: 63 | S3: 63 | T3: 62 | U3: 58 | V3: 64 | W3: 68 | X3: 64 | Y3: 60 | Z3: 67 | AA3: 56 | AB3: 56 | AC3: 55
B4: data | C4: ideal | D4: min | E4: max | F4: io_1 | G4: io_2 | H4: io_3 | I4: io_4 | J4: io_5 | K4: io_6 | L4: io_7 | M4: io_8 | N4: io_9 | O4: io_10 | P4: io_11 | Q4: io_12 | R4: io_1 | S4: io_2 | T4: io_3 | U4: io_4 | V4: io_5 | W4: io_6 | X4: io_7 | Y4: io_8 | Z4: io_9 | AA4: io_10 | AB4: io_11 | AC4: io_12 | AE4: dev_1 | AF4: dev_2 | AG4: dev_3 | AH4: dev_4 | AI4: dev_5 | AJ4: dev_6 | AK4: dev_7 | AL4: dev_8 | AM4: dev_9 | AN4: dev_10 | AO4: dev_11 | AP4: dev_12 | AQ4: dev_1 | AR4: dev_2 | AS4: dev_3 | AT4: dev_4 | AU4: dev_5 | AV4: dev_6 | AW4: dev_7 | AX4: dev_8 | AY4: dev_9 | AZ4: dev_10 | BA4: dev_11 | BB4: dev_12
B5: 0 | C5: =32*B5/4095 -> 0 | D5: =MIN(F5:AC5) -> 0.004 | E5: =MAX(F5:AC5) -> 0.02 | F5: 0.004 | G5: 0.004 | H5: 0.004 | I5: 0.004 | J5: 0.004 | K5: 0.004 | L5: 0.004 | M5: 0.004 | N5: 0.004 | O5: 0.004 | P5: 0.004 | Q5: 0.004 | R5: 0.018 | S5: 0.018 | T5: 0.016 | U5: 0.02 | V5: 0.018 | W5: 0.016 | X5: 0.018 | Y5: 0.018 | Z5: 0.018 | AA5: 0.016 | AB5: 0.018 | AC5: 0.02 | AE5: =(F5-$C5)/$C5 -> #DIV/0! | AF5: =(G5-$C5)/$C5 -> #DIV/0! | AG5: =(H5-$C5)/$C5 -> #DIV/0! | AH5: =(I5-$C5)/$C5 -> #DIV/0! | AI5: =(J5-$C5)/$C5 -> #DIV/0! | AJ5: =(K5-$C5)/$C5 -> #DIV/0! | AK5: =(L5-$C5)/$C5 -> #DIV/0! | AL5: =(M5-$C5)/$C5 -> #DIV/0! | ... BB5: =(AC5-$C5)/$C5 -> #DIV/0!
B6: 15 | C6: =32*B6/4095 -> 0.11721612 | D6: =MIN(F6:AC6) -> 0.093 | E6: =MAX(F6:AC6) -> 0.129 | F6: 0.105 | G6: 0.102 | H6: 0.093 | I6: 0.096 | J6: 0.104 | K6: 0.094 | L6: 0.098 | M6: 0.114 | N6: 0.104 | O6: 0.1 | P6: 0.105 | Q6: 0.109 | R6: 0.122 | S6: 0.118 | T6: 0.111 | U6: 0.129 | V6: 0.114 | W6: 0.105 | X6: 0.116 | Y6: 0.113 | Z6: 0.116 | AA6: 0.109 | AB6: 0.12 | AC6: 0.125 | AE6: =(F6-$C6)/$C6 -> -0.10421875 | AF6: =(G6-$C6)/$C6 -> -0.1298125 | AG6: =(H6-$C6)/$C6 -> -0.20659375 | AH6: =(I6-$C6)/$C6 -> -0.181 | AI6: =(J6-$C6)/$C6 -> -0.11275 | AJ6: =(K6-$C6)/$C6 -> -0.1980625 | AK6: =(L6-$C6)/$C6 -> -0.1639375 | AL6: =(M6-$C6)/$C6 -> -0.0274375 | ... BB6: =(AC6-$C6)/$C6 -> 0.06640625
B7: 30 | C7: =32*B7/4095 -> 0.23443223 | D7: =MIN(F7:AC7) -> 0.203 | E7: =MAX(F7:AC7) -> 0.243 | F7: 0.225 | G7: 0.22 | H7: 0.209 | I7: 0.211 | J7: 0.223 | K7: 0.211 | L7: 0.216 | M7: 0.243 | N7: 0.225 | O7: 0.216 | P7: 0.229 | Q7: 0.233 | R7: 0.233 | S7: 0.223 | T7: 0.214 | U7: 0.242 | V7: 0.218 | W7: 0.203 | X7: 0.22 | Y7: 0.213 | Z7: 0.22 | AA7: 0.209 | AB7: 0.229 | AC7: 0.236 | AE7: =(F7-$C7)/$C7 -> -0.040234375 | AF7: =(G7-$C7)/$C7 -> -0.0615625 | AG7: =(H7-$C7)/$C7 -> -0.10848438 | AH7: =(I7-$C7)/$C7 -> -0.099953125 | AI7: =(J7-$C7)/$C7 -> -0.048765625 | AJ7: =(K7-$C7)/$C7 -> -0.099953125 | AK7: =(L7-$C7)/$C7 -> -0.078625 | AL7: =(M7-$C7)/$C7 -> 0.036546875 | ... BB7: =(AC7-$C7)/$C7 -> 0.0066875
B8: 45 | C8: =32*B8/4095 -> 0.35164835 | D8: =MIN(F8:AC8) -> 0.307 | E8: =MAX(F8:AC8) -> 0.369 | F8: 0.349 | G8: 0.34 | H8: 0.323 | I8: 0.325 | J8: 0.342 | K8: 0.327 | L8: 0.336 | M8: 0.369 | N8: 0.343 | O8: 0.332 | P8: 0.347 | Q8: 0.354 | R8: 0.343 | S8: 0.334 | T8: 0.322 | U8: 0.354 | V8: 0.327 | W8: 0.307 | X8: 0.327 | Y8: 0.318 | Z8: 0.325 | AA8: 0.316 | AB8: 0.34 | AC8: 0.349 | AE8: =(F8-$C8)/$C8 -> -0.00753125 | AF8: =(G8-$C8)/$C8 -> -0.033125 | AG8: =(H8-$C8)/$C8 -> -0.08146875 | AH8: =(I8-$C8)/$C8 -> -0.07578125 | AI8: =(J8-$C8)/$C8 -> -0.0274375 | AJ8: =(K8-$C8)/$C8 -> -0.07009375 | AK8: =(L8-$C8)/$C8 -> -0.0445 | AL8: =(M8-$C8)/$C8 -> 0.04934375 | ... BB8: =(AC8-$C8)/$C8 -> -0.00753125
B9: 60 | C9: =32*B9/4095 -> 0.46886447 | D9: =MIN(F9:AC9) -> 0.411 | E9: =MAX(F9:AC9) -> 0.492 | F9: 0.467 | G9: 0.456 | H9: 0.434 | I9: 0.44 | J9: 0.458 | K9: 0.441 | L9: 0.447 | M9: 0.492 | N9: 0.461 | O9: 0.447 | P9: 0.467 | Q9: 0.478 | R9: 0.458 | S9: 0.441 | T9: 0.427 | U9: 0.469 | V9: 0.432 | W9: 0.411 | X9: 0.432 | Y9: 0.423 | Z9: 0.432 | AA9: 0.423 | AB9: 0.452 | AC9: 0.461 | AE9: =(F9-$C9)/$C9 -> -0.0039765625 | AF9: =(G9-$C9)/$C9 -> -0.0274375 | AG9: =(H9-$C9)/$C9 -> -0.074359375 | AH9: =(I9-$C9)/$C9 -> -0.0615625 | AI9: =(J9-$C9)/$C9 -> -0.023171875 | AJ9: =(K9-$C9)/$C9 -> -0.059429687 | AK9: =(L9-$C9)/$C9 -> -0.046632812 | AL9: =(M9-$C9)/$C9 -> 0.04934375 | ... BB9: =(AC9-$C9)/$C9 -> -0.016773437
B10: 75 | C10: =32*B10/4095 -> 0.58608059 | D10: =MIN(F10:AC10) -> 0.518 | E10: =MAX(F10:AC10) -> 0.616 | F10: 0.587 | G10: 0.578 | H10: 0.554 | I10: 0.556 | J10: 0.578 | K10: 0.563 | L10: 0.567 | M10: 0.616 | N10: 0.583 | O10: 0.569 | P10: 0.589 | Q10: 0.605 | R10: 0.572 | S10: 0.558 | T10: 0.54 | U10: 0.587 | V10: 0.541 | W10: 0.518 | X10: 0.545 | Y10: 0.541 | Z10: 0.549 | AA10: 0.54 | AB10: 0.576 | AC10: 0.585 | AE10: =(F10-$C10)/$C10 -> 0.00156875 | AF10: =(G10-$C10)/$C10 -> -0.0137875 | AG10: =(H10-$C10)/$C10 -> -0.0547375 | AH10: =(I10-$C10)/$C10 -> -0.051325 | AI10: =(J10-$C10)/$C10 -> -0.0137875 | AJ10: =(K10-$C10)/$C10 -> -0.03938125 | AK10: =(L10-$C10)/$C10 -> -0.03255625 | AL10: =(M10-$C10)/$C10 -> 0.05105 | ... BB10: =(AC10-$C10)/$C10 -> -0.00184375
B11: 90 | C11: =32*B11/4095 -> 0.7032967 | D11: =MIN(F11:AC11) -> 0.63 | E11: =MAX(F11:AC11) -> 0.743 | F11: 0.712 | G11: 0.701 | H11: 0.672 | I11: 0.676 | J11: 0.698 | K11: 0.683 | L11: 0.687 | M11: 0.743 | N11: 0.705 | O11: 0.687 | P11: 0.71 | Q11: 0.723 | R11: 0.692 | S11: 0.676 | T11: 0.656 | U11: 0.708 | V11: 0.661 | W11: 0.63 | X11: 0.661 | Y11: 0.649 | Z11: 0.658 | AA11: 0.649 | AB11: 0.687 | AC11: 0.699 | AE11: =(F11-$C11)/$C11 -> 0.012375 | AF11: =(G11-$C11)/$C11 -> -0.003265625 | AG11: =(H11-$C11)/$C11 -> -0.0445 | AH11: =(I11-$C11)/$C11 -> -0.0388125 | AI11: =(J11-$C11)/$C11 -> -0.00753125 | AJ11: =(K11-$C11)/$C11 -> -0.028859375 | AK11: =(L11-$C11)/$C11 -> -0.023171875 | AL11: =(M11-$C11)/$C11 -> 0.056453125 | ... BB11: =(AC11-$C11)/$C11 -> -0.006109375
B12: 105 | C12: =32*B12/4095 -> 0.82051282 | D12: =MIN(F12:AC12) -> 0.739 | E12: =MAX(F12:AC12) -> 0.865 | F12: 0.83 | G12: 0.817 | H12: 0.787 | I12: 0.79 | J12: 0.812 | K12: 0.799 | L12: 0.799 | M12: 0.865 | N12: 0.823 | O12: 0.803 | P12: 0.828 | Q12: 0.845 | R12: 0.81 | S12: 0.787 | T12: 0.767 | U12: 0.821 | V12: 0.77 | W12: 0.739 | X12: 0.772 | Y12: 0.758 | Z12: 0.768 | AA12: 0.765 | AB12: 0.803 | AC12: 0.816 | AE12: =(F12-$C12)/$C12 -> 0.0115625 | AF12: =(G12-$C12)/$C12 -> -0.00428125 | AG12: =(H12-$C12)/$C12 -> -0.04084375 | AH12: =(I12-$C12)/$C12 -> -0.0371875 | AI12: =(J12-$C12)/$C12 -> -0.010375 | AJ12: =(K12-$C12)/$C12 -> -0.02621875 | AK12: =(L12-$C12)/$C12 -> -0.02621875 | AL12: =(M12-$C12)/$C12 -> 0.05421875 | ... BB12: =(AC12-$C12)/$C12 -> -0.0055
B13: 120 | C13: =32*B13/4095 -> 0.93772894 | D13: =MIN(F13:AC13) -> 0.847 | E13: =MAX(F13:AC13) -> 0.988 | F13: 0.95 | G13: 0.934 | H13: 0.903 | I13: 0.906 | J13: 0.928 | K13: 0.919 | L13: 0.917 | M13: 0.988 | N13: 0.941 | O13: 0.919 | P13: 0.946 | Q13: 0.966 | R13: 0.925 | S13: 0.903 | T13: 0.876 | U13: 0.936 | V13: 0.877 | W13: 0.847 | X13: 0.883 | Y13: 0.867 | Z13: 0.874 | AA13: 0.874 | AB13: 0.914 | AC13: 0.928 | AE13: =(F13-$C13)/$C13 -> 0.013085937 | AF13: =(G13-$C13)/$C13 -> -0.0039765625 | AG13: =(H13-$C13)/$C13 -> -0.037035156 | AH13: =(I13-$C13)/$C13 -> -0.033835937 | AI13: =(J13-$C13)/$C13 -> -0.010375 | AJ13: =(K13-$C13)/$C13 -> -0.019972656 | AK13: =(L13-$C13)/$C13 -> -0.022105469 | AL13: =(M13-$C13)/$C13 -> 0.053609375 | ... BB13: =(AC13-$C13)/$C13 -> -0.010375
B14: 135 | C14: =32*B14/4095 -> 1.0549451 | D14: =MIN(F14:AC14) -> 0.957 | E14: =MAX(F14:AC14) -> 1.104 | F14: 1.066 | G14: 1.052 | H14: 1.014 | I14: 1.021 | J14: 1.043 | K14: 1.034 | L14: 1.032 | M14: 1.104 | N14: 1.055 | O14: 1.032 | P14: 1.065 | Q14: 1.09 | R14: 1.039 | S14: 1.015 | T14: 0.992 | U14: 1.054 | V14: 0.992 | W14: 0.957 | X14: 0.997 | Y14: 0.983 | Z14: 0.99 | AA14: 0.992 | AB14: 1.032 | AC14: 1.05 | AE14: =(F14-$C14)/$C14 -> 0.010479167 | AF14: =(G14-$C14)/$C14 -> -0.0027916667 | AG14: =(H14-$C14)/$C14 -> -0.0388125 | AH14: =(I14-$C14)/$C14 -> -0.032177083 | AI14: =(J14-$C14)/$C14 -> -0.011322917 | AJ14: =(K14-$C14)/$C14 -> -0.019854167 | AK14: =(L14-$C14)/$C14 -> -0.02175 | AL14: =(M14-$C14)/$C14 -> 0.0465 | ... BB14: =(AC14-$C14)/$C14 -> -0.0046875
B15: 150 | C15: =32*B15/4095 -> 1.1721612 | D15: =MIN(F15:AC15) -> 1.066 | E15: =MAX(F15:AC15) -> 1.228 | F15: 1.186 | G15: 1.174 | H15: 1.134 | I15: 1.139 | J15: 1.163 | K15: 1.152 | L15: 1.148 | M15: 1.228 | N15: 1.172 | O15: 1.148 | P15: 1.181 | Q15: 1.208 | R15: 1.154 | S15: 1.13 | T15: 1.103 | U15: 1.168 | V15: 1.104 | W15: 1.066 | X15: 1.108 | Y15: 1.094 | Z15: 1.099 | AA15: 1.103 | AB15: 1.144 | AC15: 1.164 | AE15: =(F15-$C15)/$C15 -> 0.01180625 | AF15: =(G15-$C15)/$C15 -> 0.00156875 | AG15: =(H15-$C15)/$C15 -> -0.03255625 | AH15: =(I15-$C15)/$C15 -> -0.028290625 | AI15: =(J15-$C15)/$C15 -> -0.007815625 | AJ15: =(K15-$C15)/$C15 -> -0.0172 | AK15: =(L15-$C15)/$C15 -> -0.0206125 | AL15: =(M15-$C15)/$C15 -> 0.0476375 | ... BB15: =(AC15-$C15)/$C15 -> -0.0069625
B16: 165 | C16: =32*B16/4095 -> 1.2893773 | D16: =MIN(F16:AC16) -> 1.177 | E16: =MAX(F16:AC16) -> 1.348 | F16: 1.306 | G16: 1.288 | H16: 1.246 | I16: 1.255 | J16: 1.279 | K16: 1.272 | L16: 1.268 | M16: 1.348 | N16: 1.292 | O16: 1.268 | P16: 1.302 | Q16: 1.328 | R16: 1.272 | S16: 1.243 | T16: 1.213 | U16: 1.284 | V16: 1.217 | W16: 1.177 | X16: 1.219 | Y16: 1.206 | Z16: 1.21 | AA16: 1.215 | AB16: 1.263 | AC16: 1.281 | AE16: =(F16-$C16)/$C16 -> 0.012892045 | AF16: =(G16-$C16)/$C16 -> -0.0010681818 | AG16: =(H16-$C16)/$C16 -> -0.033642045 | AH16: =(I16-$C16)/$C16 -> -0.026661932 | AI16: =(J16-$C16)/$C16 -> -0.0080482955 | AJ16: =(K16-$C16)/$C16 -> -0.013477273 | AK16: =(L16-$C16)/$C16 -> -0.016579545 | AL16: =(M16-$C16)/$C16 -> 0.045465909 | ... BB16: =(AC16-$C16)/$C16 -> -0.0064971591
... B278: 4095 | C278: =32*B278/4095 -> 32 | D278: =MIN(F278:AC278) -> 31.834 | E278: =MAX(F278:AC278) -> 32.212 | F278: 31.992 | G278: 32.055 | H278: 32.01 | I278: 31.875 | J278: 32.193 | K278: 31.857 | L278: 31.834 | M278: 31.861 | N278: 32.044 | O278: 32.086 | P278: 31.836 | Q278: 31.95 | R278: 32.121 | S278: 32.155 | T278: 32.153 | U278: 32.112 | V278: 32.212 | W278: 32.179 | X278: 32.054 | Y278: 32.106 | Z278: 32.126 | AA278: 32.015 | AB278: 31.977 | AC278: 31.988 | AE278: =(F278-$C278)/$C278 -> -0.00025 | AF278: =(G278-$C278)/$C278 -> 0.00171875 | AG278: =(H278-$C278)/$C278 -> 0.0003125 | AH278: =(I278-$C278)/$C278 -> -0.00390625 | AI278: =(J278-$C278)/$C278 -> 0.00603125 | AJ278: =(K278-$C278)/$C278 -> -0.00446875 | AK278: =(L278-$C278)/$C278 -> -0.0051875 | AL278: =(M278-$C278)/$C278 -> -0.00434375 | ... BB278: =(AC278-$C278)/$C278 -> -0.000375
