Workbook

Sheet Sheet1
B2: data | C2: io_1 | D2: io_2 | E2: io_3 | F2: io_4 | G2: io_5 | H2: io_6 | I2: io_7 | J2: io_8 | K2: io_9 | L2: io_10 | M2: io_11 | N2: io_12
B3: 0 | C3: 0.016 | D3: 0.015 | E3: 0.015 | F3: 0.016 | G3: 0.015 | H3: 0.016 | I3: 0.016 | J3: 0.015 | K3: 0.015 | L3: 0.013 | M3: 0.015 | N3: 0.015
B4: 15 | C4: 0.134 | D4: 0.127 | E4: 0.131 | F4: 0.133 | G4: 0.127 | H4: 0.131 | I4: 0.136 | J4: 0.12 | K4: 0.133 | L4: 0.116 | M4: 0.127 | N4: 0.133
B5: 30 | C5: 0.254 | D5: 0.243 | E5: 0.249 | F5: 0.249 | G5: 0.242 | H5: 0.247 | I5: 0.258 | J5: 0.231 | K5: 0.253 | L5: 0.227 | M5: 0.245 | N5: 0.256
B6: 45 | C6: 0.378 | D6: 0.363 | E6: 0.371 | F6: 0.371 | G6: 0.36 | H6: 0.367 | I6: 0.38 | J6: 0.345 | K6: 0.374 | L6: 0.338 | M6: 0.361 | N6: 0.378
B7: 60 | C7: 0.496 | D7: 0.481 | E7: 0.487 | F7: 0.487 | G7: 0.478 | H7: 0.485 | I7: 0.5 | J7: 0.456 | K7: 0.496 | L7: 0.452 | M7: 0.478 | N7: 0.498
B8: 75 | C8: 0.614 | D8: 0.598 | E8: 0.601 | F8: 0.603 | G8: 0.592 | H8: 0.599 | I8: 0.616 | J8: 0.563 | K8: 0.61 | L8: 0.565 | M8: 0.59 | N8: 0.618
B9: 90 | C9: 0.732 | D9: 0.714 | E9: 0.716 | F9: 0.719 | G9: 0.708 | H9: 0.714 | I9: 0.736 | J9: 0.678 | K9: 0.73 | L9: 0.679 | M9: 0.705 | N9: 0.734
B10: 105 | C10: 0.85 | D10: 0.83 | E10: 0.836 | F10: 0.837 | G10: 0.827 | H10: 0.832 | I10: 0.856 | J10: 0.79 | K10: 0.85 | L10: 0.796 | M10: 0.825 | N10: 0.857
B11: 120 | C11: 0.968 | D11: 0.948 | E11: 0.952 | F11: 0.956 | G11: 0.943 | H11: 0.952 | I11: 0.974 | J11: 0.905 | K11: 0.968 | L11: 0.91 | M11: 0.941 | N11: 0.974
B12: 135 | C12: 1.083 | D12: 1.061 | E12: 1.065 | F12: 1.066 | G12: 1.055 | H12: 1.061 | I12: 1.088 | J12: 1.012 | K12: 1.083 | L12: 1.017 | M12: 1.052 | N12: 1.088
B13: 150 | C13: 1.199 | D13: 1.181 | E13: 1.183 | F13: 1.183 | G13: 1.17 | H13: 1.177 | I13: 1.206 | J13: 1.123 | K13: 1.199 | L13: 1.132 | M13: 1.168 | N13: 1.206
B14: 165 | C14: 1.319 | D14: 1.299 | E14: 1.301 | F14: 1.302 | G14: 1.29 | H14: 1.295 | I14: 1.326 | J14: 1.241 | K14: 1.319 | L14: 1.248 | M14: 1.29 | N14: 1.324
... B276: 4095 | C276: 31.841 | D276: 31.914 | E276: 31.743 | F276: 32.241 | G276: 32.034 | H276: 32.054 | I276: 31.659 | J276: 33.154 | K276: 31.779 | L276: 32.715 | M276: 32.244 | N276: 31.576

Sheet #1 ~ #8, (300, 1600), 전류
E2: ictl_l
E3: ictl_h
B4: data | C4: ideal | D4: min | E4: max | F4: io_1 | G4: io_2 | H4: io_3 | I4: io_4 | J4: io_5 | K4: io_6 | L4: io_7 | M4: io_8 | N4: io_9 | O4: io_10 | P4: io_11 | Q4: io_12 | R4: io_1 | S4: io_2 | T4: io_3 | U4: io_4 | V4: io_5 | W4: io_6 | X4: io_7 | Y4: io_8 | Z4: io_9 | AA4: io_10 | AB4: io_11 | AC4: io_12 | AD4: io_1 | AE4: io_2 | AF4: io_3 | AG4: io_4 | AH4: io_5 | AI4: io_6 | AJ4: io_7 | AK4: io_8 | AL4: io_9 | AM4: io_10 | AN4: io_11 | AO4: io_12 | AP4: io_1 | AQ4: io_2 | AR4: io_3 | AS4: io_4 | AT4: io_5 | AU4: io_6 | AV4: io_7 | AW4: io_8 | AX4: io_9 | AY4: io_10 | AZ4: io_11 | BA4: io_12 | BB4: io_1 | BC4: io_2 | BD4: io_3 | BE4: io_4 | BF4: io_5 | BG4: io_6 | BH4: io_7 | BI4: io_8 | BJ4: io_9 | BK4: io_10 | BL4: io_11 | BM4: io_12 | BN4: io_1 | BO4: io_2 | BP4: io_3 | BQ4: io_4 | BR4: io_5 | BS4: io_6 | BT4: io_7 | BU4: io_8 | BV4: io_9 | BW4: io_10 | BX4: io_11 | BY4: io_12
B5: 0 | C5: =32*B5/4095 -> 0 | D5: =MIN(F5:AO5) -> 0.004 | E5: =MAX(F5:AO5) -> 0.118 | F5: 0.058 | G5: 0.056 | H5: 0.054 | I5: 0.058 | J5: 0.053 | K5: 0.054 | L5: 0.056 | M5: 0.06 | N5: 0.053 | O5: 0.053 | P5: 0.053 | Q5: 0.058 | R5: 0.005 | S5: 0.004 | T5: 0.004 | U5: 0.004 | V5: 0.004 | W5: 0.004 | X5: 0.004 | Y5: 0.004 | Z5: 0.004 | AA5: 0.004 | AB5: 0.004 | AC5: 0.004 | AD5: 0.109 | AE5: 0.114 | AF5: 0.118 | AG5: 0.113 | AH5: 0.109 | AI5: 0.114 | AJ5: 0.102 | AK5: 0.105 | AL5: 0.107 | AM5: 0.116 | AN5: 0.107 | AO5: 0.111 | AP5: 0.053 | AQ5: 0.049 | AR5: 0.045 | AS5: 0.049 | AT5: 0.054 | AU5: 0.049 | AV5: 0.056 | AW5: 0.051 | AX5: 0.051 | AY5: 0.051 | AZ5: 0.06 | BA5: 0.058 | BB5: 0.002 | BC5: 0.002 | BD5: 0 | BE5: 0.002 | BF5: 0.002 | BG5: 0.002 | BH5: 0.002 | BI5: 0.002 | BJ5: 0.002 | BK5: 0.002 | BL5: 0.002 | BM5: 0.002 | BN5: 0.016 | BO5: 0.015 | BP5: 0.015 | BQ5: 0.016 | BR5: 0.015 | BS5: 0.016 | BT5: 0.016 | BU5: 0.015 | BV5: 0.015 | BW5: 0.013 | BX5: 0.015 | BY5: 0.015
B6: 15 | C6: =32*B6/4095 -> 0.11721612 | D6: =MIN(F6:AO6) -> 0.1 | E6: =MAX(F6:AO6) -> 0.231 | F6: 0.176 | G6: 0.163 | H6: 0.162 | I6: 0.169 | J6: 0.158 | K6: 0.169 | L6: 0.171 | M6: 0.182 | N6: 0.163 | O6: 0.16 | P6: 0.165 | Q6: 0.173 | R6: 0.113 | S6: 0.114 | T6: 0.111 | U6: 0.105 | V6: 0.107 | W6: 0.102 | X6: 0.1 | Y6: 0.113 | Z6: 0.102 | AA6: 0.104 | AB6: 0.102 | AC6: 0.102 | AD6: 0.216 | AE6: 0.223 | AF6: 0.231 | AG6: 0.222 | AH6: 0.216 | AI6: 0.223 | AJ6: 0.205 | AK6: 0.213 | AL6: 0.214 | AM6: 0.229 | AN6: 0.216 | AO6: 0.22 | AP6: 0.169 | AQ6: 0.16 | AR6: 0.154 | AS6: 0.162 | AT6: 0.173 | AU6: 0.163 | AV6: 0.174 | AW6: 0.165 | AX6: 0.165 | AY6: 0.16 | AZ6: 0.185 | BA6: 0.18 | BB6: 0.04 | BC6: 0.049 | BD6: 0.047 | BE6: 0.042 | BF6: 0.047 | BG6: 0.051 | BH6: 0.049 | BI6: 0.047 | BJ6: 0.044 | BK6: 0.044 | BL6: 0.047 | BM6: 0.049 | BN6: 0.134 | BO6: 0.127 | BP6: 0.131 | BQ6: 0.133 | BR6: 0.127 | BS6: 0.131 | BT6: 0.136 | BU6: 0.12 | BV6: 0.133 | BW6: 0.116 | BX6: 0.127 | BY6: 0.133
B7: 30 | C7: =32*B7/4095 -> 0.23443223 | D7: =MIN(F7:AO7) -> 0.213 | E7: =MAX(F7:AO7) -> 0.34 | F7: 0.291 | G7: 0.272 | H7: 0.272 | I7: 0.282 | J7: 0.267 | K7: 0.282 | L7: 0.283 | M7: 0.3 | N7: 0.276 | O7: 0.269 | P7: 0.276 | Q7: 0.289 | R7: 0.229 | S7: 0.229 | T7: 0.223 | U7: 0.213 | V7: 0.216 | W7: 0.22 | X7: 0.214 | Y7: 0.242 | Z7: 0.222 | AA7: 0.225 | AB7: 0.222 | AC7: 0.222 | AD7: 0.323 | AE7: 0.331 | AF7: 0.34 | AG7: 0.329 | AH7: 0.323 | AI7: 0.331 | AJ7: 0.307 | AK7: 0.316 | AL7: 0.322 | AM7: 0.336 | AN7: 0.325 | AO7: 0.329 | AP7: 0.28 | AQ7: 0.271 | AR7: 0.262 | AS7: 0.269 | AT7: 0.285 | AU7: 0.278 | AV7: 0.294 | AW7: 0.283 | AX7: 0.282 | AY7: 0.272 | AZ7: 0.309 | BA7: 0.3 | BB7: 0.145 | BC7: 0.162 | BD7: 0.162 | BE7: 0.147 | BF7: 0.162 | BG7: 0.171 | BH7: 0.167 | BI7: 0.16 | BJ7: 0.153 | BK7: 0.149 | BL7: 0.163 | BM7: 0.169 | BN7: 0.254 | BO7: 0.243 | BP7: 0.249 | BQ7: 0.249 | BR7: 0.242 | BS7: 0.247 | BT7: 0.258 | BU7: 0.231 | BV7: 0.253 | BW7: 0.227 | BX7: 0.245 | BY7: 0.256
B8: 45 | C8: =32*B8/4095 -> 0.35164835 | D8: =MIN(F8:AO8) -> 0.331 | E8: =MAX(F8:AO8) -> 0.454 | F8: 0.405 | G8: 0.385 | H8: 0.385 | I8: 0.398 | J8: 0.378 | K8: 0.4 | L8: 0.4 | M8: 0.418 | N8: 0.392 | O8: 0.383 | P8: 0.392 | Q8: 0.407 | R8: 0.354 | S8: 0.352 | T8: 0.347 | U8: 0.331 | V8: 0.338 | W8: 0.343 | X8: 0.334 | Y8: 0.369 | Z8: 0.342 | AA8: 0.347 | AB8: 0.338 | AC8: 0.342 | AD8: 0.434 | AE8: 0.447 | AF8: 0.454 | AG8: 0.441 | AH8: 0.438 | AI8: 0.441 | AJ8: 0.418 | AK8: 0.431 | AL8: 0.438 | AM8: 0.452 | AN8: 0.441 | AO8: 0.445 | AP8: 0.398 | AQ8: 0.383 | AR8: 0.374 | AS8: 0.383 | AT8: 0.401 | AU8: 0.391 | AV8: 0.409 | AW8: 0.396 | AX8: 0.394 | AY8: 0.383 | AZ8: 0.431 | BA8: 0.416 | BB8: 0.26 | BC8: 0.28 | BD8: 0.278 | BE8: 0.258 | BF8: 0.282 | BG8: 0.292 | BH8: 0.289 | BI8: 0.282 | BJ8: 0.265 | BK8: 0.262 | BL8: 0.282 | BM8: 0.289 | BN8: 0.378 | BO8: 0.363 | BP8: 0.371 | BQ8: 0.371 | BR8: 0.36 | BS8: 0.367 | BT8: 0.38 | BU8: 0.345 | BV8: 0.374 | BW8: 0.338 | BX8: 0.361 | BY8: 0.378
B9: 60 | C9: =32*B9/4095 -> 0.46886447 | D9: =MIN(F9:AO9) -> 0.445 | E9: =MAX(F9:AO9) -> 0.569 | F9: 0.521 | G9: 0.498 | H9: 0.498 | I9: 0.514 | J9: 0.49 | K9: 0.518 | L9: 0.514 | M9: 0.536 | N9: 0.507 | O9: 0.492 | P9: 0.501 | Q9: 0.521 | R9: 0.476 | S9: 0.474 | T9: 0.467 | U9: 0.445 | V9: 0.454 | W9: 0.461 | X9: 0.451 | Y9: 0.49 | Z9: 0.458 | AA9: 0.467 | AB9: 0.454 | AC9: 0.456 | AD9: 0.543 | AE9: 0.556 | AF9: 0.569 | AG9: 0.552 | AH9: 0.549 | AI9: 0.554 | AJ9: 0.525 | AK9: 0.538 | AL9: 0.547 | AM9: 0.56 | AN9: 0.554 | AO9: 0.556 | AP9: 0.512 | AQ9: 0.494 | AR9: 0.485 | AS9: 0.494 | AT9: 0.516 | AU9: 0.503 | AV9: 0.525 | AW9: 0.512 | AX9: 0.509 | AY9: 0.494 | AZ9: 0.547 | BA9: 0.529 | BB9: 0.372 | BC9: 0.396 | BD9: 0.396 | BE9: 0.369 | BF9: 0.398 | BG9: 0.414 | BH9: 0.411 | BI9: 0.398 | BJ9: 0.381 | BK9: 0.374 | BL9: 0.4 | BM9: 0.405 | BN9: 0.496 | BO9: 0.481 | BP9: 0.487 | BQ9: 0.487 | BR9: 0.478 | BS9: 0.485 | BT9: 0.5 | BU9: 0.456 | BV9: 0.496 | BW9: 0.452 | BX9: 0.478 | BY9: 0.498
B10: 75 | C10: =32*B10/4095 -> 0.58608059 | D10: =MIN(F10:AO10) -> 0.565 | E10: =MAX(F10:AO10) -> 0.685 | F10: 0.639 | G10: 0.61 | H10: 0.609 | I10: 0.627 | J10: 0.603 | K10: 0.638 | L10: 0.632 | M10: 0.654 | N10: 0.623 | O10: 0.609 | P10: 0.618 | Q10: 0.638 | R10: 0.594 | S10: 0.587 | T10: 0.589 | U10: 0.565 | V10: 0.574 | W10: 0.581 | X10: 0.569 | Y10: 0.616 | Z10: 0.579 | AA10: 0.59 | AB10: 0.578 | AC10: 0.579 | AD10: 0.656 | AE10: 0.672 | AF10: 0.685 | AG10: 0.67 | AH10: 0.665 | AI10: 0.667 | AJ10: 0.638 | AK10: 0.654 | AL10: 0.663 | AM10: 0.678 | AN10: 0.67 | AO10: 0.672 | AP10: 0.627 | AQ10: 0.609 | AR10: 0.598 | AS10: 0.607 | AT10: 0.632 | AU10: 0.616 | AV10: 0.639 | AW10: 0.625 | AX10: 0.621 | AY10: 0.609 | AZ10: 0.667 | BA10: 0.647 | BB10: 0.487 | BC10: 0.509 | BD10: 0.512 | BE10: 0.481 | BF10: 0.514 | BG10: 0.53 | BH10: 0.525 | BI10: 0.514 | BJ10: 0.494 | BK10: 0.487 | BL10: 0.518 | BM10: 0.52 | BN10: 0.614 | BO10: 0.598 | BP10: 0.601 | BQ10: 0.603 | BR10: 0.592 | BS10: 0.599 | BT10: 0.616 | BU10: 0.563 | BV10: 0.61 | BW10: 0.565 | BX10: 0.59 | BY10: 0.618
B11: 90 | C11: =32*B11/4095 -> 0.7032967 | D11: =MIN(F11:AO11) -> 0.679 | E11: =MAX(F11:AO11) -> 0.797 | F11: 0.754 | G11: 0.721 | H11: 0.723 | I11: 0.743 | J11: 0.716 | K11: 0.756 | L11: 0.745 | M11: 0.77 | N11: 0.739 | O11: 0.718 | P11: 0.728 | Q11: 0.754 | R11: 0.721 | S11: 0.712 | T11: 0.705 | U11: 0.679 | V11: 0.687 | W11: 0.698 | X11: 0.687 | Y11: 0.738 | Z11: 0.694 | AA11: 0.71 | AB11: 0.694 | AC11: 0.696 | AD11: 0.765 | AE11: 0.781 | AF11: 0.797 | AG11: 0.777 | AH11: 0.772 | AI11: 0.774 | AJ11: 0.747 | AK11: 0.763 | AL11: 0.772 | AM11: 0.785 | AN11: 0.781 | AO11: 0.787 | AP11: 0.741 | AQ11: 0.721 | AR11: 0.71 | AS11: 0.718 | AT11: 0.745 | AU11: 0.728 | AV11: 0.754 | AW11: 0.743 | AX11: 0.736 | AY11: 0.721 | AZ11: 0.785 | BA11: 0.761 | BB11: 0.603 | BC11: 0.627 | BD11: 0.632 | BE11: 0.598 | BF11: 0.632 | BG11: 0.652 | BH11: 0.643 | BI11: 0.63 | BJ11: 0.61 | BK11: 0.601 | BL11: 0.636 | BM11: 0.638 | BN11: 0.732 | BO11: 0.714 | BP11: 0.716 | BQ11: 0.719 | BR11: 0.708 | BS11: 0.714 | BT11: 0.736 | BU11: 0.678 | BV11: 0.73 | BW11: 0.679 | BX11: 0.705 | BY11: 0.734
B12: 105 | C12: =32*B12/4095 -> 0.82051282 | D12: =MIN(F12:AO12) -> 0.797 | E12: =MAX(F12:AO12) -> 0.912 | F12: 0.868 | G12: 0.834 | H12: 0.836 | I12: 0.859 | J12: 0.827 | K12: 0.87 | L12: 0.861 | M12: 0.888 | N12: 0.852 | O12: 0.832 | P12: 0.843 | Q12: 0.868 | R12: 0.845 | S12: 0.832 | T12: 0.825 | U12: 0.797 | V12: 0.807 | W12: 0.817 | X12: 0.805 | Y12: 0.859 | Z12: 0.816 | AA12: 0.832 | AB12: 0.812 | AC12: 0.816 | AD12: 0.877 | AE12: 0.892 | AF12: 0.912 | AG12: 0.892 | AH12: 0.89 | AI12: 0.885 | AJ12: 0.856 | AK12: 0.874 | AL12: 0.888 | AM12: 0.901 | AN12: 0.894 | AO12: 0.899 | AP12: 0.856 | AQ12: 0.836 | AR12: 0.821 | AS12: 0.83 | AT12: 0.861 | AU12: 0.845 | AV12: 0.87 | AW12: 0.859 | AX12: 0.852 | AY12: 0.836 | AZ12: 0.903 | BA12: 0.877 | BB12: 0.718 | BC12: 0.741 | BD12: 0.752 | BE12: 0.712 | BF12: 0.748 | BG12: 0.774 | BH12: 0.763 | BI12: 0.748 | BJ12: 0.728 | BK12: 0.716 | BL12: 0.752 | BM12: 0.756 | BN12: 0.85 | BO12: 0.83 | BP12: 0.836 | BQ12: 0.837 | BR12: 0.827 | BS12: 0.832 | BT12: 0.856 | BU12: 0.79 | BV12: 0.85 | BW12: 0.796 | BX12: 0.825 | BY12: 0.857
B13: 120 | C13: =32*B13/4095 -> 0.93772894 | D13: =MIN(F13:AO13) -> 0.914 | E13: =MAX(F13:AO13) -> 1.023 | F13: 0.983 | G13: 0.946 | H13: 0.95 | I13: 0.976 | J13: 0.939 | K13: 0.99 | L13: 0.976 | M13: 1.005 | N13: 0.968 | O13: 0.946 | P13: 0.957 | Q13: 0.986 | R13: 0.965 | S13: 0.95 | T13: 0.948 | U13: 0.914 | V13: 0.923 | W13: 0.926 | X13: 0.917 | Y13: 0.976 | Z13: 0.928 | AA13: 0.946 | AB13: 0.923 | AC13: 0.926 | AD13: 0.985 | AE13: 1.005 | AF13: 1.023 | AG13: 1.003 | AH13: 0.999 | AI13: 0.994 | AJ13: 0.965 | AK13: 0.983 | AL13: 0.999 | AM13: 1.01 | AN13: 1.008 | AO13: 1.01 | AP13: 0.972 | AQ13: 0.946 | AR13: 0.934 | AS13: 0.941 | AT13: 0.972 | AU13: 0.954 | AV13: 0.983 | AW13: 0.974 | AX13: 0.965 | AY13: 0.948 | AZ13: 1.019 | BA13: 0.992 | BB13: 0.834 | BC13: 0.857 | BD13: 0.868 | BE13: 0.825 | BF13: 0.867 | BG13: 0.892 | BH13: 0.885 | BI13: 0.868 | BJ13: 0.841 | BK13: 0.832 | BL13: 0.87 | BM13: 0.872 | BN13: 0.968 | BO13: 0.948 | BP13: 0.952 | BQ13: 0.956 | BR13: 0.943 | BS13: 0.952 | BT13: 0.974 | BU13: 0.905 | BV13: 0.968 | BW13: 0.91 | BX13: 0.941 | BY13: 0.974
B14: 135 | C14: =32*B14/4095 -> 1.0549451 | D14: =MIN(F14:AO14) -> 1.021 | E14: =MAX(F14:AO14) -> 1.132 | F14: 1.094 | G14: 1.054 | H14: 1.057 | I14: 1.084 | J14: 1.046 | K14: 1.101 | L14: 1.083 | M14: 1.114 | N14: 1.077 | O14: 1.054 | P14: 1.063 | Q14: 1.095 | R14: 1.074 | S14: 1.059 | T14: 1.054 | U14: 1.021 | V14: 1.032 | W14: 1.041 | X14: 1.03 | Y14: 1.092 | Z14: 1.041 | AA14: 1.055 | AB14: 1.032 | AC14: 1.037 | AD14: 1.092 | AE14: 1.114 | AF14: 1.132 | AG14: 1.112 | AH14: 1.11 | AI14: 1.099 | AJ14: 1.074 | AK14: 1.095 | AL14: 1.11 | AM14: 1.121 | AN14: 1.119 | AO14: 1.121 | AP14: 1.079 | AQ14: 1.055 | AR14: 1.041 | AS14: 1.048 | AT14: 1.081 | AU14: 1.063 | AV14: 1.09 | AW14: 1.083 | AX14: 1.072 | AY14: 1.055 | AZ14: 1.13 | BA14: 1.099 | BB14: 0.952 | BC14: 0.976 | BD14: 0.988 | BE14: 0.946 | BF14: 0.99 | BG14: 1.015 | BH14: 1.006 | BI14: 0.986 | BJ14: 0.961 | BK14: 0.948 | BL14: 0.992 | BM14: 0.992 | BN14: 1.083 | BO14: 1.061 | BP14: 1.065 | BQ14: 1.066 | BR14: 1.055 | BS14: 1.061 | BT14: 1.088 | BU14: 1.012 | BV14: 1.083 | BW14: 1.017 | BX14: 1.052 | BY14: 1.088
B15: 150 | C15: =32*B15/4095 -> 1.1721612 | D15: =MIN(F15:AO15) -> 1.135 | E15: =MAX(F15:AO15) -> 1.243 | F15: 1.206 | G15: 1.168 | H15: 1.174 | I15: 1.203 | J15: 1.163 | K15: 1.219 | L15: 1.201 | M15: 1.232 | N15: 1.193 | O15: 1.168 | P15: 1.179 | Q15: 1.212 | R15: 1.192 | S15: 1.172 | T15: 1.17 | U15: 1.135 | V15: 1.143 | W15: 1.154 | X15: 1.144 | Y15: 1.208 | Z15: 1.155 | AA15: 1.175 | AB15: 1.146 | AC15: 1.152 | AD15: 1.203 | AE15: 1.224 | AF15: 1.243 | AG15: 1.226 | AH15: 1.221 | AI15: 1.208 | AJ15: 1.183 | AK15: 1.203 | AL15: 1.226 | AM15: 1.232 | AN15: 1.228 | AO15: 1.233 | AP15: 1.193 | AQ15: 1.17 | AR15: 1.152 | AS15: 1.159 | AT15: 1.195 | AU15: 1.177 | AV15: 1.206 | AW15: 1.199 | AX15: 1.186 | AY15: 1.17 | AZ15: 1.246 | BA15: 1.217 | BB15: 1.072 | BC15: 1.092 | BD15: 1.11 | BE15: 1.061 | BF15: 1.106 | BG15: 1.134 | BH15: 1.123 | BI15: 1.104 | BJ15: 1.079 | BK15: 1.065 | BL15: 1.11 | BM15: 1.108 | BN15: 1.199 | BO15: 1.181 | BP15: 1.183 | BQ15: 1.183 | BR15: 1.17 | BS15: 1.177 | BT15: 1.206 | BU15: 1.123 | BV15: 1.199 | BW15: 1.132 | BX15: 1.168 | BY15: 1.206
B16: 165 | C16: =32*B16/4095 -> 1.2893773 | D16: =MIN(F16:AO16) -> 1.252 | E16: =MAX(F16:AO16) -> 1.359 | F16: 1.317 | G16: 1.283 | H16: 1.284 | I16: 1.315 | J16: 1.273 | K16: 1.333 | L16: 1.313 | M16: 1.346 | N16: 1.31 | O16: 1.279 | P16: 1.292 | Q16: 1.328 | R16: 1.313 | S16: 1.292 | T16: 1.292 | U16: 1.252 | V16: 1.261 | W16: 1.273 | X16: 1.264 | Y16: 1.332 | Z16: 1.277 | AA16: 1.297 | AB16: 1.266 | AC16: 1.273 | AD16: 1.315 | AE16: 1.337 | AF16: 1.359 | AG16: 1.339 | AH16: 1.337 | AI16: 1.322 | AJ16: 1.293 | AK16: 1.317 | AL16: 1.337 | AM16: 1.346 | AN16: 1.348 | AO16: 1.35 | AP16: 1.312 | AQ16: 1.288 | AR16: 1.273 | AS16: 1.277 | AT16: 1.315 | AU16: 1.295 | AV16: 1.324 | AW16: 1.315 | AX16: 1.304 | AY16: 1.286 | AZ16: 1.364 | BA16: 1.332 | BB16: 1.19 | BC16: 1.21 | BD16: 1.23 | BE16: 1.177 | BF16: 1.223 | BG16: 1.253 | BH16: 1.241 | BI16: 1.226 | BJ16: 1.197 | BK16: 1.181 | BL16: 1.228 | BM16: 1.226 | BN16: 1.319 | BO16: 1.299 | BP16: 1.301 | BQ16: 1.302 | BR16: 1.29 | BS16: 1.295 | BT16: 1.326 | BU16: 1.241 | BV16: 1.319 | BW16: 1.248 | BX16: 1.29 | BY16: 1.324
... B278: 4095 | C278: =32*B278/4095 -> 32 | D278: =MIN(F278:AO278) -> 31.123 | E278: =MAX(F278:AO278) -> 32.786 | F278: 32.106 | G278: 31.974 | H278: 32.33 | I278: 31.301 | J278: 32.475 | K278: 31.456 | L278: 31.625 | M278: 31.61 | N278: 31.703 | O278: 32.33 | P278: 32.055 | Q278: 31.32 | R278: 31.209 | S278: 31.736 | T278: 31.903 | U278: 32.206 | V278: 32.202 | W278: 32.09 | X278: 32.003 | Y278: 31.123 | Z278: 31.808 | AA278: 31.456 | AB278: 31.952 | AC278: 31.846 | AD278: 32.595 | AE278: 32.375 | AF278: 31.908 | AG278: 31.994 | AH278: 31.585 | AI278: 32.786 | AJ278: 32.384 | AK278: 31.974 | AL278: 31.605 | AM278: 31.868 | AN278: 31.736 | AO278: 31.568 | AP278: 32.01 | AQ278: 31.832 | AR278: 32.302 | AS278: 32.444 | AT278: 32.144 | AU278: 32.003 | AV278: 31.87 | AW278: 31.696 | AX278: 31.966 | AY278: 31.774 | AZ278: 31.24 | BA278: 32.15 | BB278: 32.39 | BC278: 32.638 | BD278: 31.634 | BE278: 32.37 | BF278: 32.315 | BG278: 31.652 | BH278: 32.028 | BI278: 32.13 | BJ278: 32.286 | BK278: 32.646 | BL278: 32.133 | BM278: 31.977 | BN278: 31.841 | BO278: 31.914 | BP278: 31.743 | BQ278: 32.241 | BR278: 32.034 | BS278: 32.054 | BT278: 31.659 | BU278: 33.154 | BV278: 31.779 | BW278: 32.715 | BX278: 32.244 | BY278: 31.576

Sheet #1 ~ #8, (300, 1600), 오차
D2: ictl_l
D3: ictl_h
B4: data | C4: min | D4: max | E4: io_1 | F4: io_2 | G4: io_3 | H4: io_4 | I4: io_5 | J4: io_6 | K4: io_7 | L4: io_8 | M4: io_9 | N4: io_10 | O4: io_11 | P4: io_12 | Q4: io_1 | R4: io_2 | S4: io_3 | T4: io_4 | U4: io_5 | V4: io_6 | W4: io_7 | X4: io_8 | Y4: io_9 | Z4: io_10 | AA4: io_11 | AB4: io_12 | AC4: io_1 | AD4: io_2 | AE4: io_3 | AF4: io_4 | AG4: io_5 | AH4: io_6 | AI4: io_7 | AJ4: io_8 | AK4: io_9 | AL4: io_10 | AM4: io_11 | AN4: io_12 | AO4: io_1 | AP4: io_2 | AQ4: io_3 | AR4: io_4 | AS4: io_5 | AT4: io_6 | AU4: io_7 | AV4: io_8 | AW4: io_9 | AX4: io_10 | AY4: io_11 | AZ4: io_12 | BA4: io_1 | BB4: io_2 | BC4: io_3 | BD4: io_4 | BE4: io_5 | BF4: io_6 | BG4: io_7 | BH4: io_8 | BI4: io_9 | BJ4: io_10 | BK4: io_11 | BL4: io_12 | BM4: io_1 | BN4: io_2 | BO4: io_3 | BP4: io_4 | BQ4: io_5 | BR4: io_6 | BS4: io_7 | BT4: io_8 | BU4: io_9 | BV4: io_10 | BW4: io_11 | BX4: io_12
B5: 0 | C5: =MIN(E5:AN5) -> #DIV/0! | D5: =MAX(E5:AN5) -> #DIV/0! | E5: =('#1 ~ #8, (300, 1600), 전류'!F5-'#1 ~ #8, (300, 1600), 전류'!$C5)/'#1 ~ #8, (300, 1600), 전류'!$C5 -> #DIV/0! | F5: =('#1 ~ #8, (300, 1600), 전류'!G5-'#1 ~ #8, (300, 1600), 전류'!$C5)/'#1 ~ #8, (300, 1600), 전류'!$C5 -> #DIV/0! | G5: =('#1 ~ #8, (300, 1600), 전류'!H5-'#1 ~ #8, (300, 1600), 전류'!$C5)/'#1 ~ #8, (300, 1600), 전류'!$C5 -> #DIV/0! | H5: =('#1 ~ #8, (300, 1600), 전류'!I5-'#1 ~ #8, (300, 1600), 전류'!$C5)/'#1 ~ #8, (300, 1600), 전류'!$C5 -> #DIV/0! | I5: =('#1 ~ #8, (300, 1600), 전류'!J5-'#1 ~ #8, (300, 1600), 전류'!$C5)/'#1 ~ #8, (300, 1600), 전류'!$C5 -> #DIV/0! | J5: =('#1 ~ #8, (300, 1600), 전류'!K5-'#1 ~ #8, (300, 1600), 전류'!$C5)/'#1 ~ #8, (300, 1600), 전류'!$C5 -> #DIV/0! | K5: =('#1 ~ #8, (300, 1600), 전류'!L5-'#1 ~ #8, (300, 1600), 전류'!$C5)/'#1 ~ #8, (300, 1600), 전류'!$C5 -> #DIV/0! | L5: =('#1 ~ #8, (300, 1600), 전류'!M5-'#1 ~ #8, (300, 1600), 전류'!$C5)/'#1 ~ #8, (300, 1600), 전류'!$C5 -> #DIV/0! | ... BX5: =('#1 ~ #8, (300, 1600), 전류'!BY5-'#1 ~ #8, (300, 1600), 전류'!$C5)/'#1 ~ #8, (300, 1600), 전류'!$C5 -> #DIV/0!
B6: 15 | C6: =MIN(E6:AN6) -> -0.146875 | D6: =MAX(E6:AN6) -> 0.97071875 | E6: =('#1 ~ #8, (300, 1600), 전류'!F6-'#1 ~ #8, (300, 1600), 전류'!$C6)/'#1 ~ #8, (300, 1600), 전류'!$C6 -> 0.5015 | F6: =('#1 ~ #8, (300, 1600), 전류'!G6-'#1 ~ #8, (300, 1600), 전류'!$C6)/'#1 ~ #8, (300, 1600), 전류'!$C6 -> 0.39059375 | G6: =('#1 ~ #8, (300, 1600), 전류'!H6-'#1 ~ #8, (300, 1600), 전류'!$C6)/'#1 ~ #8, (300, 1600), 전류'!$C6 -> 0.3820625 | H6: =('#1 ~ #8, (300, 1600), 전류'!I6-'#1 ~ #8, (300, 1600), 전류'!$C6)/'#1 ~ #8, (300, 1600), 전류'!$C6 -> 0.44178125 | I6: =('#1 ~ #8, (300, 1600), 전류'!J6-'#1 ~ #8, (300, 1600), 전류'!$C6)/'#1 ~ #8, (300, 1600), 전류'!$C6 -> 0.3479375 | J6: =('#1 ~ #8, (300, 1600), 전류'!K6-'#1 ~ #8, (300, 1600), 전류'!$C6)/'#1 ~ #8, (300, 1600), 전류'!$C6 -> 0.44178125 | K6: =('#1 ~ #8, (300, 1600), 전류'!L6-'#1 ~ #8, (300, 1600), 전류'!$C6)/'#1 ~ #8, (300, 1600), 전류'!$C6 -> 0.45884375 | L6: =('#1 ~ #8, (300, 1600), 전류'!M6-'#1 ~ #8, (300, 1600), 전류'!$C6)/'#1 ~ #8, (300, 1600), 전류'!$C6 -> 0.5526875 | ... BX6: =('#1 ~ #8, (300, 1600), 전류'!BY6-'#1 ~ #8, (300, 1600), 전류'!$C6)/'#1 ~ #8, (300, 1600), 전류'!$C6 -> 0.13465625
B7: 30 | C7: =MIN(E7:AN7) -> -0.091421875 | D7: =MAX(E7:AN7) -> 0.4503125 | E7: =('#1 ~ #8, (300, 1600), 전류'!F7-'#1 ~ #8, (300, 1600), 전류'!$C7)/'#1 ~ #8, (300, 1600), 전류'!$C7 -> 0.24129687 | F7: =('#1 ~ #8, (300, 1600), 전류'!G7-'#1 ~ #8, (300, 1600), 전류'!$C7)/'#1 ~ #8, (300, 1600), 전류'!$C7 -> 0.16025 | G7: =('#1 ~ #8, (300, 1600), 전류'!H7-'#1 ~ #8, (300, 1600), 전류'!$C7)/'#1 ~ #8, (300, 1600), 전류'!$C7 -> 0.16025 | H7: =('#1 ~ #8, (300, 1600), 전류'!I7-'#1 ~ #8, (300, 1600), 전류'!$C7)/'#1 ~ #8, (300, 1600), 전류'!$C7 -> 0.20290625 | I7: =('#1 ~ #8, (300, 1600), 전류'!J7-'#1 ~ #8, (300, 1600), 전류'!$C7)/'#1 ~ #8, (300, 1600), 전류'!$C7 -> 0.13892188 | J7: =('#1 ~ #8, (300, 1600), 전류'!K7-'#1 ~ #8, (300, 1600), 전류'!$C7)/'#1 ~ #8, (300, 1600), 전류'!$C7 -> 0.20290625 | K7: =('#1 ~ #8, (300, 1600), 전류'!L7-'#1 ~ #8, (300, 1600), 전류'!$C7)/'#1 ~ #8, (300, 1600), 전류'!$C7 -> 0.20717187 | L7: =('#1 ~ #8, (300, 1600), 전류'!M7-'#1 ~ #8, (300, 1600), 전류'!$C7)/'#1 ~ #8, (300, 1600), 전류'!$C7 -> 0.2796875 | ... BX7: =('#1 ~ #8, (300, 1600), 전류'!BY7-'#1 ~ #8, (300, 1600), 전류'!$C7)/'#1 ~ #8, (300, 1600), 전류'!$C7 -> 0.092
B8: 45 | C8: =MIN(E8:AN8) -> -0.05871875 | D8: =MAX(E8:AN8) -> 0.2910625 | E8: =('#1 ~ #8, (300, 1600), 전류'!F8-'#1 ~ #8, (300, 1600), 전류'!$C8)/'#1 ~ #8, (300, 1600), 전류'!$C8 -> 0.15171875 | F8: =('#1 ~ #8, (300, 1600), 전류'!G8-'#1 ~ #8, (300, 1600), 전류'!$C8)/'#1 ~ #8, (300, 1600), 전류'!$C8 -> 0.09484375 | G8: =('#1 ~ #8, (300, 1600), 전류'!H8-'#1 ~ #8, (300, 1600), 전류'!$C8)/'#1 ~ #8, (300, 1600), 전류'!$C8 -> 0.09484375 | H8: =('#1 ~ #8, (300, 1600), 전류'!I8-'#1 ~ #8, (300, 1600), 전류'!$C8)/'#1 ~ #8, (300, 1600), 전류'!$C8 -> 0.1318125 | I8: =('#1 ~ #8, (300, 1600), 전류'!J8-'#1 ~ #8, (300, 1600), 전류'!$C8)/'#1 ~ #8, (300, 1600), 전류'!$C8 -> 0.0749375 | J8: =('#1 ~ #8, (300, 1600), 전류'!K8-'#1 ~ #8, (300, 1600), 전류'!$C8)/'#1 ~ #8, (300, 1600), 전류'!$C8 -> 0.1375 | K8: =('#1 ~ #8, (300, 1600), 전류'!L8-'#1 ~ #8, (300, 1600), 전류'!$C8)/'#1 ~ #8, (300, 1600), 전류'!$C8 -> 0.1375 | L8: =('#1 ~ #8, (300, 1600), 전류'!M8-'#1 ~ #8, (300, 1600), 전류'!$C8)/'#1 ~ #8, (300, 1600), 전류'!$C8 -> 0.1886875 | ... BX8: =('#1 ~ #8, (300, 1600), 전류'!BY8-'#1 ~ #8, (300, 1600), 전류'!$C8)/'#1 ~ #8, (300, 1600), 전류'!$C8 -> 0.0749375
B9: 60 | C9: =MIN(E9:AN9) -> -0.050898437 | D9: =MAX(E9:AN9) -> 0.21357031 | E9: =('#1 ~ #8, (300, 1600), 전류'!F9-'#1 ~ #8, (300, 1600), 전류'!$C9)/'#1 ~ #8, (300, 1600), 전류'!$C9 -> 0.11119531 | F9: =('#1 ~ #8, (300, 1600), 전류'!G9-'#1 ~ #8, (300, 1600), 전류'!$C9)/'#1 ~ #8, (300, 1600), 전류'!$C9 -> 0.062140625 | G9: =('#1 ~ #8, (300, 1600), 전류'!H9-'#1 ~ #8, (300, 1600), 전류'!$C9)/'#1 ~ #8, (300, 1600), 전류'!$C9 -> 0.062140625 | H9: =('#1 ~ #8, (300, 1600), 전류'!I9-'#1 ~ #8, (300, 1600), 전류'!$C9)/'#1 ~ #8, (300, 1600), 전류'!$C9 -> 0.096265625 | I9: =('#1 ~ #8, (300, 1600), 전류'!J9-'#1 ~ #8, (300, 1600), 전류'!$C9)/'#1 ~ #8, (300, 1600), 전류'!$C9 -> 0.045078125 | J9: =('#1 ~ #8, (300, 1600), 전류'!K9-'#1 ~ #8, (300, 1600), 전류'!$C9)/'#1 ~ #8, (300, 1600), 전류'!$C9 -> 0.10479688 | K9: =('#1 ~ #8, (300, 1600), 전류'!L9-'#1 ~ #8, (300, 1600), 전류'!$C9)/'#1 ~ #8, (300, 1600), 전류'!$C9 -> 0.096265625 | L9: =('#1 ~ #8, (300, 1600), 전류'!M9-'#1 ~ #8, (300, 1600), 전류'!$C9)/'#1 ~ #8, (300, 1600), 전류'!$C9 -> 0.1431875 | ... BX9: =('#1 ~ #8, (300, 1600), 전류'!BY9-'#1 ~ #8, (300, 1600), 전류'!$C9)/'#1 ~ #8, (300, 1600), 전류'!$C9 -> 0.062140625
B10: 75 | C10: =MIN(E10:AN10) -> -0.03596875 | D10: =MAX(E10:AN10) -> 0.16878125 | E10: =('#1 ~ #8, (300, 1600), 전류'!F10-'#1 ~ #8, (300, 1600), 전류'!$C10)/'#1 ~ #8, (300, 1600), 전류'!$C10 -> 0.09029375 | F10: =('#1 ~ #8, (300, 1600), 전류'!G10-'#1 ~ #8, (300, 1600), 전류'!$C10)/'#1 ~ #8, (300, 1600), 전류'!$C10 -> 0.0408125 | G10: =('#1 ~ #8, (300, 1600), 전류'!H10-'#1 ~ #8, (300, 1600), 전류'!$C10)/'#1 ~ #8, (300, 1600), 전류'!$C10 -> 0.03910625 | H10: =('#1 ~ #8, (300, 1600), 전류'!I10-'#1 ~ #8, (300, 1600), 전류'!$C10)/'#1 ~ #8, (300, 1600), 전류'!$C10 -> 0.06981875 | I10: =('#1 ~ #8, (300, 1600), 전류'!J10-'#1 ~ #8, (300, 1600), 전류'!$C10)/'#1 ~ #8, (300, 1600), 전류'!$C10 -> 0.02886875 | J10: =('#1 ~ #8, (300, 1600), 전류'!K10-'#1 ~ #8, (300, 1600), 전류'!$C10)/'#1 ~ #8, (300, 1600), 전류'!$C10 -> 0.0885875 | K10: =('#1 ~ #8, (300, 1600), 전류'!L10-'#1 ~ #8, (300, 1600), 전류'!$C10)/'#1 ~ #8, (300, 1600), 전류'!$C10 -> 0.07835 | L10: =('#1 ~ #8, (300, 1600), 전류'!M10-'#1 ~ #8, (300, 1600), 전류'!$C10)/'#1 ~ #8, (300, 1600), 전류'!$C10 -> 0.1158875 | ... BX10: =('#1 ~ #8, (300, 1600), 전류'!BY10-'#1 ~ #8, (300, 1600), 전류'!$C10)/'#1 ~ #8, (300, 1600), 전류'!$C10 -> 0.0544625
B11: 90 | C11: =MIN(E11:AN11) -> -0.034546875 | D11: =MAX(E11:AN11) -> 0.13323437 | E11: =('#1 ~ #8, (300, 1600), 전류'!F11-'#1 ~ #8, (300, 1600), 전류'!$C11)/'#1 ~ #8, (300, 1600), 전류'!$C11 -> 0.07209375 | F11: =('#1 ~ #8, (300, 1600), 전류'!G11-'#1 ~ #8, (300, 1600), 전류'!$C11)/'#1 ~ #8, (300, 1600), 전류'!$C11 -> 0.025171875 | G11: =('#1 ~ #8, (300, 1600), 전류'!H11-'#1 ~ #8, (300, 1600), 전류'!$C11)/'#1 ~ #8, (300, 1600), 전류'!$C11 -> 0.028015625 | H11: =('#1 ~ #8, (300, 1600), 전류'!I11-'#1 ~ #8, (300, 1600), 전류'!$C11)/'#1 ~ #8, (300, 1600), 전류'!$C11 -> 0.056453125 | I11: =('#1 ~ #8, (300, 1600), 전류'!J11-'#1 ~ #8, (300, 1600), 전류'!$C11)/'#1 ~ #8, (300, 1600), 전류'!$C11 -> 0.0180625 | J11: =('#1 ~ #8, (300, 1600), 전류'!K11-'#1 ~ #8, (300, 1600), 전류'!$C11)/'#1 ~ #8, (300, 1600), 전류'!$C11 -> 0.0749375 | K11: =('#1 ~ #8, (300, 1600), 전류'!L11-'#1 ~ #8, (300, 1600), 전류'!$C11)/'#1 ~ #8, (300, 1600), 전류'!$C11 -> 0.059296875 | L11: =('#1 ~ #8, (300, 1600), 전류'!M11-'#1 ~ #8, (300, 1600), 전류'!$C11)/'#1 ~ #8, (300, 1600), 전류'!$C11 -> 0.09484375 | ... BX11: =('#1 ~ #8, (300, 1600), 전류'!BY11-'#1 ~ #8, (300, 1600), 전류'!$C11)/'#1 ~ #8, (300, 1600), 전류'!$C11 -> 0.04365625
B12: 105 | C12: =MIN(E12:AN12) -> -0.02865625 | D12: =MAX(E12:AN12) -> 0.1115 | E12: =('#1 ~ #8, (300, 1600), 전류'!F12-'#1 ~ #8, (300, 1600), 전류'!$C12)/'#1 ~ #8, (300, 1600), 전류'!$C12 -> 0.057875 | F12: =('#1 ~ #8, (300, 1600), 전류'!G12-'#1 ~ #8, (300, 1600), 전류'!$C12)/'#1 ~ #8, (300, 1600), 전류'!$C12 -> 0.0164375 | G12: =('#1 ~ #8, (300, 1600), 전류'!H12-'#1 ~ #8, (300, 1600), 전류'!$C12)/'#1 ~ #8, (300, 1600), 전류'!$C12 -> 0.018875 | H12: =('#1 ~ #8, (300, 1600), 전류'!I12-'#1 ~ #8, (300, 1600), 전류'!$C12)/'#1 ~ #8, (300, 1600), 전류'!$C12 -> 0.04690625 | I12: =('#1 ~ #8, (300, 1600), 전류'!J12-'#1 ~ #8, (300, 1600), 전류'!$C12)/'#1 ~ #8, (300, 1600), 전류'!$C12 -> 0.00790625 | J12: =('#1 ~ #8, (300, 1600), 전류'!K12-'#1 ~ #8, (300, 1600), 전류'!$C12)/'#1 ~ #8, (300, 1600), 전류'!$C12 -> 0.0603125 | K12: =('#1 ~ #8, (300, 1600), 전류'!L12-'#1 ~ #8, (300, 1600), 전류'!$C12)/'#1 ~ #8, (300, 1600), 전류'!$C12 -> 0.04934375 | L12: =('#1 ~ #8, (300, 1600), 전류'!M12-'#1 ~ #8, (300, 1600), 전류'!$C12)/'#1 ~ #8, (300, 1600), 전류'!$C12 -> 0.08225 | ... BX12: =('#1 ~ #8, (300, 1600), 전류'!BY12-'#1 ~ #8, (300, 1600), 전류'!$C12)/'#1 ~ #8, (300, 1600), 전류'!$C12 -> 0.04446875
B13: 120 | C13: =MIN(E13:AN13) -> -0.025304687 | D13: =MAX(E13:AN13) -> 0.090933594 | E13: =('#1 ~ #8, (300, 1600), 전류'!F13-'#1 ~ #8, (300, 1600), 전류'!$C13)/'#1 ~ #8, (300, 1600), 전류'!$C13 -> 0.048277344 | F13: =('#1 ~ #8, (300, 1600), 전류'!G13-'#1 ~ #8, (300, 1600), 전류'!$C13)/'#1 ~ #8, (300, 1600), 전류'!$C13 -> 0.0088203125 | G13: =('#1 ~ #8, (300, 1600), 전류'!H13-'#1 ~ #8, (300, 1600), 전류'!$C13)/'#1 ~ #8, (300, 1600), 전류'!$C13 -> 0.013085937 | H13: =('#1 ~ #8, (300, 1600), 전류'!I13-'#1 ~ #8, (300, 1600), 전류'!$C13)/'#1 ~ #8, (300, 1600), 전류'!$C13 -> 0.0408125 | I13: =('#1 ~ #8, (300, 1600), 전류'!J13-'#1 ~ #8, (300, 1600), 전류'!$C13)/'#1 ~ #8, (300, 1600), 전류'!$C13 -> 0.0013554687 | J13: =('#1 ~ #8, (300, 1600), 전류'!K13-'#1 ~ #8, (300, 1600), 전류'!$C13)/'#1 ~ #8, (300, 1600), 전류'!$C13 -> 0.055742187 | K13: =('#1 ~ #8, (300, 1600), 전류'!L13-'#1 ~ #8, (300, 1600), 전류'!$C13)/'#1 ~ #8, (300, 1600), 전류'!$C13 -> 0.0408125 | L13: =('#1 ~ #8, (300, 1600), 전류'!M13-'#1 ~ #8, (300, 1600), 전류'!$C13)/'#1 ~ #8, (300, 1600), 전류'!$C13 -> 0.071738281 | ... BX13: =('#1 ~ #8, (300, 1600), 전류'!BY13-'#1 ~ #8, (300, 1600), 전류'!$C13)/'#1 ~ #8, (300, 1600), 전류'!$C13 -> 0.038679687
B14: 135 | C14: =MIN(E14:AN14) -> -0.032177083 | D14: =MAX(E14:AN14) -> 0.073041667 | E14: =('#1 ~ #8, (300, 1600), 전류'!F14-'#1 ~ #8, (300, 1600), 전류'!$C14)/'#1 ~ #8, (300, 1600), 전류'!$C14 -> 0.037020833 | F14: =('#1 ~ #8, (300, 1600), 전류'!G14-'#1 ~ #8, (300, 1600), 전류'!$C14)/'#1 ~ #8, (300, 1600), 전류'!$C14 -> -0.00089583333 | G14: =('#1 ~ #8, (300, 1600), 전류'!H14-'#1 ~ #8, (300, 1600), 전류'!$C14)/'#1 ~ #8, (300, 1600), 전류'!$C14 -> 0.0019479167 | H14: =('#1 ~ #8, (300, 1600), 전류'!I14-'#1 ~ #8, (300, 1600), 전류'!$C14)/'#1 ~ #8, (300, 1600), 전류'!$C14 -> 0.027541667 | I14: =('#1 ~ #8, (300, 1600), 전류'!J14-'#1 ~ #8, (300, 1600), 전류'!$C14)/'#1 ~ #8, (300, 1600), 전류'!$C14 -> -0.0084791667 | J14: =('#1 ~ #8, (300, 1600), 전류'!K14-'#1 ~ #8, (300, 1600), 전류'!$C14)/'#1 ~ #8, (300, 1600), 전류'!$C14 -> 0.04365625 | K14: =('#1 ~ #8, (300, 1600), 전류'!L14-'#1 ~ #8, (300, 1600), 전류'!$C14)/'#1 ~ #8, (300, 1600), 전류'!$C14 -> 0.02659375 | L14: =('#1 ~ #8, (300, 1600), 전류'!M14-'#1 ~ #8, (300, 1600), 전류'!$C14)/'#1 ~ #8, (300, 1600), 전류'!$C14 -> 0.055979167 | ... BX14: =('#1 ~ #8, (300, 1600), 전류'!BY14-'#1 ~ #8, (300, 1600), 전류'!$C14)/'#1 ~ #8, (300, 1600), 전류'!$C14 -> 0.031333333
B15: 150 | C15: =MIN(E15:AN15) -> -0.031703125 | D15: =MAX(E15:AN15) -> 0.060434375 | E15: =('#1 ~ #8, (300, 1600), 전류'!F15-'#1 ~ #8, (300, 1600), 전류'!$C15)/'#1 ~ #8, (300, 1600), 전류'!$C15 -> 0.02886875 | F15: =('#1 ~ #8, (300, 1600), 전류'!G15-'#1 ~ #8, (300, 1600), 전류'!$C15)/'#1 ~ #8, (300, 1600), 전류'!$C15 -> -0.00355 | G15: =('#1 ~ #8, (300, 1600), 전류'!H15-'#1 ~ #8, (300, 1600), 전류'!$C15)/'#1 ~ #8, (300, 1600), 전류'!$C15 -> 0.00156875 | H15: =('#1 ~ #8, (300, 1600), 전류'!I15-'#1 ~ #8, (300, 1600), 전류'!$C15)/'#1 ~ #8, (300, 1600), 전류'!$C15 -> 0.026309375 | I15: =('#1 ~ #8, (300, 1600), 전류'!J15-'#1 ~ #8, (300, 1600), 전류'!$C15)/'#1 ~ #8, (300, 1600), 전류'!$C15 -> -0.007815625 | J15: =('#1 ~ #8, (300, 1600), 전류'!K15-'#1 ~ #8, (300, 1600), 전류'!$C15)/'#1 ~ #8, (300, 1600), 전류'!$C15 -> 0.039959375 | K15: =('#1 ~ #8, (300, 1600), 전류'!L15-'#1 ~ #8, (300, 1600), 전류'!$C15)/'#1 ~ #8, (300, 1600), 전류'!$C15 -> 0.024603125 | L15: =('#1 ~ #8, (300, 1600), 전류'!M15-'#1 ~ #8, (300, 1600), 전류'!$C15)/'#1 ~ #8, (300, 1600), 전류'!$C15 -> 0.05105 | ... BX15: =('#1 ~ #8, (300, 1600), 전류'!BY15-'#1 ~ #8, (300, 1600), 전류'!$C15)/'#1 ~ #8, (300, 1600), 전류'!$C15 -> 0.02886875
B16: 165 | C16: =MIN(E16:AN16) -> -0.028988636 | D16: =MAX(E16:AN16) -> 0.053997159 | E16: =('#1 ~ #8, (300, 1600), 전류'!F16-'#1 ~ #8, (300, 1600), 전류'!$C16)/'#1 ~ #8, (300, 1600), 전류'!$C16 -> 0.021423295 | F16: =('#1 ~ #8, (300, 1600), 전류'!G16-'#1 ~ #8, (300, 1600), 전류'!$C16)/'#1 ~ #8, (300, 1600), 전류'!$C16 -> -0.0049460227 | G16: =('#1 ~ #8, (300, 1600), 전류'!H16-'#1 ~ #8, (300, 1600), 전류'!$C16)/'#1 ~ #8, (300, 1600), 전류'!$C16 -> -0.0041704545 | H16: =('#1 ~ #8, (300, 1600), 전류'!I16-'#1 ~ #8, (300, 1600), 전류'!$C16)/'#1 ~ #8, (300, 1600), 전류'!$C16 -> 0.019872159 | I16: =('#1 ~ #8, (300, 1600), 전류'!J16-'#1 ~ #8, (300, 1600), 전류'!$C16)/'#1 ~ #8, (300, 1600), 전류'!$C16 -> -0.012701705 | J16: =('#1 ~ #8, (300, 1600), 전류'!K16-'#1 ~ #8, (300, 1600), 전류'!$C16)/'#1 ~ #8, (300, 1600), 전류'!$C16 -> 0.033832386 | K16: =('#1 ~ #8, (300, 1600), 전류'!L16-'#1 ~ #8, (300, 1600), 전류'!$C16)/'#1 ~ #8, (300, 1600), 전류'!$C16 -> 0.018321023 | L16: =('#1 ~ #8, (300, 1600), 전류'!M16-'#1 ~ #8, (300, 1600), 전류'!$C16)/'#1 ~ #8, (300, 1600), 전류'!$C16 -> 0.043914773 | ... BX16: =('#1 ~ #8, (300, 1600), 전류'!BY16-'#1 ~ #8, (300, 1600), 전류'!$C16)/'#1 ~ #8, (300, 1600), 전류'!$C16 -> 0.026852273
... B278: 4095 | C278: =MIN(E278:AN278) -> -0.02740625 | D278: =MAX(E278:AN278) -> 0.0245625 | E278: =('#1 ~ #8, (300, 1600), 전류'!F278-'#1 ~ #8, (300, 1600), 전류'!$C278)/'#1 ~ #8, (300, 1600), 전류'!$C278 -> 0.0033125 | F278: =('#1 ~ #8, (300, 1600), 전류'!G278-'#1 ~ #8, (300, 1600), 전류'!$C278)/'#1 ~ #8, (300, 1600), 전류'!$C278 -> -0.0008125 | G278: =('#1 ~ #8, (300, 1600), 전류'!H278-'#1 ~ #8, (300, 1600), 전류'!$C278)/'#1 ~ #8, (300, 1600), 전류'!$C278 -> 0.0103125 | H278: =('#1 ~ #8, (300, 1600), 전류'!I278-'#1 ~ #8, (300, 1600), 전류'!$C278)/'#1 ~ #8, (300, 1600), 전류'!$C278 -> -0.02184375 | I278: =('#1 ~ #8, (300, 1600), 전류'!J278-'#1 ~ #8, (300, 1600), 전류'!$C278)/'#1 ~ #8, (300, 1600), 전류'!$C278 -> 0.01484375 | J278: =('#1 ~ #8, (300, 1600), 전류'!K278-'#1 ~ #8, (300, 1600), 전류'!$C278)/'#1 ~ #8, (300, 1600), 전류'!$C278 -> -0.017 | K278: =('#1 ~ #8, (300, 1600), 전류'!L278-'#1 ~ #8, (300, 1600), 전류'!$C278)/'#1 ~ #8, (300, 1600), 전류'!$C278 -> -0.01171875 | L278: =('#1 ~ #8, (300, 1600), 전류'!M278-'#1 ~ #8, (300, 1600), 전류'!$C278)/'#1 ~ #8, (300, 1600), 전류'!$C278 -> -0.0121875 | ... BX278: =('#1 ~ #8, (300, 1600), 전류'!BY278-'#1 ~ #8, (300, 1600), 전류'!$C278)/'#1 ~ #8, (300, 1600), 전류'!$C278 -> -0.01325
