Workbook

Sheet Sheet1
B2: data | C2: io_1 | D2: io_2 | E2: io_3 | F2: io_4 | G2: io_5 | H2: io_6 | I2: io_7 | J2: io_8 | K2: io_9 | L2: io_10 | M2: io_11 | N2: io_12
B3: 0 | C3: 0.14 | D3: 0.131 | E3: 0.134 | F3: 0.124 | G3: 0.133 | H3: 0.125 | I3: 0.131 | J3: 0.125 | K3: 0.14 | L3: 0.136 | M3: 0.131 | N3: 0.136
B4: 15 | C4: 0.231 | D4: 0.214 | E4: 0.222 | F4: 0.203 | G4: 0.218 | H4: 0.205 | I4: 0.216 | J4: 0.209 | K4: 0.225 | L4: 0.223 | M4: 0.216 | N4: 0.225
B5: 30 | C5: 0.32 | D5: 0.3 | E5: 0.307 | F5: 0.283 | G5: 0.303 | H5: 0.287 | I5: 0.3 | J5: 0.291 | K5: 0.312 | L5: 0.311 | M5: 0.302 | N5: 0.311
B6: 45 | C6: 0.409 | D6: 0.385 | E6: 0.392 | F6: 0.365 | G6: 0.391 | H6: 0.372 | I6: 0.385 | J6: 0.372 | K6: 0.401 | L6: 0.4 | M6: 0.389 | N6: 0.4
B7: 60 | C7: 0.498 | D7: 0.472 | E7: 0.481 | F7: 0.449 | G7: 0.476 | H7: 0.454 | I7: 0.472 | J7: 0.456 | K7: 0.485 | L7: 0.487 | M7: 0.472 | N7: 0.485
B8: 75 | C8: 0.585 | D8: 0.558 | E8: 0.565 | F8: 0.53 | G8: 0.563 | H8: 0.538 | I8: 0.558 | J8: 0.54 | K8: 0.576 | L8: 0.572 | M8: 0.56 | N8: 0.572
B9: 90 | C9: 0.676 | D9: 0.645 | E9: 0.652 | F9: 0.616 | G9: 0.65 | H9: 0.623 | I9: 0.647 | J9: 0.625 | K9: 0.661 | L9: 0.658 | M9: 0.645 | N9: 0.658
B10: 105 | C10: 0.761 | D10: 0.73 | E10: 0.741 | F10: 0.699 | G10: 0.738 | H10: 0.708 | I10: 0.734 | J10: 0.71 | K10: 0.748 | L10: 0.747 | M10: 0.73 | N10: 0.747
B11: 120 | C11: 0.852 | D11: 0.819 | E11: 0.828 | F11: 0.781 | G11: 0.823 | H11: 0.792 | I11: 0.819 | J11: 0.794 | K11: 0.836 | L11: 0.834 | M11: 0.816 | N11: 0.834
B12: 135 | C12: 0.932 | D12: 0.897 | E12: 0.905 | F12: 0.859 | G12: 0.903 | H12: 0.868 | I12: 0.897 | J12: 0.872 | K12: 0.908 | L12: 0.906 | M12: 0.888 | N12: 0.905
B13: 150 | C13: 1.012 | D13: 0.976 | E13: 0.983 | F13: 0.936 | G13: 0.988 | H13: 0.956 | I13: 0.985 | J13: 0.956 | K13: 1.001 | L13: 0.999 | M13: 0.979 | N13: 0.999
B14: 165 | C14: 1.108 | D14: 1.07 | E14: 1.077 | F14: 1.026 | G14: 1.075 | H14: 1.037 | I14: 1.07 | J14: 1.039 | K14: 1.088 | L14: 1.088 | M14: 1.066 | N14: 1.086
... B276: 4095 | C276: 23.499 | D276: 23.652 | E276: 23.683 | F276: 23.942 | G276: 23.655 | H276: 24.004 | I276: 23.652 | J276: 24.062 | K276: 23.608 | L276: 23.755 | M276: 23.846 | N276: 23.592

Sheet #1 ~ #5, (540, 2400), 전류
E2: ictl_l
E3: ictl_h
B4: data | C4: ideal | D4: min | E4: max | F4: io_1 | G4: io_2 | H4: io_3 | I4: io_4 | J4: io_5 | K4: io_6 | L4: io_7 | M4: io_8 | N4: io_9 | O4: io_10 | P4: io_11 | Q4: io_12 | R4: io_1 | S4: io_2 | T4: io_3 | U4: io_4 | V4: io_5 | W4: io_6 | X4: io_7 | Y4: io_8 | Z4: io_9 | AA4: io_10 | AB4: io_11 | AC4: io_12 | AD4: io_1 | AE4: io_2 | AF4: io_3 | AG4: io_4 | AH4: io_5 | AI4: io_6 | AJ4: io_7 | AK4: io_8 | AL4: io_9 | AM4: io_10 | AN4: io_11 | AO4: io_12 | AP4: io_1 | AQ4: io_2 | AR4: io_3 | AS4: io_4 | AT4: io_5 | AU4: io_6 | AV4: io_7 | AW4: io_8 | AX4: io_9 | AY4: io_10 | AZ4: io_11 | BA4: io_12 | BB4: io_1 | BC4: io_2 | BD4: io_3 | BE4: io_4 | BF4: io_5 | BG4: io_6 | BH4: io_7 | BI4: io_8 | BJ4: io_9 | BK4: io_10 | BL4: io_11 | BM4: io_12
B5: 0 | C5: =24*B5/4095 -> 0 | D5: =MIN(F5:AO5) -> 0.036 | E5: =MAX(F5:AO5) -> 0.14 | F5: 0.044 | G5: 0.04 | H5: 0.038 | I5: 0.04 | J5: 0.036 | K5: 0.038 | L5: 0.042 | M5: 0.044 | N5: 0.038 | O5: 0.038 | P5: 0.04 | Q5: 0.044 | R5: 0.14 | S5: 0.131 | T5: 0.134 | U5: 0.124 | V5: 0.133 | W5: 0.125 | X5: 0.131 | Y5: 0.125 | Z5: 0.14 | AA5: 0.136 | AB5: 0.131 | AC5: 0.136 | AD5: 0.085 | AE5: 0.085 | AF5: 0.089 | AG5: 0.084 | AH5: 0.082 | AI5: 0.085 | AJ5: 0.076 | AK5: 0.08 | AL5: 0.082 | AM5: 0.087 | AN5: 0.082 | AO5: 0.084 | AP5: 0.042 | AQ5: 0.04 | AR5: 0.038 | AS5: 0.042 | AT5: 0.045 | AU5: 0.042 | AV5: 0.047 | AW5: 0.044 | AX5: 0.044 | AY5: 0.044 | AZ5: 0.051 | BA5: 0.047 | BB5: 0.064 | BC5: 0.069 | BD5: 0.065 | BE5: 0.065 | BF5: 0.073 | BG5: 0.071 | BH5: 0.069 | BI5: 0.078 | BJ5: 0.064 | BK5: 0.073 | BL5: 0.074 | BM5: 0.071
B6: 15 | C6: =24*B6/4095 -> 0.087912088 | D6: =MIN(F6:AO6) -> 0.118 | E6: =MAX(F6:AO6) -> 0.231 | F6: 0.133 | G6: 0.124 | H6: 0.12 | I6: 0.125 | J6: 0.118 | K6: 0.124 | L6: 0.125 | M6: 0.136 | N6: 0.124 | O6: 0.12 | P6: 0.124 | Q6: 0.133 | R6: 0.231 | S6: 0.214 | T6: 0.222 | U6: 0.203 | V6: 0.218 | W6: 0.205 | X6: 0.216 | Y6: 0.209 | Z6: 0.225 | AA6: 0.223 | AB6: 0.216 | AC6: 0.225 | AD6: 0.162 | AE6: 0.171 | AF6: 0.174 | AG6: 0.167 | AH6: 0.163 | AI6: 0.169 | AJ6: 0.154 | AK6: 0.162 | AL6: 0.162 | AM6: 0.173 | AN6: 0.163 | AO6: 0.163 | AP6: 0.127 | AQ6: 0.122 | AR6: 0.116 | AS6: 0.122 | AT6: 0.131 | AU6: 0.125 | AV6: 0.136 | AW6: 0.127 | AX6: 0.125 | AY6: 0.122 | AZ6: 0.144 | BA6: 0.138 | BB6: 0.149 | BC6: 0.158 | BD6: 0.153 | BE6: 0.156 | BF6: 0.171 | BG6: 0.167 | BH6: 0.16 | BI6: 0.171 | BJ6: 0.145 | BK6: 0.16 | BL6: 0.169 | BM6: 0.162
B7: 30 | C7: =24*B7/4095 -> 0.17582418 | D7: =MIN(F7:AO7) -> 0.2 | E7: =MAX(F7:AO7) -> 0.32 | F7: 0.22 | G7: 0.205 | H7: 0.202 | I7: 0.213 | J7: 0.2 | K7: 0.211 | L7: 0.214 | M7: 0.225 | N7: 0.209 | O7: 0.203 | P7: 0.211 | Q7: 0.22 | R7: 0.32 | S7: 0.3 | T7: 0.307 | U7: 0.283 | V7: 0.303 | W7: 0.287 | X7: 0.3 | Y7: 0.291 | Z7: 0.312 | AA7: 0.311 | AB7: 0.302 | AC7: 0.311 | AD7: 0.242 | AE7: 0.254 | AF7: 0.256 | AG7: 0.249 | AH7: 0.243 | AI7: 0.249 | AJ7: 0.233 | AK7: 0.238 | AL7: 0.243 | AM7: 0.254 | AN7: 0.245 | AO7: 0.249 | AP7: 0.213 | AQ7: 0.203 | AR7: 0.196 | AS7: 0.203 | AT7: 0.216 | AU7: 0.209 | AV7: 0.223 | AW7: 0.213 | AX7: 0.213 | AY7: 0.205 | AZ7: 0.236 | BA7: 0.229 | BB7: 0.234 | BC7: 0.245 | BD7: 0.234 | BE7: 0.242 | BF7: 0.262 | BG7: 0.254 | BH7: 0.243 | BI7: 0.263 | BJ7: 0.231 | BK7: 0.249 | BL7: 0.26 | BM7: 0.254
B8: 45 | C8: =24*B8/4095 -> 0.26373626 | D8: =MIN(F8:AO8) -> 0.282 | E8: =MAX(F8:AO8) -> 0.409 | F8: 0.307 | G8: 0.291 | H8: 0.289 | I8: 0.3 | J8: 0.282 | K8: 0.296 | L8: 0.298 | M8: 0.314 | N8: 0.296 | O8: 0.287 | P8: 0.294 | Q8: 0.305 | R8: 0.409 | S8: 0.385 | T8: 0.392 | U8: 0.365 | V8: 0.391 | W8: 0.372 | X8: 0.385 | Y8: 0.372 | Z8: 0.401 | AA8: 0.4 | AB8: 0.389 | AC8: 0.4 | AD8: 0.327 | AE8: 0.338 | AF8: 0.345 | AG8: 0.336 | AH8: 0.331 | AI8: 0.336 | AJ8: 0.312 | AK8: 0.323 | AL8: 0.329 | AM8: 0.342 | AN8: 0.332 | AO8: 0.336 | AP8: 0.3 | AQ8: 0.289 | AR8: 0.282 | AS8: 0.287 | AT8: 0.303 | AU8: 0.292 | AV8: 0.312 | AW8: 0.3 | AX8: 0.296 | AY8: 0.289 | AZ8: 0.327 | BA8: 0.316 | BB8: 0.322 | BC8: 0.332 | BD8: 0.32 | BE8: 0.329 | BF8: 0.356 | BG8: 0.345 | BH8: 0.334 | BI8: 0.352 | BJ8: 0.314 | BK8: 0.34 | BL8: 0.351 | BM8: 0.343
B9: 60 | C9: =24*B9/4095 -> 0.35164835 | D9: =MIN(F9:AO9) -> 0.365 | E9: =MAX(F9:AO9) -> 0.498 | F9: 0.392 | G9: 0.372 | H9: 0.371 | I9: 0.385 | J9: 0.365 | K9: 0.385 | L9: 0.385 | M9: 0.401 | N9: 0.38 | O9: 0.371 | P9: 0.38 | Q9: 0.394 | R9: 0.498 | S9: 0.472 | T9: 0.481 | U9: 0.449 | V9: 0.476 | W9: 0.454 | X9: 0.472 | Y9: 0.456 | Z9: 0.485 | AA9: 0.487 | AB9: 0.472 | AC9: 0.485 | AD9: 0.409 | AE9: 0.421 | AF9: 0.427 | AG9: 0.418 | AH9: 0.416 | AI9: 0.416 | AJ9: 0.394 | AK9: 0.405 | AL9: 0.411 | AM9: 0.427 | AN9: 0.414 | AO9: 0.42 | AP9: 0.383 | AQ9: 0.372 | AR9: 0.363 | AS9: 0.369 | AT9: 0.389 | AU9: 0.376 | AV9: 0.398 | AW9: 0.385 | AX9: 0.381 | AY9: 0.372 | AZ9: 0.42 | BA9: 0.405 | BB9: 0.405 | BC9: 0.42 | BD9: 0.409 | BE9: 0.416 | BF9: 0.447 | BG9: 0.436 | BH9: 0.421 | BI9: 0.441 | BJ9: 0.398 | BK9: 0.427 | BL9: 0.441 | BM9: 0.434
B10: 75 | C10: =24*B10/4095 -> 0.43956044 | D10: =MIN(F10:AO10) -> 0.451 | E10: =MAX(F10:AO10) -> 0.585 | F10: 0.48 | G10: 0.458 | H10: 0.454 | I10: 0.472 | J10: 0.451 | K10: 0.478 | L10: 0.474 | M10: 0.494 | N10: 0.469 | O10: 0.456 | P10: 0.467 | Q10: 0.483 | R10: 0.585 | S10: 0.558 | T10: 0.565 | U10: 0.53 | V10: 0.563 | W10: 0.538 | X10: 0.558 | Y10: 0.54 | Z10: 0.576 | AA10: 0.572 | AB10: 0.56 | AC10: 0.572 | AD10: 0.494 | AE10: 0.507 | AF10: 0.516 | AG10: 0.507 | AH10: 0.501 | AI10: 0.503 | AJ10: 0.48 | AK10: 0.49 | AL10: 0.5 | AM10: 0.514 | AN10: 0.505 | AO10: 0.509 | AP10: 0.47 | AQ10: 0.456 | AR10: 0.447 | AS10: 0.452 | AT10: 0.476 | AU10: 0.461 | AV10: 0.487 | AW10: 0.472 | AX10: 0.469 | AY10: 0.458 | AZ10: 0.51 | BA10: 0.492 | BB10: 0.49 | BC10: 0.509 | BD10: 0.494 | BE10: 0.5 | BF10: 0.532 | BG10: 0.521 | BH10: 0.507 | BI10: 0.53 | BJ10: 0.481 | BK10: 0.514 | BL10: 0.529 | BM10: 0.523
B11: 90 | C11: =24*B11/4095 -> 0.52747253 | D11: =MIN(F11:AO11) -> 0.532 | E11: =MAX(F11:AO11) -> 0.676 | F11: 0.57 | G11: 0.543 | H11: 0.541 | I11: 0.561 | J11: 0.532 | K11: 0.565 | L11: 0.56 | M11: 0.579 | N11: 0.556 | O11: 0.54 | P11: 0.552 | Q11: 0.572 | R11: 0.676 | S11: 0.645 | T11: 0.652 | U11: 0.616 | V11: 0.65 | W11: 0.623 | X11: 0.647 | Y11: 0.625 | Z11: 0.661 | AA11: 0.658 | AB11: 0.645 | AC11: 0.658 | AD11: 0.576 | AE11: 0.592 | AF11: 0.601 | AG11: 0.589 | AH11: 0.589 | AI11: 0.583 | AJ11: 0.558 | AK11: 0.57 | AL11: 0.583 | AM11: 0.596 | AN11: 0.589 | AO11: 0.592 | AP11: 0.558 | AQ11: 0.541 | AR11: 0.53 | AS11: 0.534 | AT11: 0.56 | AU11: 0.547 | AV11: 0.572 | AW11: 0.558 | AX11: 0.552 | AY11: 0.541 | AZ11: 0.598 | BA11: 0.578 | BB11: 0.574 | BC11: 0.592 | BD11: 0.576 | BE11: 0.589 | BF11: 0.625 | BG11: 0.61 | BH11: 0.592 | BI11: 0.619 | BJ11: 0.567 | BK11: 0.607 | BL11: 0.621 | BM11: 0.614
B12: 105 | C12: =24*B12/4095 -> 0.61538462 | D12: =MIN(F12:AO12) -> 0.616 | E12: =MAX(F12:AO12) -> 0.761 | F12: 0.656 | G12: 0.63 | H12: 0.627 | I12: 0.649 | J12: 0.616 | K12: 0.652 | L12: 0.645 | M12: 0.67 | N12: 0.643 | O12: 0.627 | P12: 0.638 | Q12: 0.661 | R12: 0.761 | S12: 0.73 | T12: 0.741 | U12: 0.699 | V12: 0.738 | W12: 0.708 | X12: 0.734 | Y12: 0.71 | Z12: 0.748 | AA12: 0.747 | AB12: 0.73 | AC12: 0.747 | AD12: 0.661 | AE12: 0.676 | AF12: 0.688 | AG12: 0.676 | AH12: 0.674 | AI12: 0.669 | AJ12: 0.643 | AK12: 0.658 | AL12: 0.669 | AM12: 0.683 | AN12: 0.674 | AO12: 0.678 | AP12: 0.641 | AQ12: 0.627 | AR12: 0.612 | AS12: 0.621 | AT12: 0.647 | AU12: 0.63 | AV12: 0.659 | AW12: 0.643 | AX12: 0.638 | AY12: 0.627 | AZ12: 0.685 | BA12: 0.665 | BB12: 0.663 | BC12: 0.679 | BD12: 0.663 | BE12: 0.678 | BF12: 0.718 | BG12: 0.701 | BH12: 0.681 | BI12: 0.71 | BJ12: 0.652 | BK12: 0.694 | BL12: 0.714 | BM12: 0.703
B13: 120 | C13: =24*B13/4095 -> 0.7032967 | D13: =MIN(F13:AO13) -> 0.703 | E13: =MAX(F13:AO13) -> 0.852 | F13: 0.743 | G13: 0.714 | H13: 0.714 | I13: 0.738 | J13: 0.703 | K13: 0.743 | L13: 0.732 | M13: 0.758 | N13: 0.73 | O13: 0.71 | P13: 0.719 | Q13: 0.747 | R13: 0.852 | S13: 0.819 | T13: 0.828 | U13: 0.781 | V13: 0.823 | W13: 0.792 | X13: 0.819 | Y13: 0.794 | Z13: 0.836 | AA13: 0.834 | AB13: 0.816 | AC13: 0.834 | AD13: 0.743 | AE13: 0.759 | AF13: 0.77 | AG13: 0.758 | AH13: 0.756 | AI13: 0.75 | AJ13: 0.721 | AK13: 0.739 | AL13: 0.75 | AM13: 0.765 | AN13: 0.761 | AO13: 0.763 | AP13: 0.727 | AQ13: 0.712 | AR13: 0.699 | AS13: 0.703 | AT13: 0.73 | AU13: 0.716 | AV13: 0.747 | AW13: 0.73 | AX13: 0.723 | AY13: 0.71 | AZ13: 0.774 | BA13: 0.752 | BB13: 0.748 | BC13: 0.768 | BD13: 0.75 | BE13: 0.761 | BF13: 0.805 | BG13: 0.788 | BH13: 0.767 | BI13: 0.799 | BJ13: 0.734 | BK13: 0.783 | BL13: 0.801 | BM13: 0.792
B14: 135 | C14: =24*B14/4095 -> 0.79120879 | D14: =MIN(F14:AO14) -> 0.781 | E14: =MAX(F14:AO14) -> 0.932 | F14: 0.825 | G14: 0.794 | H14: 0.794 | I14: 0.819 | J14: 0.781 | K14: 0.825 | L14: 0.814 | M14: 0.837 | N14: 0.81 | O14: 0.79 | P14: 0.805 | Q14: 0.83 | R14: 0.932 | S14: 0.897 | T14: 0.905 | U14: 0.859 | V14: 0.903 | W14: 0.868 | X14: 0.897 | Y14: 0.872 | Z14: 0.908 | AA14: 0.906 | AB14: 0.888 | AC14: 0.905 | AD14: 0.821 | AE14: 0.841 | AF14: 0.854 | AG14: 0.841 | AH14: 0.837 | AI14: 0.832 | AJ14: 0.803 | AK14: 0.821 | AL14: 0.834 | AM14: 0.848 | AN14: 0.845 | AO14: 0.845 | AP14: 0.81 | AQ14: 0.794 | AR14: 0.781 | AS14: 0.783 | AT14: 0.814 | AU14: 0.796 | AV14: 0.828 | AW14: 0.812 | AX14: 0.805 | AY14: 0.792 | AZ14: 0.857 | BA14: 0.832 | BB14: 0.83 | BC14: 0.85 | BD14: 0.83 | BE14: 0.845 | BF14: 0.888 | BG14: 0.874 | BH14: 0.85 | BI14: 0.881 | BJ14: 0.816 | BK14: 0.865 | BL14: 0.886 | BM14: 0.877
B15: 150 | C15: =24*B15/4095 -> 0.87912088 | D15: =MIN(F15:AO15) -> 0.865 | E15: =MAX(F15:AO15) -> 1.012 | F15: 0.912 | G15: 0.879 | H15: 0.877 | I15: 0.906 | J15: 0.865 | K15: 0.914 | L15: 0.901 | M15: 0.928 | N15: 0.901 | O15: 0.877 | P15: 0.89 | Q15: 0.919 | R15: 1.012 | S15: 0.976 | T15: 0.983 | U15: 0.936 | V15: 0.988 | W15: 0.956 | X15: 0.985 | Y15: 0.956 | Z15: 1.001 | AA15: 0.999 | AB15: 0.979 | AC15: 0.999 | AD15: 0.903 | AE15: 0.921 | AF15: 0.936 | AG15: 0.925 | AH15: 0.921 | AI15: 0.914 | AJ15: 0.885 | AK15: 0.905 | AL15: 0.917 | AM15: 0.932 | AN15: 0.926 | AO15: 0.928 | AP15: 0.897 | AQ15: 0.876 | AR15: 0.863 | AS15: 0.865 | AT15: 0.899 | AU15: 0.879 | AV15: 0.914 | AW15: 0.897 | AX15: 0.888 | AY15: 0.877 | AZ15: 0.946 | BA15: 0.919 | BB15: 0.914 | BC15: 0.937 | BD15: 0.916 | BE15: 0.93 | BF15: 0.976 | BG15: 0.961 | BH15: 0.936 | BI15: 0.968 | BJ15: 0.899 | BK15: 0.952 | BL15: 0.974 | BM15: 0.965
B16: 165 | C16: =24*B16/4095 -> 0.96703297 | D16: =MIN(F16:AO16) -> 0.948 | E16: =MAX(F16:AO16) -> 1.108 | F16: 0.997 | G16: 0.965 | H16: 0.965 | I16: 0.992 | J16: 0.948 | K16: 0.999 | L16: 0.986 | M16: 1.015 | N16: 0.988 | O16: 0.963 | P16: 0.976 | Q16: 1.006 | R16: 1.108 | S16: 1.07 | T16: 1.077 | U16: 1.026 | V16: 1.075 | W16: 1.037 | X16: 1.07 | Y16: 1.039 | Z16: 1.088 | AA16: 1.088 | AB16: 1.066 | AC16: 1.086 | AD16: 0.988 | AE16: 1.008 | AF16: 1.023 | AG16: 1.008 | AH16: 1.006 | AI16: 0.999 | AJ16: 0.968 | AK16: 0.988 | AL16: 1.003 | AM16: 1.019 | AN16: 1.014 | AO16: 1.015 | AP16: 0.979 | AQ16: 0.963 | AR16: 0.948 | AS16: 0.95 | AT16: 0.983 | AU16: 0.965 | AV16: 0.999 | AW16: 0.985 | AX16: 0.976 | AY16: 0.965 | AZ16: 1.037 | BA16: 1.006 | BB16: 1.001 | BC16: 1.025 | BD16: 1.005 | BE16: 1.019 | BF16: 1.068 | BG16: 1.05 | BH16: 1.023 | BI16: 1.059 | BJ16: 0.988 | BK16: 1.045 | BL16: 1.065 | BM16: 1.055
... B278: 4095 | C278: =24*B278/4095 -> 24 | D278: =MIN(F278:AO278) -> 23.499 | E278: =MAX(F278:AO278) -> 24.467 | F278: 24.062 | G278: 24.11 | H278: 24.308 | I278: 23.741 | J278: 24.291 | K278: 23.695 | L278: 23.801 | M278: 23.768 | N278: 23.966 | O278: 24.309 | P278: 24.193 | Q278: 23.766 | R278: 23.499 | S278: 23.652 | T278: 23.683 | U278: 23.942 | V278: 23.655 | W278: 24.004 | X278: 23.652 | Y278: 24.062 | Z278: 23.608 | AA278: 23.755 | AB278: 23.846 | AC278: 23.592 | AD278: 24.368 | AE278: 24.219 | AF278: 23.877 | AG278: 24.061 | AH278: 23.859 | AI278: 24.467 | AJ278: 24.406 | AK278: 24.082 | AL278: 23.873 | AM278: 23.982 | AN278: 23.926 | AO278: 23.863 | AP278: 23.997 | AQ278: 24.051 | AR278: 24.311 | AS278: 24.26 | AT278: 24.073 | AU278: 24.001 | AV278: 24.079 | AW278: 23.826 | AX278: 23.979 | AY278: 24.008 | AZ278: 23.694 | BA278: 24.173 | BB278: 24.035 | BC278: 23.775 | BD278: 23.832 | BE278: 24.039 | BF278: 23.487 | BG278: 23.759 | BH278: 23.868 | BI278: 23.619 | BJ278: 24.059 | BK278: 23.63 | BL278: 23.479 | BM278: 23.69

Sheet #1 ~ #5, (540, 2400), 오차
E2: ictl_l
E3: ictl_h
B4: data | C4: ideal | D4: min | E4: max | F4: io_1 | G4: io_2 | H4: io_3 | I4: io_4 | J4: io_5 | K4: io_6 | L4: io_7 | M4: io_8 | N4: io_9 | O4: io_10 | P4: io_11 | Q4: io_12 | R4: io_1 | S4: io_2 | T4: io_3 | U4: io_4 | V4: io_5 | W4: io_6 | X4: io_7 | Y4: io_8 | Z4: io_9 | AA4: io_10 | AB4: io_11 | AC4: io_12 | AD4: io_1 | AE4: io_2 | AF4: io_3 | AG4: io_4 | AH4: io_5 | AI4: io_6 | AJ4: io_7 | AK4: io_8 | AL4: io_9 | AM4: io_10 | AN4: io_11 | AO4: io_12 | AP4: io_1 | AQ4: io_2 | AR4: io_3 | AS4: io_4 | AT4: io_5 | AU4: io_6 | AV4: io_7 | AW4: io_8 | AX4: io_9 | AY4: io_10 | AZ4: io_11 | BA4: io_12 | BB4: io_1 | BC4: io_2 | BD4: io_3 | BE4: io_4 | BF4: io_5 | BG4: io_6 | BH4: io_7 | BI4: io_8 | BJ4: io_9 | BK4: io_10 | BL4: io_11 | BM4: io_12
B5: 0 | C5: =24*B5/4095 -> 0 | D5: =MIN(F5:AO5) -> #DIV/0! | E5: =MAX(F5:AO5) -> #DIV/0! | F5: =('#1 ~ #5, (540, 2400), 전류'!F5-'#1 ~ #5, (540, 2400), 전류'!$C5)/'#1 ~ #5, (540, 2400), 전류'!$C5 -> #DIV/0! | G5: =('#1 ~ #5, (540, 2400), 전류'!G5-'#1 ~ #5, (540, 2400), 전류'!$C5)/'#1 ~ #5, (540, 2400), 전류'!$C5 -> #DIV/0! | H5: =('#1 ~ #5, (540, 2400), 전류'!H5-'#1 ~ #5, (540, 2400), 전류'!$C5)/'#1 ~ #5, (540, 2400), 전류'!$C5 -> #DIV/0! | I5: =('#1 ~ #5, (540, 2400), 전류'!I5-'#1 ~ #5, (540, 2400), 전류'!$C5)/'#1 ~ #5, (540, 2400), 전류'!$C5 -> #DIV/0! | J5: =('#1 ~ #5, (540, 2400), 전류'!J5-'#1 ~ #5, (540, 2400), 전류'!$C5)/'#1 ~ #5, (540, 2400), 전류'!$C5 -> #DIV/0! | K5: =('#1 ~ #5, (540, 2400), 전류'!K5-'#1 ~ #5, (540, 2400), 전류'!$C5)/'#1 ~ #5, (540, 2400), 전류'!$C5 -> #DIV/0! | L5: =('#1 ~ #5, (540, 2400), 전류'!L5-'#1 ~ #5, (540, 2400), 전류'!$C5)/'#1 ~ #5, (540, 2400), 전류'!$C5 -> #DIV/0! | M5: =('#1 ~ #5, (540, 2400), 전류'!M5-'#1 ~ #5, (540, 2400), 전류'!$C5)/'#1 ~ #5, (540, 2400), 전류'!$C5 -> #DIV/0! | ... BM5: =('#1 ~ #5, (540, 2400), 전류'!BM5-'#1 ~ #5, (540, 2400), 전류'!$C5)/'#1 ~ #5, (540, 2400), 전류'!$C5 -> #DIV/0!
B6: 15 | C6: =24*B6/4095 -> 0.087912088 | D6: =MIN(F6:AO6) -> 0.34225 | E6: =MAX(F6:AO6) -> 1.627625 | F6: =('#1 ~ #5, (540, 2400), 전류'!F6-'#1 ~ #5, (540, 2400), 전류'!$C6)/'#1 ~ #5, (540, 2400), 전류'!$C6 -> 0.512875 | G6: =('#1 ~ #5, (540, 2400), 전류'!G6-'#1 ~ #5, (540, 2400), 전류'!$C6)/'#1 ~ #5, (540, 2400), 전류'!$C6 -> 0.4105 | H6: =('#1 ~ #5, (540, 2400), 전류'!H6-'#1 ~ #5, (540, 2400), 전류'!$C6)/'#1 ~ #5, (540, 2400), 전류'!$C6 -> 0.365 | I6: =('#1 ~ #5, (540, 2400), 전류'!I6-'#1 ~ #5, (540, 2400), 전류'!$C6)/'#1 ~ #5, (540, 2400), 전류'!$C6 -> 0.421875 | J6: =('#1 ~ #5, (540, 2400), 전류'!J6-'#1 ~ #5, (540, 2400), 전류'!$C6)/'#1 ~ #5, (540, 2400), 전류'!$C6 -> 0.34225 | K6: =('#1 ~ #5, (540, 2400), 전류'!K6-'#1 ~ #5, (540, 2400), 전류'!$C6)/'#1 ~ #5, (540, 2400), 전류'!$C6 -> 0.4105 | L6: =('#1 ~ #5, (540, 2400), 전류'!L6-'#1 ~ #5, (540, 2400), 전류'!$C6)/'#1 ~ #5, (540, 2400), 전류'!$C6 -> 0.421875 | M6: =('#1 ~ #5, (540, 2400), 전류'!M6-'#1 ~ #5, (540, 2400), 전류'!$C6)/'#1 ~ #5, (540, 2400), 전류'!$C6 -> 0.547 | ... BM6: =('#1 ~ #5, (540, 2400), 전류'!BM6-'#1 ~ #5, (540, 2400), 전류'!$C6)/'#1 ~ #5, (540, 2400), 전류'!$C6 -> 0.84275
B7: 30 | C7: =24*B7/4095 -> 0.17582418 | D7: =MIN(F7:AO7) -> 0.1375 | E7: =MAX(F7:AO7) -> 0.82 | F7: =('#1 ~ #5, (540, 2400), 전류'!F7-'#1 ~ #5, (540, 2400), 전류'!$C7)/'#1 ~ #5, (540, 2400), 전류'!$C7 -> 0.25125 | G7: =('#1 ~ #5, (540, 2400), 전류'!G7-'#1 ~ #5, (540, 2400), 전류'!$C7)/'#1 ~ #5, (540, 2400), 전류'!$C7 -> 0.1659375 | H7: =('#1 ~ #5, (540, 2400), 전류'!H7-'#1 ~ #5, (540, 2400), 전류'!$C7)/'#1 ~ #5, (540, 2400), 전류'!$C7 -> 0.148875 | I7: =('#1 ~ #5, (540, 2400), 전류'!I7-'#1 ~ #5, (540, 2400), 전류'!$C7)/'#1 ~ #5, (540, 2400), 전류'!$C7 -> 0.2114375 | J7: =('#1 ~ #5, (540, 2400), 전류'!J7-'#1 ~ #5, (540, 2400), 전류'!$C7)/'#1 ~ #5, (540, 2400), 전류'!$C7 -> 0.1375 | K7: =('#1 ~ #5, (540, 2400), 전류'!K7-'#1 ~ #5, (540, 2400), 전류'!$C7)/'#1 ~ #5, (540, 2400), 전류'!$C7 -> 0.2000625 | L7: =('#1 ~ #5, (540, 2400), 전류'!L7-'#1 ~ #5, (540, 2400), 전류'!$C7)/'#1 ~ #5, (540, 2400), 전류'!$C7 -> 0.217125 | M7: =('#1 ~ #5, (540, 2400), 전류'!M7-'#1 ~ #5, (540, 2400), 전류'!$C7)/'#1 ~ #5, (540, 2400), 전류'!$C7 -> 0.2796875 | ... BM7: =('#1 ~ #5, (540, 2400), 전류'!BM7-'#1 ~ #5, (540, 2400), 전류'!$C7)/'#1 ~ #5, (540, 2400), 전류'!$C7 -> 0.444625
B8: 45 | C8: =24*B8/4095 -> 0.26373626 | D8: =MIN(F8:AO8) -> 0.06925 | E8: =MAX(F8:AO8) -> 0.55079167 | F8: =('#1 ~ #5, (540, 2400), 전류'!F8-'#1 ~ #5, (540, 2400), 전류'!$C8)/'#1 ~ #5, (540, 2400), 전류'!$C8 -> 0.16404167 | G8: =('#1 ~ #5, (540, 2400), 전류'!G8-'#1 ~ #5, (540, 2400), 전류'!$C8)/'#1 ~ #5, (540, 2400), 전류'!$C8 -> 0.103375 | H8: =('#1 ~ #5, (540, 2400), 전류'!H8-'#1 ~ #5, (540, 2400), 전류'!$C8)/'#1 ~ #5, (540, 2400), 전류'!$C8 -> 0.095791667 | I8: =('#1 ~ #5, (540, 2400), 전류'!I8-'#1 ~ #5, (540, 2400), 전류'!$C8)/'#1 ~ #5, (540, 2400), 전류'!$C8 -> 0.1375 | J8: =('#1 ~ #5, (540, 2400), 전류'!J8-'#1 ~ #5, (540, 2400), 전류'!$C8)/'#1 ~ #5, (540, 2400), 전류'!$C8 -> 0.06925 | K8: =('#1 ~ #5, (540, 2400), 전류'!K8-'#1 ~ #5, (540, 2400), 전류'!$C8)/'#1 ~ #5, (540, 2400), 전류'!$C8 -> 0.12233333 | L8: =('#1 ~ #5, (540, 2400), 전류'!L8-'#1 ~ #5, (540, 2400), 전류'!$C8)/'#1 ~ #5, (540, 2400), 전류'!$C8 -> 0.12991667 | M8: =('#1 ~ #5, (540, 2400), 전류'!M8-'#1 ~ #5, (540, 2400), 전류'!$C8)/'#1 ~ #5, (540, 2400), 전류'!$C8 -> 0.19058333 | ... BM8: =('#1 ~ #5, (540, 2400), 전류'!BM8-'#1 ~ #5, (540, 2400), 전류'!$C8)/'#1 ~ #5, (540, 2400), 전류'!$C8 -> 0.30054167
B9: 60 | C9: =24*B9/4095 -> 0.35164835 | D9: =MIN(F9:AO9) -> 0.03796875 | E9: =MAX(F9:AO9) -> 0.4161875 | F9: =('#1 ~ #5, (540, 2400), 전류'!F9-'#1 ~ #5, (540, 2400), 전류'!$C9)/'#1 ~ #5, (540, 2400), 전류'!$C9 -> 0.11475 | G9: =('#1 ~ #5, (540, 2400), 전류'!G9-'#1 ~ #5, (540, 2400), 전류'!$C9)/'#1 ~ #5, (540, 2400), 전류'!$C9 -> 0.057875 | H9: =('#1 ~ #5, (540, 2400), 전류'!H9-'#1 ~ #5, (540, 2400), 전류'!$C9)/'#1 ~ #5, (540, 2400), 전류'!$C9 -> 0.05503125 | I9: =('#1 ~ #5, (540, 2400), 전류'!I9-'#1 ~ #5, (540, 2400), 전류'!$C9)/'#1 ~ #5, (540, 2400), 전류'!$C9 -> 0.09484375 | J9: =('#1 ~ #5, (540, 2400), 전류'!J9-'#1 ~ #5, (540, 2400), 전류'!$C9)/'#1 ~ #5, (540, 2400), 전류'!$C9 -> 0.03796875 | K9: =('#1 ~ #5, (540, 2400), 전류'!K9-'#1 ~ #5, (540, 2400), 전류'!$C9)/'#1 ~ #5, (540, 2400), 전류'!$C9 -> 0.09484375 | L9: =('#1 ~ #5, (540, 2400), 전류'!L9-'#1 ~ #5, (540, 2400), 전류'!$C9)/'#1 ~ #5, (540, 2400), 전류'!$C9 -> 0.09484375 | M9: =('#1 ~ #5, (540, 2400), 전류'!M9-'#1 ~ #5, (540, 2400), 전류'!$C9)/'#1 ~ #5, (540, 2400), 전류'!$C9 -> 0.14034375 | ... BM9: =('#1 ~ #5, (540, 2400), 전류'!BM9-'#1 ~ #5, (540, 2400), 전류'!$C9)/'#1 ~ #5, (540, 2400), 전류'!$C9 -> 0.2341875
B10: 75 | C10: =24*B10/4095 -> 0.43956044 | D10: =MIN(F10:AO10) -> 0.026025 | E10: =MAX(F10:AO10) -> 0.330875 | F10: =('#1 ~ #5, (540, 2400), 전류'!F10-'#1 ~ #5, (540, 2400), 전류'!$C10)/'#1 ~ #5, (540, 2400), 전류'!$C10 -> 0.092 | G10: =('#1 ~ #5, (540, 2400), 전류'!G10-'#1 ~ #5, (540, 2400), 전류'!$C10)/'#1 ~ #5, (540, 2400), 전류'!$C10 -> 0.04195 | H10: =('#1 ~ #5, (540, 2400), 전류'!H10-'#1 ~ #5, (540, 2400), 전류'!$C10)/'#1 ~ #5, (540, 2400), 전류'!$C10 -> 0.03285 | I10: =('#1 ~ #5, (540, 2400), 전류'!I10-'#1 ~ #5, (540, 2400), 전류'!$C10)/'#1 ~ #5, (540, 2400), 전류'!$C10 -> 0.0738 | J10: =('#1 ~ #5, (540, 2400), 전류'!J10-'#1 ~ #5, (540, 2400), 전류'!$C10)/'#1 ~ #5, (540, 2400), 전류'!$C10 -> 0.026025 | K10: =('#1 ~ #5, (540, 2400), 전류'!K10-'#1 ~ #5, (540, 2400), 전류'!$C10)/'#1 ~ #5, (540, 2400), 전류'!$C10 -> 0.08745 | L10: =('#1 ~ #5, (540, 2400), 전류'!L10-'#1 ~ #5, (540, 2400), 전류'!$C10)/'#1 ~ #5, (540, 2400), 전류'!$C10 -> 0.07835 | M10: =('#1 ~ #5, (540, 2400), 전류'!M10-'#1 ~ #5, (540, 2400), 전류'!$C10)/'#1 ~ #5, (540, 2400), 전류'!$C10 -> 0.12385 | ... BM10: =('#1 ~ #5, (540, 2400), 전류'!BM10-'#1 ~ #5, (540, 2400), 전류'!$C10)/'#1 ~ #5, (540, 2400), 전류'!$C10 -> 0.189825
B11: 90 | C11: =24*B11/4095 -> 0.52747253 | D11: =MIN(F11:AO11) -> 0.0085833333 | E11: =MAX(F11:AO11) -> 0.28158333 | F11: =('#1 ~ #5, (540, 2400), 전류'!F11-'#1 ~ #5, (540, 2400), 전류'!$C11)/'#1 ~ #5, (540, 2400), 전류'!$C11 -> 0.080625 | G11: =('#1 ~ #5, (540, 2400), 전류'!G11-'#1 ~ #5, (540, 2400), 전류'!$C11)/'#1 ~ #5, (540, 2400), 전류'!$C11 -> 0.0294375 | H11: =('#1 ~ #5, (540, 2400), 전류'!H11-'#1 ~ #5, (540, 2400), 전류'!$C11)/'#1 ~ #5, (540, 2400), 전류'!$C11 -> 0.025645833 | I11: =('#1 ~ #5, (540, 2400), 전류'!I11-'#1 ~ #5, (540, 2400), 전류'!$C11)/'#1 ~ #5, (540, 2400), 전류'!$C11 -> 0.0635625 | J11: =('#1 ~ #5, (540, 2400), 전류'!J11-'#1 ~ #5, (540, 2400), 전류'!$C11)/'#1 ~ #5, (540, 2400), 전류'!$C11 -> 0.0085833333 | K11: =('#1 ~ #5, (540, 2400), 전류'!K11-'#1 ~ #5, (540, 2400), 전류'!$C11)/'#1 ~ #5, (540, 2400), 전류'!$C11 -> 0.071145833 | L11: =('#1 ~ #5, (540, 2400), 전류'!L11-'#1 ~ #5, (540, 2400), 전류'!$C11)/'#1 ~ #5, (540, 2400), 전류'!$C11 -> 0.061666667 | M11: =('#1 ~ #5, (540, 2400), 전류'!M11-'#1 ~ #5, (540, 2400), 전류'!$C11)/'#1 ~ #5, (540, 2400), 전류'!$C11 -> 0.0976875 | ... BM11: =('#1 ~ #5, (540, 2400), 전류'!BM11-'#1 ~ #5, (540, 2400), 전류'!$C11)/'#1 ~ #5, (540, 2400), 전류'!$C11 -> 0.16404167
B12: 105 | C12: =24*B12/4095 -> 0.61538462 | D12: =MIN(F12:AO12) -> 0.001 | E12: =MAX(F12:AO12) -> 0.236625 | F12: =('#1 ~ #5, (540, 2400), 전류'!F12-'#1 ~ #5, (540, 2400), 전류'!$C12)/'#1 ~ #5, (540, 2400), 전류'!$C12 -> 0.066 | G12: =('#1 ~ #5, (540, 2400), 전류'!G12-'#1 ~ #5, (540, 2400), 전류'!$C12)/'#1 ~ #5, (540, 2400), 전류'!$C12 -> 0.02375 | H12: =('#1 ~ #5, (540, 2400), 전류'!H12-'#1 ~ #5, (540, 2400), 전류'!$C12)/'#1 ~ #5, (540, 2400), 전류'!$C12 -> 0.018875 | I12: =('#1 ~ #5, (540, 2400), 전류'!I12-'#1 ~ #5, (540, 2400), 전류'!$C12)/'#1 ~ #5, (540, 2400), 전류'!$C12 -> 0.054625 | J12: =('#1 ~ #5, (540, 2400), 전류'!J12-'#1 ~ #5, (540, 2400), 전류'!$C12)/'#1 ~ #5, (540, 2400), 전류'!$C12 -> 0.001 | K12: =('#1 ~ #5, (540, 2400), 전류'!K12-'#1 ~ #5, (540, 2400), 전류'!$C12)/'#1 ~ #5, (540, 2400), 전류'!$C12 -> 0.0595 | L12: =('#1 ~ #5, (540, 2400), 전류'!L12-'#1 ~ #5, (540, 2400), 전류'!$C12)/'#1 ~ #5, (540, 2400), 전류'!$C12 -> 0.048125 | M12: =('#1 ~ #5, (540, 2400), 전류'!M12-'#1 ~ #5, (540, 2400), 전류'!$C12)/'#1 ~ #5, (540, 2400), 전류'!$C12 -> 0.08875 | ... BM12: =('#1 ~ #5, (540, 2400), 전류'!BM12-'#1 ~ #5, (540, 2400), 전류'!$C12)/'#1 ~ #5, (540, 2400), 전류'!$C12 -> 0.142375
B13: 120 | C13: =24*B13/4095 -> 0.7032967 | D13: =MIN(F13:AO13) -> -0.000421875 | E13: =MAX(F13:AO13) -> 0.2114375 | F13: =('#1 ~ #5, (540, 2400), 전류'!F13-'#1 ~ #5, (540, 2400), 전류'!$C13)/'#1 ~ #5, (540, 2400), 전류'!$C13 -> 0.056453125 | G13: =('#1 ~ #5, (540, 2400), 전류'!G13-'#1 ~ #5, (540, 2400), 전류'!$C13)/'#1 ~ #5, (540, 2400), 전류'!$C13 -> 0.01521875 | H13: =('#1 ~ #5, (540, 2400), 전류'!H13-'#1 ~ #5, (540, 2400), 전류'!$C13)/'#1 ~ #5, (540, 2400), 전류'!$C13 -> 0.01521875 | I13: =('#1 ~ #5, (540, 2400), 전류'!I13-'#1 ~ #5, (540, 2400), 전류'!$C13)/'#1 ~ #5, (540, 2400), 전류'!$C13 -> 0.04934375 | J13: =('#1 ~ #5, (540, 2400), 전류'!J13-'#1 ~ #5, (540, 2400), 전류'!$C13)/'#1 ~ #5, (540, 2400), 전류'!$C13 -> -0.000421875 | K13: =('#1 ~ #5, (540, 2400), 전류'!K13-'#1 ~ #5, (540, 2400), 전류'!$C13)/'#1 ~ #5, (540, 2400), 전류'!$C13 -> 0.056453125 | L13: =('#1 ~ #5, (540, 2400), 전류'!L13-'#1 ~ #5, (540, 2400), 전류'!$C13)/'#1 ~ #5, (540, 2400), 전류'!$C13 -> 0.0408125 | M13: =('#1 ~ #5, (540, 2400), 전류'!M13-'#1 ~ #5, (540, 2400), 전류'!$C13)/'#1 ~ #5, (540, 2400), 전류'!$C13 -> 0.07778125 | ... BM13: =('#1 ~ #5, (540, 2400), 전류'!BM13-'#1 ~ #5, (540, 2400), 전류'!$C13)/'#1 ~ #5, (540, 2400), 전류'!$C13 -> 0.126125
B14: 135 | C14: =24*B14/4095 -> 0.79120879 | D14: =MIN(F14:AO14) -> -0.012902778 | E14: =MAX(F14:AO14) -> 0.17794444 | F14: =('#1 ~ #5, (540, 2400), 전류'!F14-'#1 ~ #5, (540, 2400), 전류'!$C14)/'#1 ~ #5, (540, 2400), 전류'!$C14 -> 0.042708333 | G14: =('#1 ~ #5, (540, 2400), 전류'!G14-'#1 ~ #5, (540, 2400), 전류'!$C14)/'#1 ~ #5, (540, 2400), 전류'!$C14 -> 0.0035277778 | H14: =('#1 ~ #5, (540, 2400), 전류'!H14-'#1 ~ #5, (540, 2400), 전류'!$C14)/'#1 ~ #5, (540, 2400), 전류'!$C14 -> 0.0035277778 | I14: =('#1 ~ #5, (540, 2400), 전류'!I14-'#1 ~ #5, (540, 2400), 전류'!$C14)/'#1 ~ #5, (540, 2400), 전류'!$C14 -> 0.035125 | J14: =('#1 ~ #5, (540, 2400), 전류'!J14-'#1 ~ #5, (540, 2400), 전류'!$C14)/'#1 ~ #5, (540, 2400), 전류'!$C14 -> -0.012902778 | K14: =('#1 ~ #5, (540, 2400), 전류'!K14-'#1 ~ #5, (540, 2400), 전류'!$C14)/'#1 ~ #5, (540, 2400), 전류'!$C14 -> 0.042708333 | L14: =('#1 ~ #5, (540, 2400), 전류'!L14-'#1 ~ #5, (540, 2400), 전류'!$C14)/'#1 ~ #5, (540, 2400), 전류'!$C14 -> 0.028805556 | M14: =('#1 ~ #5, (540, 2400), 전류'!M14-'#1 ~ #5, (540, 2400), 전류'!$C14)/'#1 ~ #5, (540, 2400), 전류'!$C14 -> 0.057875 | ... BM14: =('#1 ~ #5, (540, 2400), 전류'!BM14-'#1 ~ #5, (540, 2400), 전류'!$C14)/'#1 ~ #5, (540, 2400), 전류'!$C14 -> 0.10843056
B15: 150 | C15: =24*B15/4095 -> 0.87912088 | D15: =MIN(F15:AO15) -> -0.0160625 | E15: =MAX(F15:AO15) -> 0.15115 | F15: =('#1 ~ #5, (540, 2400), 전류'!F15-'#1 ~ #5, (540, 2400), 전류'!$C15)/'#1 ~ #5, (540, 2400), 전류'!$C15 -> 0.0374 | G15: =('#1 ~ #5, (540, 2400), 전류'!G15-'#1 ~ #5, (540, 2400), 전류'!$C15)/'#1 ~ #5, (540, 2400), 전류'!$C15 -> -0.0001375 | H15: =('#1 ~ #5, (540, 2400), 전류'!H15-'#1 ~ #5, (540, 2400), 전류'!$C15)/'#1 ~ #5, (540, 2400), 전류'!$C15 -> -0.0024125 | I15: =('#1 ~ #5, (540, 2400), 전류'!I15-'#1 ~ #5, (540, 2400), 전류'!$C15)/'#1 ~ #5, (540, 2400), 전류'!$C15 -> 0.030575 | J15: =('#1 ~ #5, (540, 2400), 전류'!J15-'#1 ~ #5, (540, 2400), 전류'!$C15)/'#1 ~ #5, (540, 2400), 전류'!$C15 -> -0.0160625 | K15: =('#1 ~ #5, (540, 2400), 전류'!K15-'#1 ~ #5, (540, 2400), 전류'!$C15)/'#1 ~ #5, (540, 2400), 전류'!$C15 -> 0.039675 | L15: =('#1 ~ #5, (540, 2400), 전류'!L15-'#1 ~ #5, (540, 2400), 전류'!$C15)/'#1 ~ #5, (540, 2400), 전류'!$C15 -> 0.0248875 | M15: =('#1 ~ #5, (540, 2400), 전류'!M15-'#1 ~ #5, (540, 2400), 전류'!$C15)/'#1 ~ #5, (540, 2400), 전류'!$C15 -> 0.0556 | ... BM15: =('#1 ~ #5, (540, 2400), 전류'!BM15-'#1 ~ #5, (540, 2400), 전류'!$C15)/'#1 ~ #5, (540, 2400), 전류'!$C15 -> 0.0976875
B16: 165 | C16: =24*B16/4095 -> 0.96703297 | D16: =MIN(F16:AO16) -> -0.019681818 | E16: =MAX(F16:AO16) -> 0.14577273 | F16: =('#1 ~ #5, (540, 2400), 전류'!F16-'#1 ~ #5, (540, 2400), 전류'!$C16)/'#1 ~ #5, (540, 2400), 전류'!$C16 -> 0.030988636 | G16: =('#1 ~ #5, (540, 2400), 전류'!G16-'#1 ~ #5, (540, 2400), 전류'!$C16)/'#1 ~ #5, (540, 2400), 전류'!$C16 -> -0.0021022727 | H16: =('#1 ~ #5, (540, 2400), 전류'!H16-'#1 ~ #5, (540, 2400), 전류'!$C16)/'#1 ~ #5, (540, 2400), 전류'!$C16 -> -0.0021022727 | I16: =('#1 ~ #5, (540, 2400), 전류'!I16-'#1 ~ #5, (540, 2400), 전류'!$C16)/'#1 ~ #5, (540, 2400), 전류'!$C16 -> 0.025818182 | J16: =('#1 ~ #5, (540, 2400), 전류'!J16-'#1 ~ #5, (540, 2400), 전류'!$C16)/'#1 ~ #5, (540, 2400), 전류'!$C16 -> -0.019681818 | K16: =('#1 ~ #5, (540, 2400), 전류'!K16-'#1 ~ #5, (540, 2400), 전류'!$C16)/'#1 ~ #5, (540, 2400), 전류'!$C16 -> 0.033056818 | L16: =('#1 ~ #5, (540, 2400), 전류'!L16-'#1 ~ #5, (540, 2400), 전류'!$C16)/'#1 ~ #5, (540, 2400), 전류'!$C16 -> 0.019613636 | M16: =('#1 ~ #5, (540, 2400), 전류'!M16-'#1 ~ #5, (540, 2400), 전류'!$C16)/'#1 ~ #5, (540, 2400), 전류'!$C16 -> 0.049602273 | ... BM16: =('#1 ~ #5, (540, 2400), 전류'!BM16-'#1 ~ #5, (540, 2400), 전류'!$C16)/'#1 ~ #5, (540, 2400), 전류'!$C16 -> 0.090965909
... B278: 4095 | C278: =24*B278/4095 -> 24 | D278: =MIN(F278:AO278) -> -0.020875 | E278: =MAX(F278:AO278) -> 0.019458333 | F278: =('#1 ~ #5, (540, 2400), 전류'!F278-'#1 ~ #5, (540, 2400), 전류'!$C278)/'#1 ~ #5, (540, 2400), 전류'!$C278 -> 0.0025833333 | G278: =('#1 ~ #5, (540, 2400), 전류'!G278-'#1 ~ #5, (540, 2400), 전류'!$C278)/'#1 ~ #5, (540, 2400), 전류'!$C278 -> 0.0045833333 | H278: =('#1 ~ #5, (540, 2400), 전류'!H278-'#1 ~ #5, (540, 2400), 전류'!$C278)/'#1 ~ #5, (540, 2400), 전류'!$C278 -> 0.012833333 | I278: =('#1 ~ #5, (540, 2400), 전류'!I278-'#1 ~ #5, (540, 2400), 전류'!$C278)/'#1 ~ #5, (540, 2400), 전류'!$C278 -> -0.010791667 | J278: =('#1 ~ #5, (540, 2400), 전류'!J278-'#1 ~ #5, (540, 2400), 전류'!$C278)/'#1 ~ #5, (540, 2400), 전류'!$C278 -> 0.012125 | K278: =('#1 ~ #5, (540, 2400), 전류'!K278-'#1 ~ #5, (540, 2400), 전류'!$C278)/'#1 ~ #5, (540, 2400), 전류'!$C278 -> -0.012708333 | L278: =('#1 ~ #5, (540, 2400), 전류'!L278-'#1 ~ #5, (540, 2400), 전류'!$C278)/'#1 ~ #5, (540, 2400), 전류'!$C278 -> -0.0082916667 | M278: =('#1 ~ #5, (540, 2400), 전류'!M278-'#1 ~ #5, (540, 2400), 전류'!$C278)/'#1 ~ #5, (540, 2400), 전류'!$C278 -> -0.0096666667 | ... BM278: =('#1 ~ #5, (540, 2400), 전류'!BM278-'#1 ~ #5, (540, 2400), 전류'!$C278)/'#1 ~ #5, (540, 2400), 전류'!$C278 -> -0.012916667
