Workbook

Sheet Sheet1
B2: data | C2: io_1 | D2: io_2 | E2: io_3 | F2: io_4 | G2: io_5 | H2: io_6 | I2: io_7 | J2: io_8 | K2: io_9 | L2: io_10 | M2: io_11 | N2: io_12
B3: 0 | C3: 0.127 | D3: 0.116 | E3: 0.124 | F3: 0.131 | G3: 0.122 | H3: 0.129 | I3: 0.127 | J3: 0.125 | K3: 0.125 | L3: 0.116 | M3: 0.127 | N3: 0.125
B4: 15 | C4: 0.213 | D4: 0.196 | E4: 0.207 | F4: 0.216 | G4: 0.205 | H4: 0.213 | I4: 0.213 | J4: 0.209 | K4: 0.207 | L4: 0.194 | M4: 0.213 | N4: 0.207
B5: 30 | C5: 0.294 | D5: 0.276 | E5: 0.289 | F5: 0.3 | G5: 0.285 | H5: 0.294 | I5: 0.296 | J5: 0.294 | K5: 0.291 | L5: 0.272 | M5: 0.298 | N5: 0.289
B6: 45 | C6: 0.38 | D6: 0.356 | E6: 0.374 | F6: 0.385 | G6: 0.371 | H6: 0.38 | I6: 0.378 | J6: 0.378 | K6: 0.374 | L6: 0.354 | M6: 0.381 | N6: 0.374
B7: 60 | C7: 0.463 | D7: 0.436 | E7: 0.458 | F7: 0.463 | G7: 0.449 | H7: 0.461 | I7: 0.461 | J7: 0.463 | K7: 0.458 | L7: 0.432 | M7: 0.469 | N7: 0.452
B8: 75 | C8: 0.547 | D8: 0.518 | E8: 0.54 | F8: 0.549 | G8: 0.534 | H8: 0.545 | I8: 0.543 | J8: 0.549 | K8: 0.54 | L8: 0.516 | M8: 0.554 | N8: 0.536
B9: 90 | C9: 0.63 | D9: 0.601 | E9: 0.625 | F9: 0.632 | G9: 0.619 | H9: 0.63 | I9: 0.625 | J9: 0.634 | K9: 0.625 | L9: 0.596 | M9: 0.639 | N9: 0.625
B10: 105 | C10: 0.714 | D10: 0.683 | E10: 0.708 | F10: 0.719 | G10: 0.699 | H10: 0.714 | I10: 0.71 | J10: 0.719 | K10: 0.708 | L10: 0.678 | M10: 0.725 | N10: 0.705
B11: 120 | C11: 0.796 | D11: 0.767 | E11: 0.794 | F11: 0.801 | G11: 0.785 | H11: 0.796 | I11: 0.792 | J11: 0.805 | K11: 0.79 | L11: 0.759 | M11: 0.81 | N11: 0.788
B12: 135 | C12: 0.881 | D12: 0.852 | E12: 0.879 | F12: 0.885 | G12: 0.872 | H12: 0.883 | I12: 0.874 | J12: 0.888 | K12: 0.877 | L12: 0.841 | M12: 0.897 | N12: 0.877
B13: 150 | C13: 0.966 | D13: 0.932 | E13: 0.961 | F13: 0.966 | G13: 0.954 | H13: 0.966 | I13: 0.957 | J13: 0.976 | K13: 0.961 | L13: 0.926 | M13: 0.983 | N13: 0.956
B14: 165 | C14: 1.052 | D14: 1.017 | E14: 1.045 | F14: 1.054 | G14: 1.037 | H14: 1.052 | I14: 1.039 | J14: 1.061 | K14: 1.045 | L14: 1.008 | M14: 1.068 | N14: 1.039
... B276: 4095 | C276: 24.057 | D276: 24.015 | E276: 23.915 | F276: 24.048 | G276: 23.848 | H276: 23.73 | I276: 24.337 | J276: 23.692 | K276: 23.995 | L276: 24.16 | M276: 23.565 | N276: 23.948

Sheet #1 ~ #8, (500, 2000), 전류
E2: ictl_l
E3: ictl_h
B4: data | C4: ideal | D4: min | E4: max | F4: io_1 | G4: io_2 | H4: io_3 | I4: io_4 | J4: io_5 | K4: io_6 | L4: io_7 | M4: io_8 | N4: io_9 | O4: io_10 | P4: io_11 | Q4: io_12 | R4: io_1 | S4: io_2 | T4: io_3 | U4: io_4 | V4: io_5 | W4: io_6 | X4: io_7 | Y4: io_8 | Z4: io_9 | AA4: io_10 | AB4: io_11 | AC4: io_12 | AD4: io_1 | AE4: io_2 | AF4: io_3 | AG4: io_4 | AH4: io_5 | AI4: io_6 | AJ4: io_7 | AK4: io_8 | AL4: io_9 | AM4: io_10 | AN4: io_11 | AO4: io_12 | AP4: io_1 | AQ4: io_2 | AR4: io_3 | AS4: io_4 | AT4: io_5 | AU4: io_6 | AV4: io_7 | AW4: io_8 | AX4: io_9 | AY4: io_10 | AZ4: io_11 | BA4: io_12 | BB4: io_1 | BC4: io_2 | BD4: io_3 | BE4: io_4 | BF4: io_5 | BG4: io_6 | BH4: io_7 | BI4: io_8 | BJ4: io_9 | BK4: io_10 | BL4: io_11 | BM4: io_12 | BN4: io_1 | BO4: io_2 | BP4: io_3 | BQ4: io_4 | BR4: io_5 | BS4: io_6 | BT4: io_7 | BU4: io_8 | BV4: io_9 | BW4: io_10 | BX4: io_11 | BY4: io_12 | BZ4: io_1 | CA4: io_2 | CB4: io_3 | CC4: io_4 | CD4: io_5 | CE4: io_6 | CF4: io_7 | CG4: io_8 | CH4: io_9 | CI4: io_10 | CJ4: io_11 | CK4: io_12 | CL4: io_1 | CM4: io_2 | CN4: io_3 | CO4: io_4 | CP4: io_5 | CQ4: io_6 | CR4: io_7 | CS4: io_8 | CT4: io_9 | CU4: io_10 | CV4: io_11 | CW4: io_12
B5: 0 | C5: =24*B5/4095 -> 0 | D5: =MIN(F5:AO5) -> 0.038 | E5: =MAX(F5:AO5) -> 0.138 | F5: 0.044 | G5: 0.04 | H5: 0.038 | I5: 0.042 | J5: 0.038 | K5: 0.04 | L5: 0.042 | M5: 0.045 | N5: 0.038 | O5: 0.038 | P5: 0.04 | Q5: 0.042 | R5: 0.138 | S5: 0.127 | T5: 0.133 | U5: 0.122 | V5: 0.131 | W5: 0.124 | X5: 0.129 | Y5: 0.124 | Z5: 0.138 | AA5: 0.136 | AB5: 0.131 | AC5: 0.136 | AD5: 0.082 | AE5: 0.085 | AF5: 0.089 | AG5: 0.084 | AH5: 0.082 | AI5: 0.085 | AJ5: 0.076 | AK5: 0.078 | AL5: 0.082 | AM5: 0.087 | AN5: 0.08 | AO5: 0.08 | AP5: 0.044 | AQ5: 0.04 | AR5: 0.038 | AS5: 0.04 | AT5: 0.045 | AU5: 0.042 | AV5: 0.045 | AW5: 0.042 | AX5: 0.04 | AY5: 0.04 | AZ5: 0.047 | BA5: 0.047 | BB5: 0.065 | BC5: 0.069 | BD5: 0.067 | BE5: 0.067 | BF5: 0.076 | BG5: 0.074 | BH5: 0.069 | BI5: 0.074 | BJ5: 0.062 | BK5: 0.069 | BL5: 0.076 | BM5: 0.071 | BN5: 0.015 | BO5: 0.013 | BP5: 0.015 | BQ5: 0.013 | BR5: 0.013 | BS5: 0.013 | BT5: 0.015 | BU5: 0.013 | BV5: 0.013 | BW5: 0.011 | BX5: 0.013 | BY5: 0.013 | BZ5: 0.002 | CA5: 0.002 | CB5: 0 | CC5: 0.002 | CD5: 0.002 | CE5: 3.72 | CF5: 0.002 | CG5: 0.002 | CH5: 0.002 | CI5: 0.002 | CJ5: 0.002 | CK5: 0.002 | CL5: 0.127 | CM5: 0.116 | CN5: 0.124 | CO5: 0.131 | CP5: 0.122 | CQ5: 0.129 | CR5: 0.127 | CS5: 0.125 | CT5: 0.125 | CU5: 0.116 | CV5: 0.127 | CW5: 0.125
B6: 15 | C6: =24*B6/4095 -> 0.087912088 | D6: =MIN(F6:AO6) -> 0.118 | E6: =MAX(F6:AO6) -> 0.229 | F6: 0.131 | G6: 0.124 | H6: 0.122 | I6: 0.127 | J6: 0.118 | K6: 0.125 | L6: 0.129 | M6: 0.138 | N6: 0.122 | O6: 0.12 | P6: 0.125 | Q6: 0.131 | R6: 0.229 | S6: 0.211 | T6: 0.22 | U6: 0.202 | V6: 0.216 | W6: 0.205 | X6: 0.214 | Y6: 0.205 | Z6: 0.225 | AA6: 0.222 | AB6: 0.214 | AC6: 0.223 | AD6: 0.163 | AE6: 0.169 | AF6: 0.174 | AG6: 0.167 | AH6: 0.163 | AI6: 0.169 | AJ6: 0.154 | AK6: 0.16 | AL6: 0.163 | AM6: 0.173 | AN6: 0.163 | AO6: 0.167 | AP6: 0.127 | AQ6: 0.12 | AR6: 0.114 | AS6: 0.12 | AT6: 0.131 | AU6: 0.125 | AV6: 0.134 | AW6: 0.125 | AX6: 0.124 | AY6: 0.122 | AZ6: 0.142 | BA6: 0.136 | BB6: 0.151 | BC6: 0.16 | BD6: 0.153 | BE6: 0.153 | BF6: 0.163 | BG6: 0.158 | BH6: 0.154 | BI6: 0.167 | BJ6: 0.145 | BK6: 0.156 | BL6: 0.165 | BM6: 0.16 | BN6: 0.105 | BO6: 0.098 | BP6: 0.102 | BQ6: 0.102 | BR6: 0.096 | BS6: 0.1 | BT6: 0.105 | BU6: 0.091 | BV6: 0.102 | BW6: 0.089 | BX6: 0.098 | BY6: 0.104 | BZ6: 0.002 | CA6: 0.002 | CB6: 0.002 | CC6: 0.002 | CD6: 0.002 | CE6: 0.002 | CF6: 0.002 | CG6: 0.002 | CH6: 0.002 | CI6: 0.002 | CJ6: 0.002 | CK6: 0.002 | CL6: 0.213 | CM6: 0.196 | CN6: 0.207 | CO6: 0.216 | CP6: 0.205 | CQ6: 0.213 | CR6: 0.213 | CS6: 0.209 | CT6: 0.207 | CU6: 0.194 | CV6: 0.213 | CW6: 0.207
B7: 30 | C7: =24*B7/4095 -> 0.17582418 | D7: =MIN(F7:AO7) -> 0.2 | E7: =MAX(F7:AO7) -> 0.316 | F7: 0.22 | G7: 0.205 | H7: 0.203 | I7: 0.213 | J7: 0.2 | K7: 0.213 | L7: 0.214 | M7: 0.225 | N7: 0.209 | O7: 0.202 | P7: 0.209 | Q7: 0.218 | R7: 0.316 | S7: 0.296 | T7: 0.305 | U7: 0.282 | V7: 0.302 | W7: 0.287 | X7: 0.298 | Y7: 0.287 | Z7: 0.311 | AA7: 0.307 | AB7: 0.298 | AC7: 0.309 | AD7: 0.245 | AE7: 0.253 | AF7: 0.258 | AG7: 0.249 | AH7: 0.243 | AI7: 0.253 | AJ7: 0.231 | AK7: 0.238 | AL7: 0.243 | AM7: 0.258 | AN7: 0.245 | AO7: 0.247 | AP7: 0.209 | AQ7: 0.2 | AR7: 0.194 | AS7: 0.202 | AT7: 0.214 | AU7: 0.207 | AV7: 0.222 | AW7: 0.211 | AX7: 0.209 | AY7: 0.202 | AZ7: 0.233 | BA7: 0.225 | BB7: 0.229 | BC7: 0.242 | BD7: 0.234 | BE7: 0.236 | BF7: 0.256 | BG7: 0.249 | BH7: 0.242 | BI7: 0.258 | BJ7: 0.223 | BK7: 0.247 | BL7: 0.26 | BM7: 0.251 | BN7: 0.196 | BO7: 0.187 | BP7: 0.191 | BQ7: 0.189 | BR7: 0.183 | BS7: 0.187 | BT7: 0.194 | BU7: 0.173 | BV7: 0.193 | BW7: 0.169 | BX7: 0.185 | BY7: 0.194 | BZ7: 0.004 | CA7: 0.004 | CB7: 0.004 | CC7: 0.004 | CD7: 0.004 | CE7: 0.004 | CF7: 0.004 | CG7: 0.004 | CH7: 0.004 | CI7: 0.004 | CJ7: 0.004 | CK7: 0.004 | CL7: 0.294 | CM7: 0.276 | CN7: 0.289 | CO7: 0.3 | CP7: 0.285 | CQ7: 0.294 | CR7: 0.296 | CS7: 0.294 | CT7: 0.291 | CU7: 0.272 | CV7: 0.298 | CW7: 0.289
B8: 45 | C8: =24*B8/4095 -> 0.26373626 | D8: =MIN(F8:AO8) -> 0.282 | E8: =MAX(F8:AO8) -> 0.405 | F8: 0.305 | G8: 0.291 | H8: 0.287 | I8: 0.298 | J8: 0.282 | K8: 0.3 | L8: 0.302 | M8: 0.316 | N8: 0.294 | O8: 0.283 | P8: 0.292 | Q8: 0.303 | R8: 0.405 | S8: 0.381 | T8: 0.392 | U8: 0.365 | V8: 0.387 | W8: 0.371 | X8: 0.383 | Y8: 0.371 | Z8: 0.398 | AA8: 0.394 | AB8: 0.383 | AC8: 0.398 | AD8: 0.327 | AE8: 0.34 | AF8: 0.347 | AG8: 0.336 | AH8: 0.329 | AI8: 0.336 | AJ8: 0.314 | AK8: 0.322 | AL8: 0.329 | AM8: 0.345 | AN8: 0.334 | AO8: 0.334 | AP8: 0.296 | AQ8: 0.283 | AR8: 0.278 | AS8: 0.283 | AT8: 0.303 | AU8: 0.294 | AV8: 0.312 | AW8: 0.3 | AX8: 0.296 | AY8: 0.289 | AZ8: 0.325 | BA8: 0.316 | BB8: 0.316 | BC8: 0.331 | BD8: 0.322 | BE8: 0.323 | BF8: 0.352 | BG8: 0.343 | BH8: 0.331 | BI8: 0.351 | BJ8: 0.314 | BK8: 0.338 | BL8: 0.354 | BM8: 0.342 | BN8: 0.287 | BO8: 0.276 | BP8: 0.282 | BQ8: 0.28 | BR8: 0.272 | BS8: 0.28 | BT8: 0.287 | BU8: 0.258 | BV8: 0.283 | BW8: 0.256 | BX8: 0.274 | BY8: 0.287 | BZ8: 0.085 | CA8: 0.073 | CB8: 0.074 | CC8: 0.084 | CD8: 0.076 | CE8: 0.08 | CF8: 0.074 | CG8: 0.085 | CH8: 0.08 | CI8: 0.08 | CJ8: 0.082 | CK8: 0.078 | CL8: 0.38 | CM8: 0.356 | CN8: 0.374 | CO8: 0.385 | CP8: 0.371 | CQ8: 0.38 | CR8: 0.378 | CS8: 0.378 | CT8: 0.374 | CU8: 0.354 | CV8: 0.381 | CW8: 0.374
B9: 60 | C9: =24*B9/4095 -> 0.35164835 | D9: =MIN(F9:AO9) -> 0.365 | E9: =MAX(F9:AO9) -> 0.492 | F9: 0.394 | G9: 0.374 | H9: 0.372 | I9: 0.387 | J9: 0.365 | K9: 0.387 | L9: 0.387 | M9: 0.403 | N9: 0.38 | O9: 0.369 | P9: 0.378 | Q9: 0.392 | R9: 0.492 | S9: 0.467 | T9: 0.478 | U9: 0.445 | V9: 0.472 | W9: 0.452 | X9: 0.47 | Y9: 0.454 | Z9: 0.483 | AA9: 0.478 | AB9: 0.469 | AC9: 0.483 | AD9: 0.411 | AE9: 0.423 | AF9: 0.431 | AG9: 0.418 | AH9: 0.414 | AI9: 0.418 | AJ9: 0.396 | AK9: 0.405 | AL9: 0.411 | AM9: 0.429 | AN9: 0.418 | AO9: 0.418 | AP9: 0.383 | AQ9: 0.369 | AR9: 0.361 | AS9: 0.369 | AT9: 0.389 | AU9: 0.378 | AV9: 0.398 | AW9: 0.385 | AX9: 0.381 | AY9: 0.372 | AZ9: 0.414 | BA9: 0.403 | BB9: 0.403 | BC9: 0.42 | BD9: 0.409 | BE9: 0.412 | BF9: 0.443 | BG9: 0.432 | BH9: 0.418 | BI9: 0.441 | BJ9: 0.396 | BK9: 0.425 | BL9: 0.44 | BM9: 0.429 | BN9: 0.376 | BO9: 0.363 | BP9: 0.369 | BQ9: 0.369 | BR9: 0.36 | BS9: 0.367 | BT9: 0.38 | BU9: 0.342 | BV9: 0.374 | BW9: 0.34 | BX9: 0.36 | BY9: 0.376 | BZ9: 0.176 | CA9: 0.158 | CB9: 0.165 | CC9: 0.173 | CD9: 0.16 | CE9: 0.167 | CF9: 0.162 | CG9: 0.18 | CH9: 0.173 | CI9: 0.171 | CJ9: 0.169 | CK9: 0.167 | CL9: 0.463 | CM9: 0.436 | CN9: 0.458 | CO9: 0.463 | CP9: 0.449 | CQ9: 0.461 | CR9: 0.461 | CS9: 0.463 | CT9: 0.458 | CU9: 0.432 | CV9: 0.469 | CW9: 0.452
B10: 75 | C10: =24*B10/4095 -> 0.43956044 | D10: =MIN(F10:AO10) -> 0.451 | E10: =MAX(F10:AO10) -> 0.579 | F10: 0.481 | G10: 0.458 | H10: 0.456 | I10: 0.472 | J10: 0.451 | K10: 0.476 | L10: 0.472 | M10: 0.494 | N10: 0.467 | O10: 0.452 | P10: 0.463 | Q10: 0.48 | R10: 0.579 | S10: 0.55 | T10: 0.565 | U10: 0.529 | V10: 0.558 | W10: 0.536 | X10: 0.556 | Y10: 0.538 | Z10: 0.57 | AA10: 0.567 | AB10: 0.552 | AC10: 0.57 | AD10: 0.498 | AE10: 0.51 | AF10: 0.52 | AG10: 0.505 | AH10: 0.5 | AI10: 0.505 | AJ10: 0.48 | AK10: 0.49 | AL10: 0.498 | AM10: 0.516 | AN10: 0.503 | AO10: 0.507 | AP10: 0.47 | AQ10: 0.454 | AR10: 0.447 | AS10: 0.452 | AT10: 0.476 | AU10: 0.465 | AV10: 0.487 | AW10: 0.47 | AX10: 0.467 | AY10: 0.458 | AZ10: 0.505 | BA10: 0.492 | BB10: 0.489 | BC10: 0.505 | BD10: 0.494 | BE10: 0.5 | BF10: 0.53 | BG10: 0.518 | BH10: 0.505 | BI10: 0.53 | BJ10: 0.48 | BK10: 0.514 | BL10: 0.534 | BM10: 0.52 | BN10: 0.467 | BO10: 0.449 | BP10: 0.454 | BQ10: 0.454 | BR10: 0.445 | BS10: 0.452 | BT10: 0.467 | BU10: 0.423 | BV10: 0.461 | BW10: 0.421 | BX10: 0.445 | BY10: 0.467 | BZ10: 0.271 | CA10: 0.242 | CB10: 0.254 | CC10: 0.265 | CD10: 0.251 | CE10: 0.263 | CF10: 0.251 | CG10: 0.274 | CH10: 0.267 | CI10: 0.263 | CJ10: 0.263 | CK10: 0.26 | CL10: 0.547 | CM10: 0.518 | CN10: 0.54 | CO10: 0.549 | CP10: 0.534 | CQ10: 0.545 | CR10: 0.543 | CS10: 0.549 | CT10: 0.54 | CU10: 0.516 | CV10: 0.554 | CW10: 0.536
B11: 90 | C11: =24*B11/4095 -> 0.52747253 | D11: =MIN(F11:AO11) -> 0.534 | E11: =MAX(F11:AO11) -> 0.67 | F11: 0.569 | G11: 0.543 | H11: 0.543 | I11: 0.56 | J11: 0.534 | K11: 0.565 | L11: 0.558 | M11: 0.581 | N11: 0.554 | O11: 0.538 | P11: 0.549 | Q11: 0.567 | R11: 0.67 | S11: 0.638 | T11: 0.652 | U11: 0.612 | V11: 0.645 | W11: 0.621 | X11: 0.643 | Y11: 0.621 | Z11: 0.658 | AA11: 0.65 | AB11: 0.636 | AC11: 0.658 | AD11: 0.579 | AE11: 0.592 | AF11: 0.603 | AG11: 0.589 | AH11: 0.585 | AI11: 0.587 | AJ11: 0.558 | AK11: 0.57 | AL11: 0.583 | AM11: 0.599 | AN11: 0.587 | AO11: 0.59 | AP11: 0.556 | AQ11: 0.54 | AR11: 0.53 | AS11: 0.536 | AT11: 0.56 | AU11: 0.549 | AV11: 0.572 | AW11: 0.558 | AX11: 0.552 | AY11: 0.541 | AZ11: 0.594 | BA11: 0.578 | BB11: 0.57 | BC11: 0.59 | BD11: 0.579 | BE11: 0.587 | BF11: 0.623 | BG11: 0.607 | BH11: 0.592 | BI11: 0.618 | BJ11: 0.567 | BK11: 0.599 | BL11: 0.619 | BM11: 0.607 | BN11: 0.554 | BO11: 0.538 | BP11: 0.543 | BQ11: 0.545 | BR11: 0.534 | BS11: 0.541 | BT11: 0.556 | BU11: 0.507 | BV11: 0.55 | BW11: 0.51 | BX11: 0.536 | BY11: 0.558 | BZ11: 0.361 | CA11: 0.331 | CB11: 0.345 | CC11: 0.356 | CD11: 0.338 | CE11: 0.352 | CF11: 0.34 | CG11: 0.367 | CH11: 0.36 | CI11: 0.352 | CJ11: 0.351 | CK11: 0.345 | CL11: 0.63 | CM11: 0.601 | CN11: 0.625 | CO11: 0.632 | CP11: 0.619 | CQ11: 0.63 | CR11: 0.625 | CS11: 0.634 | CT11: 0.625 | CU11: 0.596 | CV11: 0.639 | CW11: 0.625
B12: 105 | C12: =24*B12/4095 -> 0.61538462 | D12: =MIN(F12:AO12) -> 0.618 | E12: =MAX(F12:AO12) -> 0.758 | F12: 0.656 | G12: 0.629 | H12: 0.627 | I12: 0.649 | J12: 0.618 | K12: 0.654 | L12: 0.647 | M12: 0.669 | N12: 0.639 | O12: 0.623 | P12: 0.632 | Q12: 0.654 | R12: 0.758 | S12: 0.725 | T12: 0.739 | U12: 0.698 | V12: 0.732 | W12: 0.707 | X12: 0.732 | Y12: 0.708 | Z12: 0.747 | AA12: 0.741 | AB12: 0.725 | AC12: 0.745 | AD12: 0.665 | AE12: 0.679 | AF12: 0.69 | AG12: 0.676 | AH12: 0.67 | AI12: 0.67 | AJ12: 0.641 | AK12: 0.658 | AL12: 0.669 | AM12: 0.685 | AN12: 0.674 | AO12: 0.679 | AP12: 0.639 | AQ12: 0.623 | AR12: 0.614 | AS12: 0.619 | AT12: 0.647 | AU12: 0.634 | AV12: 0.659 | AW12: 0.643 | AX12: 0.638 | AY12: 0.625 | AZ12: 0.681 | BA12: 0.661 | BB12: 0.659 | BC12: 0.679 | BD12: 0.665 | BE12: 0.674 | BF12: 0.716 | BG12: 0.701 | BH12: 0.679 | BI12: 0.707 | BJ12: 0.652 | BK12: 0.687 | BL12: 0.707 | BM12: 0.692 | BN12: 0.645 | BO12: 0.63 | BP12: 0.632 | BQ12: 0.634 | BR12: 0.625 | BS12: 0.632 | BT12: 0.647 | BU12: 0.592 | BV12: 0.641 | BW12: 0.594 | BX12: 0.623 | BY12: 0.649 | BZ12: 0.452 | CA12: 0.414 | CB12: 0.429 | CC12: 0.445 | CD12: 0.425 | CE12: 0.44 | CF12: 0.427 | CG12: 0.456 | CH12: 0.449 | CI12: 0.441 | CJ12: 0.443 | CK12: 0.44 | CL12: 0.714 | CM12: 0.683 | CN12: 0.708 | CO12: 0.719 | CP12: 0.699 | CQ12: 0.714 | CR12: 0.71 | CS12: 0.719 | CT12: 0.708 | CU12: 0.678 | CV12: 0.725 | CW12: 0.705
B13: 120 | C13: =24*B13/4095 -> 0.7032967 | D13: =MIN(F13:AO13) -> 0.703 | E13: =MAX(F13:AO13) -> 0.845 | F13: 0.741 | G13: 0.714 | H13: 0.712 | I13: 0.734 | J13: 0.703 | K13: 0.743 | L13: 0.734 | M13: 0.758 | N13: 0.728 | O13: 0.707 | P13: 0.716 | Q13: 0.743 | R13: 0.845 | S13: 0.81 | T13: 0.825 | U13: 0.779 | V13: 0.816 | W13: 0.792 | X13: 0.816 | Y13: 0.792 | Z13: 0.834 | AA13: 0.827 | AB13: 0.81 | AC13: 0.83 | AD13: 0.747 | AE13: 0.763 | AF13: 0.774 | AG13: 0.759 | AH13: 0.758 | AI13: 0.754 | AJ13: 0.723 | AK13: 0.738 | AL13: 0.752 | AM13: 0.77 | AN13: 0.759 | AO13: 0.763 | AP13: 0.727 | AQ13: 0.707 | AR13: 0.698 | AS13: 0.701 | AT13: 0.73 | AU13: 0.718 | AV13: 0.743 | AW13: 0.728 | AX13: 0.723 | AY13: 0.71 | AZ13: 0.77 | BA13: 0.748 | BB13: 0.745 | BC13: 0.765 | BD13: 0.754 | BE13: 0.759 | BF13: 0.801 | BG13: 0.787 | BH13: 0.763 | BI13: 0.794 | BJ13: 0.739 | BK13: 0.777 | BL13: 0.799 | BM13: 0.783 | BN13: 0.734 | BO13: 0.716 | BP13: 0.719 | BQ13: 0.718 | BR13: 0.71 | BS13: 0.719 | BT13: 0.738 | BU13: 0.679 | BV13: 0.732 | BW13: 0.681 | BX13: 0.712 | BY13: 0.739 | BZ13: 0.541 | CA13: 0.503 | CB13: 0.518 | CC13: 0.536 | CD13: 0.512 | CE13: 0.53 | CF13: 0.518 | CG13: 0.549 | CH13: 0.54 | CI13: 0.53 | CJ13: 0.532 | CK13: 0.53 | CL13: 0.796 | CM13: 0.767 | CN13: 0.794 | CO13: 0.801 | CP13: 0.785 | CQ13: 0.796 | CR13: 0.792 | CS13: 0.805 | CT13: 0.79 | CU13: 0.759 | CV13: 0.81 | CW13: 0.788
B14: 135 | C14: =24*B14/4095 -> 0.79120879 | D14: =MIN(F14:AO14) -> 0.783 | E14: =MAX(F14:AO14) -> 0.925 | F14: 0.823 | G14: 0.794 | H14: 0.796 | I14: 0.817 | J14: 0.783 | K14: 0.825 | L14: 0.814 | M14: 0.839 | N14: 0.807 | O14: 0.787 | P14: 0.797 | Q14: 0.825 | R14: 0.925 | S14: 0.888 | T14: 0.901 | U14: 0.857 | V14: 0.896 | W14: 0.868 | X14: 0.896 | Y14: 0.87 | Z14: 0.91 | AA14: 0.905 | AB14: 0.886 | AC14: 0.91 | AD14: 0.827 | AE14: 0.845 | AF14: 0.859 | AG14: 0.839 | AH14: 0.837 | AI14: 0.834 | AJ14: 0.801 | AK14: 0.819 | AL14: 0.836 | AM14: 0.85 | AN14: 0.843 | AO14: 0.845 | AP14: 0.81 | AQ14: 0.788 | AR14: 0.777 | AS14: 0.783 | AT14: 0.814 | AU14: 0.801 | AV14: 0.828 | AW14: 0.812 | AX14: 0.807 | AY14: 0.794 | AZ14: 0.856 | BA14: 0.834 | BB14: 0.825 | BC14: 0.847 | BD14: 0.834 | BE14: 0.839 | BF14: 0.885 | BG14: 0.87 | BH14: 0.845 | BI14: 0.876 | BJ14: 0.816 | BK14: 0.857 | BL14: 0.881 | BM14: 0.865 | BN14: 0.821 | BO14: 0.803 | BP14: 0.805 | BQ14: 0.805 | BR14: 0.794 | BS14: 0.803 | BT14: 0.821 | BU14: 0.758 | BV14: 0.817 | BW14: 0.761 | BX14: 0.794 | BY14: 0.825 | BZ14: 0.629 | CA14: 0.585 | CB14: 0.599 | CC14: 0.621 | CD14: 0.603 | CE14: 0.621 | CF14: 0.607 | CG14: 0.639 | CH14: 0.629 | CI14: 0.618 | CJ14: 0.619 | CK14: 0.618 | CL14: 0.881 | CM14: 0.852 | CN14: 0.879 | CO14: 0.885 | CP14: 0.872 | CQ14: 0.883 | CR14: 0.874 | CS14: 0.888 | CT14: 0.877 | CU14: 0.841 | CV14: 0.897 | CW14: 0.877
B15: 150 | C15: =24*B15/4095 -> 0.87912088 | D15: =MIN(F15:AO15) -> 0.868 | E15: =MAX(F15:AO15) -> 1.01 | F15: 0.914 | G15: 0.881 | H15: 0.881 | I15: 0.905 | J15: 0.868 | K15: 0.914 | L15: 0.901 | M15: 0.928 | N15: 0.896 | O15: 0.874 | P15: 0.883 | Q15: 0.916 | R15: 1.01 | S15: 0.974 | T15: 0.988 | U15: 0.939 | V15: 0.979 | W15: 0.952 | X15: 0.981 | Y15: 0.952 | Z15: 0.995 | AA15: 0.99 | AB15: 0.972 | AC15: 0.995 | AD15: 0.908 | AE15: 0.926 | AF15: 0.941 | AG15: 0.923 | AH15: 0.923 | AI15: 0.916 | AJ15: 0.885 | AK15: 0.901 | AL15: 0.917 | AM15: 0.937 | AN15: 0.925 | AO15: 0.93 | AP15: 0.896 | AQ15: 0.876 | AR15: 0.865 | AS15: 0.868 | AT15: 0.899 | AU15: 0.886 | AV15: 0.916 | AW15: 0.899 | AX15: 0.89 | AY15: 0.877 | AZ15: 0.943 | BA15: 0.919 | BB15: 0.91 | BC15: 0.93 | BD15: 0.917 | BE15: 0.926 | BF15: 0.972 | BG15: 0.956 | BH15: 0.93 | BI15: 0.963 | BJ15: 0.901 | BK15: 0.948 | BL15: 0.968 | BM15: 0.954 | BN15: 0.906 | BO15: 0.888 | BP15: 0.89 | BQ15: 0.892 | BR15: 0.881 | BS15: 0.888 | BT15: 0.906 | BU15: 0.845 | BV15: 0.905 | BW15: 0.845 | BX15: 0.881 | BY15: 0.91 | BZ15: 0.723 | CA15: 0.676 | CB15: 0.692 | CC15: 0.712 | CD15: 0.687 | CE15: 0.71 | CF15: 0.694 | CG15: 0.728 | CH15: 0.721 | CI15: 0.707 | CJ15: 0.708 | CK15: 0.71 | CL15: 0.966 | CM15: 0.932 | CN15: 0.961 | CO15: 0.966 | CP15: 0.954 | CQ15: 0.966 | CR15: 0.957 | CS15: 0.976 | CT15: 0.961 | CU15: 0.926 | CV15: 0.983 | CW15: 0.956
B16: 165 | C16: =24*B16/4095 -> 0.96703297 | D16: =MIN(F16:AO16) -> 0.954 | E16: =MAX(F16:AO16) -> 1.101 | F16: 0.999 | G16: 0.966 | H16: 0.966 | I16: 0.994 | J16: 0.954 | K16: 1.003 | L16: 0.988 | M16: 1.017 | N16: 0.983 | O16: 0.959 | P16: 0.97 | Q16: 1.003 | R16: 1.101 | S16: 1.063 | T16: 1.077 | U16: 1.025 | V16: 1.066 | W16: 1.037 | X16: 1.068 | Y16: 1.039 | Z16: 1.084 | AA16: 1.079 | AB16: 1.059 | AC16: 1.084 | AD16: 0.995 | AE16: 1.014 | AF16: 1.028 | AG16: 1.008 | AH16: 1.01 | AI16: 1.005 | AJ16: 0.97 | AK16: 0.988 | AL16: 1.006 | AM16: 1.023 | AN16: 1.014 | AO16: 1.017 | AP16: 0.981 | AQ16: 0.959 | AR16: 0.948 | AS16: 0.952 | AT16: 0.986 | AU16: 0.972 | AV16: 0.999 | AW16: 0.985 | AX16: 0.976 | AY16: 0.965 | AZ16: 1.03 | BA16: 1.006 | BB16: 0.997 | BC16: 1.019 | BD16: 1.006 | BE16: 1.014 | BF16: 1.061 | BG16: 1.045 | BH16: 1.019 | BI16: 1.054 | BJ16: 0.986 | BK16: 1.037 | BL16: 1.061 | BM16: 1.045 | BN16: 0.997 | BO16: 0.977 | BP16: 0.981 | BQ16: 0.979 | BR16: 0.97 | BS16: 0.979 | BT16: 0.997 | BU16: 0.928 | BV16: 0.994 | BW16: 0.934 | BX16: 0.97 | BY16: 1.001 | BZ16: 0.816 | CA16: 0.767 | CB16: 0.785 | CC16: 0.807 | CD16: 0.779 | CE16: 0.801 | CF16: 0.785 | CG16: 0.821 | CH16: 0.814 | CI16: 0.803 | CJ16: 0.801 | CK16: 0.803 | CL16: 1.052 | CM16: 1.017 | CN16: 1.045 | CO16: 1.054 | CP16: 1.037 | CQ16: 1.052 | CR16: 1.039 | CS16: 1.061 | CT16: 1.045 | CU16: 1.008 | CV16: 1.068 | CW16: 1.039
... B278: 4095 | C278: =24*B278/4095 -> 24 | D278: =MIN(F278:AO278) -> 23.359 | E278: =MAX(F278:AO278) -> 24.624 | F278: 24.081 | G278: 24.111 | H278: 24.304 | I278: 23.652 | J278: 24.32 | K278: 23.714 | L278: 23.812 | M278: 23.808 | N278: 23.855 | O278: 24.2 | P278: 24.073 | Q278: 23.632 | R278: 23.359 | S278: 23.481 | T278: 23.685 | U278: 23.926 | V278: 23.523 | W278: 24.015 | X278: 23.639 | Y278: 24.162 | Z278: 23.492 | AA278: 23.619 | AB278: 23.701 | AC278: 23.566 | AD278: 24.495 | AE278: 24.371 | AF278: 23.968 | AG278: 24.046 | AH278: 23.888 | AI278: 24.624 | AJ278: 24.424 | AK278: 24.075 | AL278: 23.87 | AM278: 24.124 | AN278: 23.886 | AO278: 23.846 | AP278: 24.03 | AQ278: 23.964 | AR278: 24.344 | AS278: 24.286 | AT278: 24.126 | AU278: 24.162 | AV278: 24.101 | AW278: 23.864 | AX278: 24.021 | AY278: 24.055 | AZ278: 23.588 | BA278: 24.199 | BB278: 23.899 | BC278: 23.63 | BD278: 23.872 | BE278: 23.853 | BF278: 23.35 | BG278: 23.606 | BH278: 23.744 | BI278: 23.487 | BJ278: 24.099 | BK278: 23.472 | BL278: 23.325 | BM278: 23.378 | BN278: 23.946 | BO278: 24.017 | BP278: 23.903 | BQ278: 24.175 | BR278: 24.062 | BS278: 24.064 | BT278: 23.701 | BU278: 24.711 | BV278: 23.864 | BW278: 24.437 | BX278: 24.206 | BY278: 23.79 | BZ278: 24.342 | CA278: 24.711 | CB278: 24.742 | CC278: 24.538 | CD278: 24.802 | CE278: 24.413 | CF278: 24.487 | CG278: 24.108 | CH278: 24.17 | CI278: 24.428 | CJ278: 24.404 | CK278: 24.222 | CL278: 24.057 | CM278: 24.015 | CN278: 23.915 | CO278: 24.048 | CP278: 23.848 | CQ278: 23.73 | CR278: 24.337 | CS278: 23.692 | CT278: 23.995 | CU278: 24.16 | CV278: 23.565 | CW278: 23.948

Sheet #1 ~ #8, (500, 2000), 오차
E2: ictl_l
E3: ictl_h
B4: data | C4: ideal | D4: min | E4: max | F4: io_1 | G4: io_2 | H4: io_3 | I4: io_4 | J4: io_5 | K4: io_6 | L4: io_7 | M4: io_8 | N4: io_9 | O4: io_10 | P4: io_11 | Q4: io_12 | R4: io_1 | S4: io_2 | T4: io_3 | U4: io_4 | V4: io_5 | W4: io_6 | X4: io_7 | Y4: io_8 | Z4: io_9 | AA4: io_10 | AB4: io_11 | AC4: io_12 | AD4: io_1 | AE4: io_2 | AF4: io_3 | AG4: io_4 | AH4: io_5 | AI4: io_6 | AJ4: io_7 | AK4: io_8 | AL4: io_9 | AM4: io_10 | AN4: io_11 | AO4: io_12 | AP4: io_1 | AQ4: io_2 | AR4: io_3 | AS4: io_4 | AT4: io_5 | AU4: io_6 | AV4: io_7 | AW4: io_8 | AX4: io_9 | AY4: io_10 | AZ4: io_11 | BA4: io_12 | BB4: io_1 | BC4: io_2 | BD4: io_3 | BE4: io_4 | BF4: io_5 | BG4: io_6 | BH4: io_7 | BI4: io_8 | BJ4: io_9 | BK4: io_10 | BL4: io_11 | BM4: io_12 | BN4: io_1 | BO4: io_2 | BP4: io_3 | BQ4: io_4 | BR4: io_5 | BS4: io_6 | BT4: io_7 | BU4: io_8 | BV4: io_9 | BW4: io_10 | BX4: io_11 | BY4: io_12 | BZ4: io_1 | CA4: io_2 | CB4: io_3 | CC4: io_4 | CD4: io_5 | CE4: io_6 | CF4: io_7 | CG4: io_8 | CH4: io_9 | CI4: io_10 | CJ4: io_11 | CK4: io_12 | CL4: io_1 | CM4: io_2 | CN4: io_3 | CO4: io_4 | CP4: io_5 | CQ4: io_6 | CR4: io_7 | CS4: io_8 | CT4: io_9 | CU4: io_10 | CV4: io_11 | CW4: io_12
B5: 0 | C5: =24*B5/4095 -> 0 | D5: =MIN(F5:AO5) -> #DIV/0! | E5: =MAX(F5:AO5) -> #DIV/0! | F5: =('#1 ~ #8, (500, 2000), 전류'!F5-'#1 ~ #8, (500, 2000), 전류'!$C5)/'#1 ~ #8, (500, 2000), 전류'!$C5 -> #DIV/0! | G5: =('#1 ~ #8, (500, 2000), 전류'!G5-'#1 ~ #8, (500, 2000), 전류'!$C5)/'#1 ~ #8, (500, 2000), 전류'!$C5 -> #DIV/0! | H5: =('#1 ~ #8, (500, 2000), 전류'!H5-'#1 ~ #8, (500, 2000), 전류'!$C5)/'#1 ~ #8, (500, 2000), 전류'!$C5 -> #DIV/0! | I5: =('#1 ~ #8, (500, 2000), 전류'!I5-'#1 ~ #8, (500, 2000), 전류'!$C5)/'#1 ~ #8, (500, 2000), 전류'!$C5 -> #DIV/0! | J5: =('#1 ~ #8, (500, 2000), 전류'!J5-'#1 ~ #8, (500, 2000), 전류'!$C5)/'#1 ~ #8, (500, 2000), 전류'!$C5 -> #DIV/0! | K5: =('#1 ~ #8, (500, 2000), 전류'!K5-'#1 ~ #8, (500, 2000), 전류'!$C5)/'#1 ~ #8, (500, 2000), 전류'!$C5 -> #DIV/0! | L5: =('#1 ~ #8, (500, 2000), 전류'!L5-'#1 ~ #8, (500, 2000), 전류'!$C5)/'#1 ~ #8, (500, 2000), 전류'!$C5 -> #DIV/0! | M5: =('#1 ~ #8, (500, 2000), 전류'!M5-'#1 ~ #8, (500, 2000), 전류'!$C5)/'#1 ~ #8, (500, 2000), 전류'!$C5 -> #DIV/0! | ... CW5: =('#1 ~ #8, (500, 2000), 전류'!CW5-'#1 ~ #8, (500, 2000), 전류'!$C5)/'#1 ~ #8, (500, 2000), 전류'!$C5 -> #DIV/0!
B6: 15 | C6: =24*B6/4095 -> 0.087912088 | D6: =MIN(F6:AO6) -> 0.34225 | E6: =MAX(F6:AO6) -> 1.604875 | F6: =('#1 ~ #8, (500, 2000), 전류'!F6-'#1 ~ #8, (500, 2000), 전류'!$C6)/'#1 ~ #8, (500, 2000), 전류'!$C6 -> 0.490125 | G6: =('#1 ~ #8, (500, 2000), 전류'!G6-'#1 ~ #8, (500, 2000), 전류'!$C6)/'#1 ~ #8, (500, 2000), 전류'!$C6 -> 0.4105 | H6: =('#1 ~ #8, (500, 2000), 전류'!H6-'#1 ~ #8, (500, 2000), 전류'!$C6)/'#1 ~ #8, (500, 2000), 전류'!$C6 -> 0.38775 | I6: =('#1 ~ #8, (500, 2000), 전류'!I6-'#1 ~ #8, (500, 2000), 전류'!$C6)/'#1 ~ #8, (500, 2000), 전류'!$C6 -> 0.444625 | J6: =('#1 ~ #8, (500, 2000), 전류'!J6-'#1 ~ #8, (500, 2000), 전류'!$C6)/'#1 ~ #8, (500, 2000), 전류'!$C6 -> 0.34225 | K6: =('#1 ~ #8, (500, 2000), 전류'!K6-'#1 ~ #8, (500, 2000), 전류'!$C6)/'#1 ~ #8, (500, 2000), 전류'!$C6 -> 0.421875 | L6: =('#1 ~ #8, (500, 2000), 전류'!L6-'#1 ~ #8, (500, 2000), 전류'!$C6)/'#1 ~ #8, (500, 2000), 전류'!$C6 -> 0.467375 | M6: =('#1 ~ #8, (500, 2000), 전류'!M6-'#1 ~ #8, (500, 2000), 전류'!$C6)/'#1 ~ #8, (500, 2000), 전류'!$C6 -> 0.56975 | ... CW6: =('#1 ~ #8, (500, 2000), 전류'!CW6-'#1 ~ #8, (500, 2000), 전류'!$C6)/'#1 ~ #8, (500, 2000), 전류'!$C6 -> 1.354625
B7: 30 | C7: =24*B7/4095 -> 0.17582418 | D7: =MIN(F7:AO7) -> 0.1375 | E7: =MAX(F7:AO7) -> 0.79725 | F7: =('#1 ~ #8, (500, 2000), 전류'!F7-'#1 ~ #8, (500, 2000), 전류'!$C7)/'#1 ~ #8, (500, 2000), 전류'!$C7 -> 0.25125 | G7: =('#1 ~ #8, (500, 2000), 전류'!G7-'#1 ~ #8, (500, 2000), 전류'!$C7)/'#1 ~ #8, (500, 2000), 전류'!$C7 -> 0.1659375 | H7: =('#1 ~ #8, (500, 2000), 전류'!H7-'#1 ~ #8, (500, 2000), 전류'!$C7)/'#1 ~ #8, (500, 2000), 전류'!$C7 -> 0.1545625 | I7: =('#1 ~ #8, (500, 2000), 전류'!I7-'#1 ~ #8, (500, 2000), 전류'!$C7)/'#1 ~ #8, (500, 2000), 전류'!$C7 -> 0.2114375 | J7: =('#1 ~ #8, (500, 2000), 전류'!J7-'#1 ~ #8, (500, 2000), 전류'!$C7)/'#1 ~ #8, (500, 2000), 전류'!$C7 -> 0.1375 | K7: =('#1 ~ #8, (500, 2000), 전류'!K7-'#1 ~ #8, (500, 2000), 전류'!$C7)/'#1 ~ #8, (500, 2000), 전류'!$C7 -> 0.2114375 | L7: =('#1 ~ #8, (500, 2000), 전류'!L7-'#1 ~ #8, (500, 2000), 전류'!$C7)/'#1 ~ #8, (500, 2000), 전류'!$C7 -> 0.217125 | M7: =('#1 ~ #8, (500, 2000), 전류'!M7-'#1 ~ #8, (500, 2000), 전류'!$C7)/'#1 ~ #8, (500, 2000), 전류'!$C7 -> 0.2796875 | ... CW7: =('#1 ~ #8, (500, 2000), 전류'!CW7-'#1 ~ #8, (500, 2000), 전류'!$C7)/'#1 ~ #8, (500, 2000), 전류'!$C7 -> 0.6436875
B8: 45 | C8: =24*B8/4095 -> 0.26373626 | D8: =MIN(F8:AO8) -> 0.06925 | E8: =MAX(F8:AO8) -> 0.535625 | F8: =('#1 ~ #8, (500, 2000), 전류'!F8-'#1 ~ #8, (500, 2000), 전류'!$C8)/'#1 ~ #8, (500, 2000), 전류'!$C8 -> 0.15645833 | G8: =('#1 ~ #8, (500, 2000), 전류'!G8-'#1 ~ #8, (500, 2000), 전류'!$C8)/'#1 ~ #8, (500, 2000), 전류'!$C8 -> 0.103375 | H8: =('#1 ~ #8, (500, 2000), 전류'!H8-'#1 ~ #8, (500, 2000), 전류'!$C8)/'#1 ~ #8, (500, 2000), 전류'!$C8 -> 0.088208333 | I8: =('#1 ~ #8, (500, 2000), 전류'!I8-'#1 ~ #8, (500, 2000), 전류'!$C8)/'#1 ~ #8, (500, 2000), 전류'!$C8 -> 0.12991667 | J8: =('#1 ~ #8, (500, 2000), 전류'!J8-'#1 ~ #8, (500, 2000), 전류'!$C8)/'#1 ~ #8, (500, 2000), 전류'!$C8 -> 0.06925 | K8: =('#1 ~ #8, (500, 2000), 전류'!K8-'#1 ~ #8, (500, 2000), 전류'!$C8)/'#1 ~ #8, (500, 2000), 전류'!$C8 -> 0.1375 | L8: =('#1 ~ #8, (500, 2000), 전류'!L8-'#1 ~ #8, (500, 2000), 전류'!$C8)/'#1 ~ #8, (500, 2000), 전류'!$C8 -> 0.14508333 | M8: =('#1 ~ #8, (500, 2000), 전류'!M8-'#1 ~ #8, (500, 2000), 전류'!$C8)/'#1 ~ #8, (500, 2000), 전류'!$C8 -> 0.19816667 | ... CW8: =('#1 ~ #8, (500, 2000), 전류'!CW8-'#1 ~ #8, (500, 2000), 전류'!$C8)/'#1 ~ #8, (500, 2000), 전류'!$C8 -> 0.41808333
B9: 60 | C9: =24*B9/4095 -> 0.35164835 | D9: =MIN(F9:AO9) -> 0.03796875 | E9: =MAX(F9:AO9) -> 0.399125 | F9: =('#1 ~ #8, (500, 2000), 전류'!F9-'#1 ~ #8, (500, 2000), 전류'!$C9)/'#1 ~ #8, (500, 2000), 전류'!$C9 -> 0.1204375 | G9: =('#1 ~ #8, (500, 2000), 전류'!G9-'#1 ~ #8, (500, 2000), 전류'!$C9)/'#1 ~ #8, (500, 2000), 전류'!$C9 -> 0.0635625 | H9: =('#1 ~ #8, (500, 2000), 전류'!H9-'#1 ~ #8, (500, 2000), 전류'!$C9)/'#1 ~ #8, (500, 2000), 전류'!$C9 -> 0.057875 | I9: =('#1 ~ #8, (500, 2000), 전류'!I9-'#1 ~ #8, (500, 2000), 전류'!$C9)/'#1 ~ #8, (500, 2000), 전류'!$C9 -> 0.10053125 | J9: =('#1 ~ #8, (500, 2000), 전류'!J9-'#1 ~ #8, (500, 2000), 전류'!$C9)/'#1 ~ #8, (500, 2000), 전류'!$C9 -> 0.03796875 | K9: =('#1 ~ #8, (500, 2000), 전류'!K9-'#1 ~ #8, (500, 2000), 전류'!$C9)/'#1 ~ #8, (500, 2000), 전류'!$C9 -> 0.10053125 | L9: =('#1 ~ #8, (500, 2000), 전류'!L9-'#1 ~ #8, (500, 2000), 전류'!$C9)/'#1 ~ #8, (500, 2000), 전류'!$C9 -> 0.10053125 | M9: =('#1 ~ #8, (500, 2000), 전류'!M9-'#1 ~ #8, (500, 2000), 전류'!$C9)/'#1 ~ #8, (500, 2000), 전류'!$C9 -> 0.14603125 | ... CW9: =('#1 ~ #8, (500, 2000), 전류'!CW9-'#1 ~ #8, (500, 2000), 전류'!$C9)/'#1 ~ #8, (500, 2000), 전류'!$C9 -> 0.285375
B10: 75 | C10: =24*B10/4095 -> 0.43956044 | D10: =MIN(F10:AO10) -> 0.026025 | E10: =MAX(F10:AO10) -> 0.317225 | F10: =('#1 ~ #8, (500, 2000), 전류'!F10-'#1 ~ #8, (500, 2000), 전류'!$C10)/'#1 ~ #8, (500, 2000), 전류'!$C10 -> 0.094275 | G10: =('#1 ~ #8, (500, 2000), 전류'!G10-'#1 ~ #8, (500, 2000), 전류'!$C10)/'#1 ~ #8, (500, 2000), 전류'!$C10 -> 0.04195 | H10: =('#1 ~ #8, (500, 2000), 전류'!H10-'#1 ~ #8, (500, 2000), 전류'!$C10)/'#1 ~ #8, (500, 2000), 전류'!$C10 -> 0.0374 | I10: =('#1 ~ #8, (500, 2000), 전류'!I10-'#1 ~ #8, (500, 2000), 전류'!$C10)/'#1 ~ #8, (500, 2000), 전류'!$C10 -> 0.0738 | J10: =('#1 ~ #8, (500, 2000), 전류'!J10-'#1 ~ #8, (500, 2000), 전류'!$C10)/'#1 ~ #8, (500, 2000), 전류'!$C10 -> 0.026025 | K10: =('#1 ~ #8, (500, 2000), 전류'!K10-'#1 ~ #8, (500, 2000), 전류'!$C10)/'#1 ~ #8, (500, 2000), 전류'!$C10 -> 0.0829 | L10: =('#1 ~ #8, (500, 2000), 전류'!L10-'#1 ~ #8, (500, 2000), 전류'!$C10)/'#1 ~ #8, (500, 2000), 전류'!$C10 -> 0.0738 | M10: =('#1 ~ #8, (500, 2000), 전류'!M10-'#1 ~ #8, (500, 2000), 전류'!$C10)/'#1 ~ #8, (500, 2000), 전류'!$C10 -> 0.12385 | ... CW10: =('#1 ~ #8, (500, 2000), 전류'!CW10-'#1 ~ #8, (500, 2000), 전류'!$C10)/'#1 ~ #8, (500, 2000), 전류'!$C10 -> 0.2194
B11: 90 | C11: =24*B11/4095 -> 0.52747253 | D11: =MIN(F11:AO11) -> 0.012375 | E11: =MAX(F11:AO11) -> 0.27020833 | F11: =('#1 ~ #8, (500, 2000), 전류'!F11-'#1 ~ #8, (500, 2000), 전류'!$C11)/'#1 ~ #8, (500, 2000), 전류'!$C11 -> 0.078729167 | G11: =('#1 ~ #8, (500, 2000), 전류'!G11-'#1 ~ #8, (500, 2000), 전류'!$C11)/'#1 ~ #8, (500, 2000), 전류'!$C11 -> 0.0294375 | H11: =('#1 ~ #8, (500, 2000), 전류'!H11-'#1 ~ #8, (500, 2000), 전류'!$C11)/'#1 ~ #8, (500, 2000), 전류'!$C11 -> 0.0294375 | I11: =('#1 ~ #8, (500, 2000), 전류'!I11-'#1 ~ #8, (500, 2000), 전류'!$C11)/'#1 ~ #8, (500, 2000), 전류'!$C11 -> 0.061666667 | J11: =('#1 ~ #8, (500, 2000), 전류'!J11-'#1 ~ #8, (500, 2000), 전류'!$C11)/'#1 ~ #8, (500, 2000), 전류'!$C11 -> 0.012375 | K11: =('#1 ~ #8, (500, 2000), 전류'!K11-'#1 ~ #8, (500, 2000), 전류'!$C11)/'#1 ~ #8, (500, 2000), 전류'!$C11 -> 0.071145833 | L11: =('#1 ~ #8, (500, 2000), 전류'!L11-'#1 ~ #8, (500, 2000), 전류'!$C11)/'#1 ~ #8, (500, 2000), 전류'!$C11 -> 0.057875 | M11: =('#1 ~ #8, (500, 2000), 전류'!M11-'#1 ~ #8, (500, 2000), 전류'!$C11)/'#1 ~ #8, (500, 2000), 전류'!$C11 -> 0.10147917 | ... CW11: =('#1 ~ #8, (500, 2000), 전류'!CW11-'#1 ~ #8, (500, 2000), 전류'!$C11)/'#1 ~ #8, (500, 2000), 전류'!$C11 -> 0.18489583
B12: 105 | C12: =24*B12/4095 -> 0.61538462 | D12: =MIN(F12:AO12) -> 0.00425 | E12: =MAX(F12:AO12) -> 0.23175 | F12: =('#1 ~ #8, (500, 2000), 전류'!F12-'#1 ~ #8, (500, 2000), 전류'!$C12)/'#1 ~ #8, (500, 2000), 전류'!$C12 -> 0.066 | G12: =('#1 ~ #8, (500, 2000), 전류'!G12-'#1 ~ #8, (500, 2000), 전류'!$C12)/'#1 ~ #8, (500, 2000), 전류'!$C12 -> 0.022125 | H12: =('#1 ~ #8, (500, 2000), 전류'!H12-'#1 ~ #8, (500, 2000), 전류'!$C12)/'#1 ~ #8, (500, 2000), 전류'!$C12 -> 0.018875 | I12: =('#1 ~ #8, (500, 2000), 전류'!I12-'#1 ~ #8, (500, 2000), 전류'!$C12)/'#1 ~ #8, (500, 2000), 전류'!$C12 -> 0.054625 | J12: =('#1 ~ #8, (500, 2000), 전류'!J12-'#1 ~ #8, (500, 2000), 전류'!$C12)/'#1 ~ #8, (500, 2000), 전류'!$C12 -> 0.00425 | K12: =('#1 ~ #8, (500, 2000), 전류'!K12-'#1 ~ #8, (500, 2000), 전류'!$C12)/'#1 ~ #8, (500, 2000), 전류'!$C12 -> 0.06275 | L12: =('#1 ~ #8, (500, 2000), 전류'!L12-'#1 ~ #8, (500, 2000), 전류'!$C12)/'#1 ~ #8, (500, 2000), 전류'!$C12 -> 0.051375 | M12: =('#1 ~ #8, (500, 2000), 전류'!M12-'#1 ~ #8, (500, 2000), 전류'!$C12)/'#1 ~ #8, (500, 2000), 전류'!$C12 -> 0.087125 | ... CW12: =('#1 ~ #8, (500, 2000), 전류'!CW12-'#1 ~ #8, (500, 2000), 전류'!$C12)/'#1 ~ #8, (500, 2000), 전류'!$C12 -> 0.145625
B13: 120 | C13: =24*B13/4095 -> 0.7032967 | D13: =MIN(F13:AO13) -> -0.000421875 | E13: =MAX(F13:AO13) -> 0.20148437 | F13: =('#1 ~ #8, (500, 2000), 전류'!F13-'#1 ~ #8, (500, 2000), 전류'!$C13)/'#1 ~ #8, (500, 2000), 전류'!$C13 -> 0.053609375 | G13: =('#1 ~ #8, (500, 2000), 전류'!G13-'#1 ~ #8, (500, 2000), 전류'!$C13)/'#1 ~ #8, (500, 2000), 전류'!$C13 -> 0.01521875 | H13: =('#1 ~ #8, (500, 2000), 전류'!H13-'#1 ~ #8, (500, 2000), 전류'!$C13)/'#1 ~ #8, (500, 2000), 전류'!$C13 -> 0.012375 | I13: =('#1 ~ #8, (500, 2000), 전류'!I13-'#1 ~ #8, (500, 2000), 전류'!$C13)/'#1 ~ #8, (500, 2000), 전류'!$C13 -> 0.04365625 | J13: =('#1 ~ #8, (500, 2000), 전류'!J13-'#1 ~ #8, (500, 2000), 전류'!$C13)/'#1 ~ #8, (500, 2000), 전류'!$C13 -> -0.000421875 | K13: =('#1 ~ #8, (500, 2000), 전류'!K13-'#1 ~ #8, (500, 2000), 전류'!$C13)/'#1 ~ #8, (500, 2000), 전류'!$C13 -> 0.056453125 | L13: =('#1 ~ #8, (500, 2000), 전류'!L13-'#1 ~ #8, (500, 2000), 전류'!$C13)/'#1 ~ #8, (500, 2000), 전류'!$C13 -> 0.04365625 | M13: =('#1 ~ #8, (500, 2000), 전류'!M13-'#1 ~ #8, (500, 2000), 전류'!$C13)/'#1 ~ #8, (500, 2000), 전류'!$C13 -> 0.07778125 | ... CW13: =('#1 ~ #8, (500, 2000), 전류'!CW13-'#1 ~ #8, (500, 2000), 전류'!$C13)/'#1 ~ #8, (500, 2000), 전류'!$C13 -> 0.1204375
B14: 135 | C14: =24*B14/4095 -> 0.79120879 | D14: =MIN(F14:AO14) -> -0.010375 | E14: =MAX(F14:AO14) -> 0.16909722 | F14: =('#1 ~ #8, (500, 2000), 전류'!F14-'#1 ~ #8, (500, 2000), 전류'!$C14)/'#1 ~ #8, (500, 2000), 전류'!$C14 -> 0.040180556 | G14: =('#1 ~ #8, (500, 2000), 전류'!G14-'#1 ~ #8, (500, 2000), 전류'!$C14)/'#1 ~ #8, (500, 2000), 전류'!$C14 -> 0.0035277778 | H14: =('#1 ~ #8, (500, 2000), 전류'!H14-'#1 ~ #8, (500, 2000), 전류'!$C14)/'#1 ~ #8, (500, 2000), 전류'!$C14 -> 0.0060555556 | I14: =('#1 ~ #8, (500, 2000), 전류'!I14-'#1 ~ #8, (500, 2000), 전류'!$C14)/'#1 ~ #8, (500, 2000), 전류'!$C14 -> 0.032597222 | J14: =('#1 ~ #8, (500, 2000), 전류'!J14-'#1 ~ #8, (500, 2000), 전류'!$C14)/'#1 ~ #8, (500, 2000), 전류'!$C14 -> -0.010375 | K14: =('#1 ~ #8, (500, 2000), 전류'!K14-'#1 ~ #8, (500, 2000), 전류'!$C14)/'#1 ~ #8, (500, 2000), 전류'!$C14 -> 0.042708333 | L14: =('#1 ~ #8, (500, 2000), 전류'!L14-'#1 ~ #8, (500, 2000), 전류'!$C14)/'#1 ~ #8, (500, 2000), 전류'!$C14 -> 0.028805556 | M14: =('#1 ~ #8, (500, 2000), 전류'!M14-'#1 ~ #8, (500, 2000), 전류'!$C14)/'#1 ~ #8, (500, 2000), 전류'!$C14 -> 0.060402778 | ... CW14: =('#1 ~ #8, (500, 2000), 전류'!CW14-'#1 ~ #8, (500, 2000), 전류'!$C14)/'#1 ~ #8, (500, 2000), 전류'!$C14 -> 0.10843056
B15: 150 | C15: =24*B15/4095 -> 0.87912088 | D15: =MIN(F15:AO15) -> -0.01265 | E15: =MAX(F15:AO15) -> 0.148875 | F15: =('#1 ~ #8, (500, 2000), 전류'!F15-'#1 ~ #8, (500, 2000), 전류'!$C15)/'#1 ~ #8, (500, 2000), 전류'!$C15 -> 0.039675 | G15: =('#1 ~ #8, (500, 2000), 전류'!G15-'#1 ~ #8, (500, 2000), 전류'!$C15)/'#1 ~ #8, (500, 2000), 전류'!$C15 -> 0.0021375 | H15: =('#1 ~ #8, (500, 2000), 전류'!H15-'#1 ~ #8, (500, 2000), 전류'!$C15)/'#1 ~ #8, (500, 2000), 전류'!$C15 -> 0.0021375 | I15: =('#1 ~ #8, (500, 2000), 전류'!I15-'#1 ~ #8, (500, 2000), 전류'!$C15)/'#1 ~ #8, (500, 2000), 전류'!$C15 -> 0.0294375 | J15: =('#1 ~ #8, (500, 2000), 전류'!J15-'#1 ~ #8, (500, 2000), 전류'!$C15)/'#1 ~ #8, (500, 2000), 전류'!$C15 -> -0.01265 | K15: =('#1 ~ #8, (500, 2000), 전류'!K15-'#1 ~ #8, (500, 2000), 전류'!$C15)/'#1 ~ #8, (500, 2000), 전류'!$C15 -> 0.039675 | L15: =('#1 ~ #8, (500, 2000), 전류'!L15-'#1 ~ #8, (500, 2000), 전류'!$C15)/'#1 ~ #8, (500, 2000), 전류'!$C15 -> 0.0248875 | M15: =('#1 ~ #8, (500, 2000), 전류'!M15-'#1 ~ #8, (500, 2000), 전류'!$C15)/'#1 ~ #8, (500, 2000), 전류'!$C15 -> 0.0556 | ... CW15: =('#1 ~ #8, (500, 2000), 전류'!CW15-'#1 ~ #8, (500, 2000), 전류'!$C15)/'#1 ~ #8, (500, 2000), 전류'!$C15 -> 0.08745
B16: 165 | C16: =24*B16/4095 -> 0.96703297 | D16: =MIN(F16:AO16) -> -0.013477273 | E16: =MAX(F16:AO16) -> 0.13853409 | F16: =('#1 ~ #8, (500, 2000), 전류'!F16-'#1 ~ #8, (500, 2000), 전류'!$C16)/'#1 ~ #8, (500, 2000), 전류'!$C16 -> 0.033056818 | G16: =('#1 ~ #8, (500, 2000), 전류'!G16-'#1 ~ #8, (500, 2000), 전류'!$C16)/'#1 ~ #8, (500, 2000), 전류'!$C16 -> -0.0010681818 | H16: =('#1 ~ #8, (500, 2000), 전류'!H16-'#1 ~ #8, (500, 2000), 전류'!$C16)/'#1 ~ #8, (500, 2000), 전류'!$C16 -> -0.0010681818 | I16: =('#1 ~ #8, (500, 2000), 전류'!I16-'#1 ~ #8, (500, 2000), 전류'!$C16)/'#1 ~ #8, (500, 2000), 전류'!$C16 -> 0.027886364 | J16: =('#1 ~ #8, (500, 2000), 전류'!J16-'#1 ~ #8, (500, 2000), 전류'!$C16)/'#1 ~ #8, (500, 2000), 전류'!$C16 -> -0.013477273 | K16: =('#1 ~ #8, (500, 2000), 전류'!K16-'#1 ~ #8, (500, 2000), 전류'!$C16)/'#1 ~ #8, (500, 2000), 전류'!$C16 -> 0.037193182 | L16: =('#1 ~ #8, (500, 2000), 전류'!L16-'#1 ~ #8, (500, 2000), 전류'!$C16)/'#1 ~ #8, (500, 2000), 전류'!$C16 -> 0.021681818 | M16: =('#1 ~ #8, (500, 2000), 전류'!M16-'#1 ~ #8, (500, 2000), 전류'!$C16)/'#1 ~ #8, (500, 2000), 전류'!$C16 -> 0.051670455 | ... CW16: =('#1 ~ #8, (500, 2000), 전류'!CW16-'#1 ~ #8, (500, 2000), 전류'!$C16)/'#1 ~ #8, (500, 2000), 전류'!$C16 -> 0.074420455
... B278: 4095 | C278: =24*B278/4095 -> 24 | D278: =MIN(F278:AO278) -> -0.026708333 | E278: =MAX(F278:AO278) -> 0.026 | F278: =('#1 ~ #8, (500, 2000), 전류'!F278-'#1 ~ #8, (500, 2000), 전류'!$C278)/'#1 ~ #8, (500, 2000), 전류'!$C278 -> 0.003375 | G278: =('#1 ~ #8, (500, 2000), 전류'!G278-'#1 ~ #8, (500, 2000), 전류'!$C278)/'#1 ~ #8, (500, 2000), 전류'!$C278 -> 0.004625 | H278: =('#1 ~ #8, (500, 2000), 전류'!H278-'#1 ~ #8, (500, 2000), 전류'!$C278)/'#1 ~ #8, (500, 2000), 전류'!$C278 -> 0.012666667 | I278: =('#1 ~ #8, (500, 2000), 전류'!I278-'#1 ~ #8, (500, 2000), 전류'!$C278)/'#1 ~ #8, (500, 2000), 전류'!$C278 -> -0.0145 | J278: =('#1 ~ #8, (500, 2000), 전류'!J278-'#1 ~ #8, (500, 2000), 전류'!$C278)/'#1 ~ #8, (500, 2000), 전류'!$C278 -> 0.013333333 | K278: =('#1 ~ #8, (500, 2000), 전류'!K278-'#1 ~ #8, (500, 2000), 전류'!$C278)/'#1 ~ #8, (500, 2000), 전류'!$C278 -> -0.011916667 | L278: =('#1 ~ #8, (500, 2000), 전류'!L278-'#1 ~ #8, (500, 2000), 전류'!$C278)/'#1 ~ #8, (500, 2000), 전류'!$C278 -> -0.0078333333 | M278: =('#1 ~ #8, (500, 2000), 전류'!M278-'#1 ~ #8, (500, 2000), 전류'!$C278)/'#1 ~ #8, (500, 2000), 전류'!$C278 -> -0.008 | ... CW278: =('#1 ~ #8, (500, 2000), 전류'!CW278-'#1 ~ #8, (500, 2000), 전류'!$C278)/'#1 ~ #8, (500, 2000), 전류'!$C278 -> -0.0021666667
