Workbook

Sheet spi_protocol
B2: spi protocol | C2: data format (16-bit command+16-bit data) | U2: single write : size = 1 | DH2: reset
U3: nSCS
B4: command | D4: bit15 | E4: bit14 | F4: bit13 | G4: bit12 | H4: bit11 | I4: bit10 | J4: bit9 | K4: bit8 | L4: bit7 | M4: bit6 | N4: bit5 | O4: bit4 | P4: bit3 | Q4: bit2 | R4: bit1 | S4: bit0 | Z4: 16 | AB4: 15 | AD4: 14 | AH4: 3 | AJ4: 2 | AL4: 1 | AN4: 16 | AP4: 15 | AR4: 14 | AV4: 3 | AX4: 2 | AZ4: 1 | BB4: 16 | BD4: 15 | BF4: 14 | BJ4: 3 | BL4: 2 | BN4: 1 | BP4: 16 | BR4: 15 | BT4: 14 | BX4: 3 | BZ4: 2 | CB4: 1 | CD4: 16 | CF4: 15 | CH4: 14 | CL4: 3 | CN4: 2 | CP4: 1 | CR4: 16 | CT4: 15 | CV4: 14 | CZ4: 3 | DB4: 2 | DD4: 1
D5: command code [1:0] | F5: addr [7:0] | N5: size [5:0] | U5: SCLK
B6: register read | D6: 0 | E6: 1 | F6: start address | N6: burst size
B7: register write | D7: 1 | E7: 0 | F7: start address | N7: burst size | U7: MOSI | Z7: dev#1 command | AN7: dev#1 data | BB7: dev#2 command | BP7: dev#2 data | CD7: dev#3 command | CR7: dev#3 data
B8: ld transfer | D8: 1 | E8: 1 | F8: 8'hxx | N8: line size (max 63) | BB8: 16 | BD8: 15 | BF8: 14 | BJ8: 3 | BL8: 2 | BN8: 1 | BP8: 16 | BR8: 15 | BT8: 14 | BX8: 3 | BZ8: 2 | CB8: 1 | CD8: 16 | CF8: 15 | CH8: 14 | CL8: 3 | CN8: 2 | CP8: 1 | CR8: 16 | CT8: 15 | CV8: 14 | CZ8: 3 | DB8: 2 | DD8: 1
U9: SCLKO1
B11: register data | D11: bit15 | E11: bit14 | F11: bit13 | G11: bit12 | H11: bit11 | I11: bit10 | J11: bit9 | K11: bit8 | L11: bit7 | M11: bit6 | N11: bit5 | O11: bit4 | P11: bit3 | Q11: bit2 | R11: bit1 | S11: bit0 | U11: SDO1 | BB11: dev#2 command | BP11: dev#2 data | CD11: dev#3 command | CR11: dev#3 data
D12: register data [15:0] | CD12: 16 | CF12: 15 | CH12: 14 | CL12: 3 | CN12: 2 | CP12: 1 | CR12: 16 | CT12: 15 | CV12: 14 | CZ12: 3 | DB12: 2 | DD12: 1
B13: ld data | D13: ld_width = '00' 24-bit (pam 12-bit + pwm 12-bit) | U13: SCLKO2
D14: ld_width = '01' 24-bit (pam 12-bit + pwm 12-bit)
D15: ld_width = '00' 24-bit (pam 12-bit + pwm 12-bit) | U15: SDO2 | CD15: dev#3 command | CR15: dev#3 data
D16: ld_width = '00' 16-bit
U18: burst write : size dev#1/2/3 = 1/4/2
U19: nSCS
Z20: 16 | AB20: 15 | AF20: 1 | AH20: 16 | AJ20: 15 | AN20: 1 | AP20: 16 | AR20: 15 | AV20: 1 | AX20: 16 | AZ20: 15 | BD20: 1 | BF20: 16 | BH20: 15 | BL20: 1 | BN20: 16 | BP20: 15 | BT20: 1 | BV20: 16 | BX20: 15 | CB20: 1 | CD20: 16 | CF20: 15 | CJ20: 1 | CL20: 16 | CN20: 15 | CR20: 1 | CT20: 16 | CV20: 15 | CZ20: 1
U21: SCLK
AH22: addr=0x2
U23: MOSI | Z23: dev#1 cmd | AH23: dev#1 data1 | AP23: dev#2 cmd | AX23: dev#2 data1 | BF23: dev#2 data2 | BN23: dev#2 data3 | BV23: dev#2 data4 | CD23: dev#3 cmd | CL23: dev#3 data1 | CT23: dev#3 data2
AP24: 16 | AR24: 15 | AV24: 1 | AX24: 16 | AZ24: 15 | BD24: 1 | BF24: 16 | BH24: 15 | BL24: 1 | BN24: 16 | BP24: 15 | BT24: 1 | BV24: 16 | BX24: 15 | CB24: 1 | CD24: 16 | CF24: 15 | CJ24: 1 | CL24: 16 | CN24: 15 | CR24: 1 | CT24: 16 | CV24: 15 | CZ24: 1
U25: SCLKO1
AX26: addr=0x7 | BF26: addr=0x8 | BN26: addr=0x9 | BV26: addr=0x0A
U27: SDO1 | AP27: dev#2 cmd | AX27: dev#2 data1 | BF27: dev#2 data2 | BN27: dev#2 data3 | BV27: dev#2 data4 | CD27: dev#3 cmd | CL27: dev#3 data1 | CT27: dev#3 data2
CD28: 16 | CF28: 15 | CJ28: 1 | CL28: 16 | CN28: 15 | CR28: 1 | CT28: 16 | CV28: 15 | CZ28: 1
U29: SCLKO2
CL30: addr=0x05 | CT30: addr=0x06
U31: SDO2 | CD31: dev#3 cmd | CL31: dev#3 data1 | CT31: dev#3 data2
U34: single read : size = 1
U35: nSCS
Z36: 16 | AB36: 15 | AD36: 14 | AH36: 3 | AJ36: 2 | AL36: 1 | AN36: 16 | AP36: 15 | AR36: 14 | AV36: 3 | AX36: 2 | AZ36: 1 | BB36: 16 | BD36: 15 | BF36: 14 | BJ36: 3 | BL36: 2 | BN36: 1 | BP36: 16 | BR36: 15 | BT36: 14 | BX36: 3 | BZ36: 2 | CB36: 1 | CD36: 16 | CF36: 15 | CH36: 14 | CL36: 3 | CN36: 2 | CP36: 1 | CR36: 16 | CT36: 15 | CV36: 14 | CZ36: 3 | DB36: 2 | DD36: 1
U37: SCLK
U39: MOSI | Z39: dev#1 command | AN39: don’t care | BB39: dev#2 command | BP39: don’t care | CD39: dev#3 command | CR39: don’t care
BB40: 16 | BD40: 15 | BF40: 14 | BJ40: 3 | BL40: 2 | BN40: 1 | BP40: 16 | BR40: 15 | BT40: 14 | BX40: 3 | BZ40: 2 | CB40: 1 | CD40: 16 | CF40: 15 | CH40: 14 | CL40: 3 | CN40: 2 | CP40: 1 | CR40: 16 | CT40: 15 | CV40: 14 | CZ40: 3 | DB40: 2 | DD40: 1
U41: SCLKO1
U43: SDO1 | BB43: dev#2 command | BP43: don’t care | CD43: dev#3 command | CR43: don’t care
CD44: 16 | CF44: 15 | CH44: 14 | CL44: 3 | CN44: 2 | CP44: 1 | CR44: 16 | CT44: 15 | CV44: 14 | CZ44: 3 | DB44: 2 | DD44: 1
U45: SCLKO2
U47: SDO2 | CD47: dev#3 command | CR47: don’t care
U49: MISO1 | AN49: dev#1 data
U51: MISO2 | BP51: dev#2 data
U53: MISO3 | CR53: dev#3 data
U56: burst read : size dev#1/2/3 = 1/4/2
U57: nSCS
Z58: 16 | AB58: 15 | AF58: 1 | AH58: 16 | AJ58: 15 | AN58: 1 | AP58: 16 | AR58: 15 | AV58: 1 | AX58: 16 | AZ58: 15 | BD58: 1 | BF58: 16 | BH58: 15 | BL58: 1 | BN58: 16 | BP58: 15 | BT58: 1 | BV58: 16 | BX58: 15 | CB58: 1 | CD58: 16 | CF58: 15 | CJ58: 1 | CL58: 16 | CN58: 15 | CR58: 1 | CT58: 16 | CV58: 15 | CZ58: 1
U59: SCLK
U61: MOSI | Z61: dev#3 cmd | AH61: don’t care | AP61: dev#3 cmd | AX61: don’t care | BF61: don’t care | BN61: don’t care | BV61: don’t care | CD61: dev#3 cmd | CL61: don’t care | CT61: don’t care
AP62: 16 | AR62: 15 | AV62: 1 | AX62: 16 | AZ62: 15 | BD62: 1 | BF62: 16 | BH62: 15 | BL62: 1 | BN62: 16 | BP62: 15 | BT62: 1 | BV62: 16 | BX62: 15 | CB62: 1 | CD62: 16 | CF62: 15 | CJ62: 1 | CL62: 16 | CN62: 15 | CR62: 1 | CT62: 16 | CV62: 15 | CZ62: 1
U63: SCLKO1
U65: SDO1 | AP65: dev#3 cmd | AX65: don’t care | BF65: don’t care | BN65: don’t care | BV65: don’t care | CD65: dev#3 cmd | CL65: don’t care | CT65: don’t care
CD66: 16 | CF66: 15 | CJ66: 1 | CL66: 16 | CN66: 15 | CR66: 1 | CT66: 16 | CV66: 15 | CZ66: 1
U67: SCLKO2
U69: SDO2 | CD69: dev#3 cmd | CL69: don’t care | CT69: don’t care
AH70: addr=0x2
U71: MISO1 | AH71: dev#1 data1
AY72: addr=0x7 | BG72: addr=0x8 | BO72: addr=0x9 | BW72: addr=0x0A
U73: MISO2 | AY73: dev#2 data1 | BG73: dev#2 data2 | BO73: dev#2 data3 | BW73: dev#2 data4
CM74: addr=0x05 | CU74: addr=0x06
U75: MISO3 | CM75: dev#3 data1 | CU75: dev#3 data2
U78: special write | DH78: reset
U79: nSCS
Z80: 16 | AB80: 15 | AD80: 14 | AF80: 13 | AH80: 12 | AJ80: 11 | AL80: 10 | AN80: 9 | AR80: 4 | AT80: 3 | AV80: 2 | AX80: 1 | AZ80: 16 | BB80: 15 | BD80: 14 | BF80: 13 | BH80: 12 | BJ80: 11 | BL80: 10 | BN80: 9 | BR80: 4 | BT80: 3 | BV80: 2 | BX80: 1 | BZ80: 16 | CB80: 15 | CD80: 14 | CF80: 13 | CH80: 12 | CJ80: 11 | CL80: 10 | CN80: 9 | CR80: 4 | CT80: 3 | CV80: 2 | CX80: 1
U81: SCLK
U83: MOSI | Z83: dev#1 special command | AZ83: dev#2 command | BZ83: dev#3 command
AZ84: 16 | BB84: 15 | BD84: 14 | BF84: 13 | BH84: 12 | BJ84: 11 | BL84: 10 | BN84: 9 | BR84: 4 | BT84: 3 | BV84: 2 | BX84: 1 | BZ84: 16 | CB84: 15 | CD84: 14 | CF84: 13 | CH84: 12 | CJ84: 11 | CL84: 10 | CN84: 9 | CR84: 4 | CT84: 3 | CV84: 2 | CX84: 1
U85: SCLKO1
U87: SDO1 | AZ87: dev#2 command | BZ87: dev#3 command
BZ88: 16 | CB88: 15 | CD88: 14 | CF88: 13 | CH88: 12 | CJ88: 11 | CL88: 10 | CN88: 9 | CR88: 4 | CT88: 3 | CV88: 2 | CX88: 1
U89: SCLKO2
U91: SDO2 | BZ91: dev#3 command
U96: ld burst size : n (where, n means the number of line to be transferred, n=1, 2, … , 63)
U97: ld transfer size : ch_size * (pam 12-bit + pwm 12-bit) * burst size n @ld_width=00, 01, 10
X98: ch_size * (ld 16-bit) * burst size n @ld_width=11
DH99: reset
U100: nSCS
Z101: 16 | AB101: 15 | AF101: 1 | AH101: 16 | AJ101: 15 | AN101: 1 | AP101: 16 | AS101: 16 | AU101: 15 | AY101: 1 | BA101: 16 | BC101: 15 | BG101: 1 | BI101: 16 | BK101: 15 | BO101: 1 | BQ101: 16 | BT101: 16 | BV101: 15 | BZ101: 1 | CB101: 16 | CD101: 15 | CH101: 1 | CJ101: 16 | CL101: 15 | CP101: 1 | CR101: 16 | CU101: 16 | CW101: 15 | DA101: 1
U102: SCLK
U108: MOSI | Z108: dev#1 cmd | AH108: ld1_ch1 | AS108: ld1_chx | BA108: dev#2 cmd | BI108: ld1_ch1 | BT108: ld1_chx | CB108: dev#3 cmd | CJ108: ld1_ch1 | CU108: ld1_chx | DH108: (x=1,2,…,24)
BA109: 16 | BC109: 15 | BG109: 1 | BI109: 16 | BK109: 15 | BO109: 1 | BQ109: 16 | BT109: 16 | BV109: 15 | BZ109: 1 | CB109: 16 | CD109: 15 | CH109: 1 | CJ109: 16 | CL109: 15 | CP109: 1 | CR109: 16 | CU109: 16 | CW109: 15 | DA109: 1
U110: SCLKO1
U112: SDO1 | BA112: dev#2 cmd | BI112: ld1_ch1 | BT112: ld1_chx | CB112: dev#3 cmd | CJ112: ld1_ch1 | CU112: ld1_chx
CB113: 16 | CD113: 15 | CH113: 1 | CJ113: 16 | CL113: 15 | CP113: 1 | CR113: 16 | CU113: 16 | CW113: 15 | DA113: 1
U114: SCLKO2
U116: SDO2 | CB116: dev#3 cmd | CJ116: ld1_ch1 | CU116: ld1_chx

Sheet serial_protocol
B2: serializer/de-serializer | C2: data format
B3: protocol
D4: bit21 | E4: bit20 | F4: bit19 | G4: bit18 | H4: bit17 | I4: bit16 | J4: bit15 | K4: bit14 | L4: bit13 | M4: bit12 | N4: bit11 | O4: bit10 | P4: bit9 | Q4: bit8 | R4: bit7 | S4: bit6 | T4: bit5 | U4: bit4 | V4: bit3 | W4: bit2 | X4: bit1 | Y4: bit0
B5: (serializer) | D5: start | E5: command code [2:0] | H5: addr [5:0] | N5: data [11:0]
B6: write command | D6: 1 | E6: 1 | F6: 0 | G6: 1
D7: bit9 | E7: bit8 | F7: bit7 | G7: bit6 | H7: bit5 | I7: bit4 | J7: bit3 | K7: bit2 | L7: bit1 | M7: bit0
B8: (serializer) | D8: start | E8: command code [2:0] | H8: addr [5:0]
B9: read command | D9: 1 | E9: 1 | F9: 1 | G9: 0 | AW9: (ld_width=00,01,10)
D10: bit20 | E10: bit19 | F10: bit18 | G10: bit17 | H10: bit16 | I10: bit15 | J10: bit14 | K10: bit13 | L10: bit12 | M10: bit11 | N10: bit10 | O10: bit9 | P10: bit8 | Q10: bit7 | R10: bit6 | S10: bit5 | T10: bit4 | U10: bit3 | V10: bit2 | W10: bit1 | X10: bit0 | AD10: DIO #1 | AF10: write cmd #1 | AG10: addr #1 | AH10: data #1 | AI10: write cmd #2 | AM10: addr #2 | AN10: data #2 | AR10: write cmd #n | AS10: addr #n | AT10: data #n | AW10: DIO #1 | AY10: ld cmd #1 | AZ10: pam1 #1 | BA10: pwm1 #1 | BB10: pam2 #1 | BF10: pwm8 #1 | BG10: ld cmd #2 | BH10: pam1 #2 | BI10: pwm1 #2 | BJ10: pam2 #2 | BN10: pwm8 #n | BQ10: DIO #1 | BS10: sync gen cmd #1 | BT10: sync gen cmd #2 | BX10: sync gen cmd #n | CA10: DIO #1 | CC10: fault read cmd #1 | CD10: fault read cmd #2 | CH10: fault read cmd #n | CQ10: fault read cmd | CR10: d2 | d1
B11: (de-serializer) | D11: start | E11: command code [2:0] | H11: ld [4:0] | M11: data [11:0]
B12: read receive format | D12: 1 | E12: 1 | F12: 1 | G12: 0 | AD12: DIO #2 | AI12: write cmd #2 | AM12: addr #2 | AN12: data #2 | AR12: write cmd #n | AS12: addr #n | AT12: data #n | AW12: DIO #2 | BG12: ld cmd #2 | BH12: pam1 #2 | BI12: pwm1 #2 | BJ12: pam2 #2 | BN12: pwm8 #n | BQ12: DIO #2 | BT12: sync gen cmd #2 | BX12: sync gen cmd #n | CA12: DIO #2 | CD12: fault read cmd#2 | CH12: fault read cmd #n | CP12: fault read cmd | CQ12: d3 | d2
D13: bit23 | E13: bit22 | F13: bit21 | G13: bit20 | H13: bit19 | I13: bit18 | J13: bit17 | K13: bit16 | L13: bit15 | M13: bit14 | N13: bit13 | O13: bit12 | P13: bit11 | Q13: bit10 | R13: bit9 | S13: bit8 | T13: bit7 | U13: bit6 | V13: bit5 | W13: bit4 | X13: bit3 | Y13: bit2 | Z13: bit1 | AA13: bit0
B14: (serializer) | D14: start | E14: command code [2:0] | H14: pam [9:0] | R14: pwm [9:0] | AD14: DDO #2 | AR14: write cmd #n | AS14: addr #n | AT14: data #n | AW14: DDO #2 | BN14: pwm8 #n | BQ14: DDO #2 | BX14: sync gen cmd #n | CA14: DDO #2 | CH14: fault read cmd #n | CO14: fault read cmd | CP14: d4 | d3
B15: ld transfer @ld_width='00' | D15: 1 | E15: 1 | F15: 1 | G15: 1
D16: bit24 | E16: bit23 | F16: bit22 | G16: bit21 | H16: bit20 | I16: bit19 | J16: bit18 | K16: bit17 | L16: bit16 | M16: bit15 | N16: bit14 | O16: bit13 | P16: bit12 | Q16: bit11 | R16: bit10 | S16: bit9 | T16: bit8 | U16: bit7 | V16: bit6 | W16: bit5 | X16: bit4 | Y16: bit3 | Z16: bit2 | AA16: bit1 | AB16: bit0 | AD16: DIO #n | AR16: write cmd #n | AS16: addr #n | AT16: data #n | AW16: DIO #n | BN16: pwm8 #n | BQ16: DIO #n | BX16: sync gen cmd #n | CA16: DIO #n | CH16: fault read cmd #n | CL16: fault read cmd | CM16: 4'bxxxx
B17: (serializer) | D17: start | E17: command code [2:0] | H17: pam [9:0] | R17: pwm [10:0]
B18: ld transfer @ld_width='01' | D18: 1 | E18: 1 | F18: 1 | G18: 1 | AD18: DDO #n | AW18: DDO #n | BQ18: DDO #n | CA18: DDO #n
D19: bit25 | E19: bit24 | F19: bit23 | G19: bit22 | H19: bit21 | I19: bit20 | J19: bit19 | K19: bit18 | L19: bit17 | M19: bit16 | N19: bit15 | O19: bit14 | P19: bit13 | Q19: bit12 | R19: bit11 | S19: bit10 | T19: bit9 | U19: bit8 | V19: bit7 | W19: bit6 | X19: bit5 | Y19: bit4 | Z19: bit3 | AA19: bit2 | AB19: bit1 | AC19: bit0
B20: (serializer) | D20: start | E20: command code [2:0] | H20: pam [9:0] | R20: pwm [11:0]
B21: ld transfer @ld_width='10' | D21: 1 | E21: 1 | F21: 1 | G21: 1
D22: bit19 | E22: bit18 | F22: bit17 | G22: bit16 | H22: bit15 | I22: bit14 | J22: bit13 | K22: bit12 | L22: bit11 | M22: bit10 | N22: bit9 | O22: bit8 | P22: bit7 | Q22: bit6 | R22: bit5 | S22: bit4 | T22: bit3 | U22: bit2 | V22: bit1 | W22: bit0
B23: (serializer) | D23: start | E23: command code [2:0] | H23: ld [15:0] | AW23: (ld_width=11)
B24: ld transfer @ld_width='11' | D24: 1 | E24: 1 | F24: 1 | G24: 1 | AD24: DIO #1 | AF24: read_in cmd #1 | AH24: addr #1 | AI24: read_in cmd #2 | AM24: addr #2 | AR24: read_in cmd #n | AS24: addr #n | AW24: DIO #1 | AY24: ld cmd #1 | AZ24: ld1(16-b)#1 | BA24: ld2(16-b)#1 | BB24: ld3(16-b)#1 | BF24: ld3(16-b)#1 | BG24: ld cmd #2 | BH24: ld1(16-b)#1 | BI24: ld2(16-b)#1 | BJ24: ld3(16-b)#1 | BN24: ld8(16-b)#1
D25: bit8 | E25: bit7 | F25: bit6 | G25: bit5
B26: (serializer) | D26: start | E26: command code [2:0] | AD26: DIO #2 | AI26: read_in cmd #2 | AM26: addr #2 | AR26: read_in cmd #n | AS26: addr #n | AW26: DIO #2 | BG26: ld cmd #2 | BH26: ld1(16-b)#1 | BI26: ld2(16-b)#1 | BJ26: ld3(16-b)#1 | BN26: ld8(16-b)#1
B27: fault (auto) read command | D27: 1 | E27: 0 | F27: 1 | G27: 0
D28: bit7 | E28: bit6 | F28: bit5 | G28: bit4 | H28: bit3 | I28: bit2 | J28: bit1 | K28: bit0 | AD28: DDO #2 | AR28: read_in cmd #n | AS28: addr #n | AW28: DDO #2 | BN28: ld8(16-b)#1
B29: (de-serializer) | D29: start | E29: command code [2:0] | H29: thermal | I29: short | J29: open | K29: fb
B30: fault (auto) receive format | D30: 1 | E30: 0 | F30: 1 | G30: 0 | AD30: DIO #n | AR30: read_in cmd #n | AS30: addr #n | AW30: DIO #n | BN30: ld8(16-b)#1
D31: bit4 | E31: bit3 | F31: bit2 | G31: bit1
B32: (serializer) | D32: start | E32: command code [2:0] | AD32: DDO #n | AW32: DDO #n
B33: sync (auto) gen | D33: 1 | E33: 0 | F33: 0 | G33: 1
D34: bit4 | E34: bit3 | F34: bit2 | G34: bit1
B35: (serializer) | D35: start | E35: command code [2:0]
B36: id gen | D36: 1 | E36: 0 | F36: 0 | G36: 0
AD38: DDO #n
B39: PROTOCOL | D39: frame format
AD40: DIO #n | AF40: read_out cmd #n | AG40: id #n | AH40: data #n
B41: write command | D41: bit21 | E41: bit20 | F41: bit19 | G41: bit18 | H41: bit17 | I41: bit16 | J41: bit15 | K41: bit14 | L41: bit13 | M41: bit12 | N41: bit11 | O41: bit10 | P41: bit9 | Q41: bit8 | R41: bit7 | S41: bit6 | T41: bit5 | U41: bit4 | V41: bit3 | W41: bit2 | X41: bit1 | Y41: bit0
B42: 1101 | D42: start | E42: cmd code [2:0] | H42: addr [5:0] | N42: data [11:0] | AD42: DIO #n-1 | AF42: read_out cmd #n | AG42: id #n | AH42: data #n
B44: read command | D44: bit9 | E44: bit8 | F44: bit7 | G44: bit6 | H44: bit5 | I44: bit4 | J44: bit3 | K44: bit2 | L44: bit1 | M44: bit0 | AD44: DIO #2 | AF44: read_out cmd #n | AG44: id #n | AH44: data #n | AL44: read_out cmd #2 | AM44: id #2 | AN44: data #2
B45: 1110 | D45: start | E45: cmd code [2:0] | H45: addr [5:0]
AD46: DIO #1 | AF46: read_out cmd #n | AG46: id #n | AH46: data #n | AL46: read_out cmd #2 | AM46: id #2 | AN46: data #2 | AO46: read_out cmd #1 | AS46: id #1 | AT46: data #1
B47: readout response | D47: bit20 | E47: bit19 | F47: bit18 | G47: bit17 | H47: bit16 | I47: bit15 | J47: bit14 | K47: bit13 | L47: bit12 | M47: bit11 | N47: bit10 | O47: bit9 | P47: bit8 | Q47: bit7 | R47: bit6 | S47: bit5 | T47: bit4 | U47: bit3 | V47: bit2 | W47: bit1 | X47: bit0
B48: 1110 | D48: start | E48: cmd code [2:0] | H48: ld [4:0] | M48: data [11:0]
B50: ld transmit | D50: bit19 | E50: bit18 | F50: bit17 | G50: bit16 | H50: bit15 | I50: bit14 | J50: bit13 | K50: bit12 | L50: bit11 | M50: bit10 | N50: bit9 | O50: bit8 | P50: bit7 | Q50: bit6 | R50: bit5 | S50: bit4 | T50: bit3 | U50: bit2 | V50: bit1 | W50: bit0
B51: 1111 | D51: start | E51: cmd code [2:0] | H51: ld [15:0]
B53: fault read command | D53: bit8 | E53: bit7 | F53: bit6 | G53: bit5
B54: 1010 | D54: start | E54: cmd code [2:0]
B56: fault readout response | D56: bit7 | E56: bit6 | F56: bit5 | G56: bit4 | H56: bit3 | I56: bit2 | J56: bit1 | K56: bit0
B57: 1010 | D57: start | E57: cmd code [2:0] | H57: thermal | I57: short | J57: open | K57: fb
B59: sync gen command | D59: bit4 | E59: bit3 | F59: bit2 | G59: bit1
B60: 1001 | D60: start | E60: cmd code [2:0]
B62: id gen | D62: bit4 | E62: bit3 | F62: bit2 | G62: bit1
B63: 1000 | D63: start | E63: cmd code [2:0]

Sheet ld_transfer_thruput
G2: total line | H2: # | I2: 1 | J2: 2 | K2: 3 | L2: 4 | M2: 5 | N2: 6 | O2: 7 | P2: 8 | Q2: 9 | R2: 10 | S2: 11 | T2: 12 | U2: 13 | V2: 14 | W2: 15 | X2: 16 | Y2: 17 | Z2: 18 | AA2: 19 | AB2: 20 | AC2: 21 | AD2: 22 | AE2: 23 | AF2: 24 | AG2: 25 | AH2: 26 | AI2: 27 | AJ2: 28 | AK2: 29 | AL2: 30 | AM2: 31 | AN2: 32 | AO2: 33 | AP2: 34 | AQ2: 35 | AR2: 36 | AS2: 37 | AT2: 38 | AU2: 39 | AV2: 40 | AW2: 41 | AX2: 42 | AY2: 43 | AZ2: 44 | BA2: 45 | BB2: 46 | BC2: 47 | BD2: 48 | BE2: 49 | BF2: 50 | BG2: 51 | BH2: 52 | BI2: 53 | BJ2: 54 | BK2: 55 | BL2: 56 | BM2: 57 | BN2: 58 | BO2: 59 | BP2: 60 | BQ2: 61 | BR2: 62 | BS2: 63 | BT2: 64 | BU2: 65 | BV2: 66 | BW2: 67 | BX2: 68 | BY2: 69 | BZ2: 70 | CA2: 71 | CB2: 72 | CC2: 73 | CD2: 74 | CE2: 75 | CF2: 76 | CG2: 77 | CH2: 78 | CI2: 79 | CJ2: 80 | CK2: 81 | CL2: 82 | CM2: 83 | CN2: 84 | CO2: 85 | CP2: 86 | CQ2: 87 | CR2: 88 | CS2: 89 | CT2: 90 | CU2: 91 | CV2: 92 | CW2: 93 | CX2: 94 | CY2: 95 | CZ2: 96 | DA2: 97 | DB2: 98 | DC2: 99 | DD2: 100 | DE2: 101 | DF2: 102 | DG2: 103 | DH2: 104 | DI2: 105 | DJ2: 106 | DK2: 107 | DL2: 108 | DM2: 109 | DN2: 110 | DO2: 111 | DP2: 112 | DQ2: 113 | DR2: 114 | DS2: 115 | DT2: 116 | DU2: 117 | DV2: 118 | DW2: 119 | DX2: 120 | DY2: 121 | DZ2: 122 | EA2: 123 | EB2: 124 | EC2: 125 | ED2: 126 | EE2: 127 | EF2: 128 | EG2: 129 | EH2: 130 | EI2: 131 | EJ2: 132 | EK2: 133 | EL2: 134 | EM2: 135 | EN2: 136 | EO2: 137 | EP2: 138 | EQ2: 139 | ER2: 140 | ES2: 141 | ET2: 142 | EU2: 143 | EV2: 144 | EW2: 145 | EX2: 146 | EY2: 147 | EZ2: 148 | FA2: 149 | FB2: 150 | FC2: 151 | FD2: 152 | FE2: 153 | FF2: 154 | FG2: 155 | FH2: 156 | FI2: 157 | FJ2: 158 | FK2: 159 | FL2: 160 | FM2: 161 | FN2: 162 | FO2: 163 | FP2: 164 | FQ2: 165 | FR2: 166 | FS2: 167 | FT2: 168 | FU2: 169 | FV2: 170 | FW2: 171 | FX2: 172 | FY2: 173 | FZ2: 174 | GA2: 175 | GB2: 176 | GC2: 177 | GD2: 178 | GE2: 179 | GF2: 180 | GG2: 181 | GH2: 182 | GI2: 183 | GJ2: 184 | GK2: 185 | GL2: 186 | GM2: 187 | GN2: 188 | GO2: 189 | GP2: 190 | GQ2: 191 | GR2: 192 | GS2: 193 | GT2: 194 | GU2: 195 | GV2: 196 | GW2: 197 | GX2: 198 | GY2: 199 | GZ2: 200 | HA2: 201 | HB2: 202 | HC2: 203 | HD2: 204 | HE2: 205 | HF2: 206 | HG2: 207 | HH2: 208 | HI2: 209 | HJ2: 210 | HK2: 211 | HL2: 212 | HM2: 213 | HN2: 214 | HO2: 215 | HP2: 216 | HQ2: 217 | HR2: 218 | HS2: 219 | HT2: 220 | HU2: 221 | HV2: 222 | HW2: 223 | HX2: 224 | HY2: 225 | HZ2: 226 | IA2: 227 | IB2: 228 | IC2: 229 | ID2: 230 | IE2: 231 | IF2: 232 | IG2: 233 | IH2: 234 | II2: 235 | IJ2: 236 | IK2: 237 | IL2: 238 | IM2: 239 | IN2: 240 | IO2: 241 | IP2: 242 | IQ2: 243 | IR2: 244 | IS2: 245 | IT2: 246 | IU2: 247 | IV2: 248
B3: spi frequency | C3: 18 | D3: mhz | F3: spi thruput | G3: line | H3: # | I3: 1 | J3: 2 | K3: 3 | L3: 4 | M3: 5 | N3: 6 | O3: 7 | P3: 8 | Q3: 9 | R3: 10 | S3: 11 | T3: 12 | U3: 13 | V3: 14 | W3: 15 | X3: 16 | AQ3: 11 | AR3: 12 | AS3: 13 | AT3: 14 | AU3: 15 | AV3: 16 | AW3: 17 | AX3: 18 | AY3: 19 | AZ3: 20 | BA3: 21 | BB3: 22 | BC3: 23 | BD3: 24 | BE3: 1 | BF3: 2 | BG3: 3 | BH3: 4 | BI3: 5 | BJ3: 6 | BK3: 7 | BL3: 8 | BM3: 9 | BN3: 10 | BO3: 11 | BP3: 12 | BQ3: 13 | BR3: 14 | BS3: 15 | BT3: 16 | BU3: 17 | BV3: 18 | BW3: 19 | BX3: 20 | BY3: 21 | BZ3: 22 | CA3: 23 | CB3: 24 | CC3: 25 | CD3: 26 | CE3: 27 | CF3: 28 | CG3: 29 | CH3: 30 | CI3: 31 | CJ3: 32 | CK3: 33 | CL3: 34 | CM3: 35 | CN3: 36 | CO3: 37 | CP3: 38 | CQ3: 39 | CR3: 40 | CS3: 41 | CT3: 42 | CU3: 43 | CV3: 44 | CW3: 45 | CX3: 46 | CY3: 47 | CZ3: 48 | DA3: 49 | DB3: 50 | DC3: 51 | DD3: 52 | DE3: 53 | DF3: 54 | DG3: 55 | DH3: 56 | DI3: 57 | DJ3: 58 | DK3: 59 | DL3: 60 | DM3: 61 | DN3: 62 | DO3: 63 | DP3: 64 | DQ3: 65 | DR3: 66 | DS3: 67 | DT3: 68 | DU3: 69 | DV3: 70 | DW3: 71 | DX3: 72 | DY3: 73 | DZ3: 74 | EA3: 75 | EB3: 76 | EC3: 77 | ED3: 78 | EE3: 79 | EF3: 80 | EG3: 81 | EH3: 82 | EI3: 83 | EJ3: 84 | EK3: 85 | EL3: 86 | EM3: 87 | EN3: 88 | EO3: 89 | EP3: 90 | EQ3: 91 | ER3: 92 | ES3: 93 | ET3: 94 | EU3: 95 | EV3: 96 | EW3: 97 | EX3: 98 | EY3: 99 | EZ3: 100 | FA3: 101 | FB3: 102 | FC3: 103 | FD3: 104 | FE3: 105 | FF3: 106 | FG3: 107 | FH3: 108 | FI3: 109 | FJ3: 110 | FK3: 111 | FL3: 112 | FM3: 113 | FN3: 114 | FO3: 115 | FP3: 116 | FQ3: 117 | FR3: 118 | FS3: 119 | FT3: 120 | FU3: 121 | FV3: 122 | FW3: 123 | FX3: 124 | FY3: 125 | FZ3: 126 | GA3: 127 | GB3: 128 | GC3: 129 | GD3: 130 | GE3: 131 | GF3: 132 | GG3: 133 | GH3: 134 | GI3: 135 | GJ3: 136 | GK3: 137 | GL3: 138 | GM3: 139 | GN3: 140 | GO3: 141 | GP3: 142 | GQ3: 143 | GR3: 144 | GS3: 145 | GT3: 146 | GU3: 147 | GV3: 148 | GW3: 149 | GX3: 150 | GY3: 151 | GZ3: 152 | HA3: 153 | HB3: 154 | HC3: 155 | HD3: 156 | HE3: 157 | HF3: 158 | HG3: 159 | HH3: 160 | HI3: 161 | HJ3: 162 | HK3: 163 | HL3: 164 | HM3: 165 | HN3: 166 | HO3: 167 | HP3: 168 | HQ3: 169 | HR3: 170 | HS3: 171 | HT3: 172 | HU3: 173 | HV3: 174 | HW3: 175 | HX3: 176 | HY3: 177 | HZ3: 178 | IA3: 179 | IB3: 180 | IC3: 181 | ID3: 182 | IE3: 183 | IF3: 184 | IG3: 185 | IH3: 186 | II3: 187 | IJ3: 188 | IK3: 189 | IL3: 190 | IM3: 191 | IN3: 192 | IO3: 193 | IP3: 194 | IQ3: 195 | IR3: 196 | IS3: 197 | IT3: 198 | IU3: 199 | IV3: 200 | IW3: 201 | IX3: 202 | IY3: 203 | IZ3: 204 | JA3: 205 | JB3: 206 | JC3: 207 | JD3: 208 | JE3: 209 | JF3: 210 | JG3: 211 | JH3: 212 | JI3: 213 | JJ3: 214 | JK3: 215 | JL3: 216 | JM3: 217 | JN3: 218 | JO3: 219 | JP3: 220 | JQ3: 221 | JR3: 222 | JS3: 223 | JT3: 224 | JU3: 225
B4: spi ld/blk | C4: 16 | D4: bit | F4: (burst size=24) | G4: transmit | H4: us | I4: =$C$5 + (16+$C$4*$C$7*(I3)) * (1/$C$3) -> 3.0777778 | J4: =I4 + ($C$4*$C$7*(J3-I3))*(1/$C$3) -> 3.9666667 | K4: =J4 + ($C$4*$C$7*(K3-J3))*(1/$C$3) -> 4.8555556 | L4: =K4 + ($C$4*$C$7*(L3-K3))*(1/$C$3) -> 5.7444444 | M4: =L4 + ($C$4*$C$7*(M3-L3))*(1/$C$3) -> 6.6333333 | N4: =M4 + ($C$4*$C$7*(N3-M3))*(1/$C$3) -> 7.5222222 | O4: =N4 + ($C$4*$C$7*(O3-N3))*(1/$C$3) -> 8.4111111 | P4: =O4 + ($C$4*$C$7*(P3-O3))*(1/$C$3) -> 9.3 | Q4: =P4 + ($C$4*$C$7*(Q3-P3))*(1/$C$3) -> 10.188889 | ... X4: =W4 + ($C$4*$C$7*(X3-W3))*(1/$C$3) -> 16.411111 | AQ4: =AP4 + ($C$4*$C$7*(AQ3-AP3))*(1/$C$3) -> 9.7777778 | AR4: =AQ4 + ($C$4*$C$7*(AR3-AQ3))*(1/$C$3) -> 10.666667 | AS4: =AR4 + ($C$4*$C$7*(AS3-AR3))*(1/$C$3) -> 11.555556 | AT4: =AS4 + ($C$4*$C$7*(AT3-AS3))*(1/$C$3) -> 12.444444 | AU4: =AT4 + ($C$4*$C$7*(AU3-AT3))*(1/$C$3) -> 13.333333 | AV4: =AU4 + ($C$4*$C$7*(AV3-AU3))*(1/$C$3) -> 14.222222 | AW4: =AV4 + ($C$4*$C$7*(AW3-AV3))*(1/$C$3) -> 15.111111 | AX4: =AW4 + ($C$4*$C$7*(AX3-AW3))*(1/$C$3) -> 16 | ... BD4: =BC4 + ($C$4*$C$7*(BD3-BC3))*(1/$C$3) -> 21.333333 | BE4: =BD4 + (C5+C6) + (16+$C$4*$C$7*(BE3))*(1/$C$3) -> 107.41111 | BF4: =BE4 + ($C$4*$C$7*(BF3-BE3))*(1/$C$3) -> 108.3 | BG4: =BF4 + ($C$4*$C$7*(BG3-BF3))*(1/$C$3) -> 109.18889 | BH4: =BG4 + ($C$4*$C$7*(BH3-BG3))*(1/$C$3) -> 110.07778 | BI4: =BH4 + ($C$4*$C$7*(BI3-BH3))*(1/$C$3) -> 110.96667 | BJ4: =BI4 + ($C$4*$C$7*(BJ3-BI3))*(1/$C$3) -> 111.85556 | BK4: =BJ4 + ($C$4*$C$7*(BK3-BJ3))*(1/$C$3) -> 112.74444 | BL4: =BK4 + ($C$4*$C$7*(BL3-BK3))*(1/$C$3) -> 113.63333 | BM4: =BL4 + ($C$4*$C$7*(BM3-BL3))*(1/$C$3) -> 114.52222 | ... JU4: =JT4 + ($C$4*$C$7*(JU3-JT3))*(1/$C$3) -> 306.52222
B5: spi latency1 | C5: =1.3 -> 1.3 | D5: us | F5: ld serializing thruput | G5: block | H5: # | J5: 1 | K5: 2 | L5: 3 | M5: 4 | N5: 5 | O5: 6 | P5: 7 | Q5: 8 | R5: 9 | S5: 10 | T5: 11 | U5: 12 | V5: 13 | W5: 14 | X5: 15 | Y5: 16 | AW5: 33 | AX5: 34 | AY5: 35 | AZ5: 36 | BA5: 37 | BB5: 38 | BC5: 39 | BD5: 40 | BE5: 41 | BF5: 42 | BG5: 43 | BH5: 44 | BI5: 45 | BJ5: 46 | BK5: 47 | BL5: 48 | BM5: 49 | BN5: 50 | BO5: 51 | BP5: 52 | BQ5: 53 | BR5: 54 | BS5: 55 | BT5: 56 | BU5: 57 | BV5: 58 | BW5: 59 | BX5: 60 | BY5: 61 | BZ5: 62 | CA5: 63 | CB5: 64 | CC5: 65 | CD5: 66 | CE5: 67 | CF5: 68 | CG5: 69 | CH5: 70 | CI5: 71 | CJ5: 72 | CK5: 73 | CL5: 74 | CM5: 75 | CN5: 76 | CO5: 77 | CP5: 78 | CQ5: 79 | CR5: 80 | CS5: 81 | CT5: 82 | CU5: 83 | CV5: 84 | CW5: 85 | CX5: 86 | CY5: 87 | CZ5: 88 | DA5: 89 | DB5: 90 | DC5: 91 | DD5: 92 | DE5: 93 | DF5: 94 | DG5: 95 | DH5: 96 | DI5: 97 | DJ5: 98 | DK5: 99 | DL5: 100 | DM5: 101 | DN5: 102 | DO5: 103 | DP5: 104 | DQ5: 105 | DR5: 106 | DS5: 107 | DT5: 108 | DU5: 109 | DV5: 110 | DW5: 111 | DX5: 112 | DY5: 113 | DZ5: 114 | EA5: 115 | EB5: 116 | EC5: 117 | ED5: 118 | EE5: 119 | EF5: 120 | EG5: 121 | EH5: 122 | EI5: 123 | EJ5: 124 | EK5: 125 | EL5: 126 | EM5: 127 | EN5: 128 | EO5: 129 | EP5: 130 | EQ5: 131 | ER5: 132 | ES5: 133 | ET5: 134 | EU5: 135 | EV5: 136 | EW5: 137 | EX5: 138 | EY5: 139 | EZ5: 140 | FA5: 141 | FB5: 142 | FC5: 143 | FD5: 144 | FE5: 145 | FF5: 146 | FG5: 147 | FH5: 148 | FI5: 149 | FJ5: 150 | FK5: 151 | FL5: 152 | FM5: 153 | FN5: 154 | FO5: 155 | FP5: 156 | FQ5: 157 | FR5: 158 | FS5: 159 | FT5: 160 | FU5: 161 | FV5: 162 | FW5: 163 | FX5: 164 | FY5: 165 | FZ5: 166 | GA5: 167 | GB5: 168 | GC5: 169 | GD5: 170 | GE5: 171 | GF5: 172 | GG5: 173 | GH5: 174 | GI5: 175 | GJ5: 176 | GK5: 177 | GL5: 178 | GM5: 179 | GN5: 180 | GO5: 181 | GP5: 182 | GQ5: 183 | GR5: 184 | GS5: 185 | GT5: 186 | GU5: 187 | GV5: 188 | GW5: 189 | GX5: 190 | GY5: 191 | GZ5: 192 | HA5: 193 | HB5: 194 | HC5: 195 | HD5: 196 | HE5: 197 | HF5: 198 | HG5: 199 | HH5: 200 | HI5: 201 | HJ5: 202 | HK5: 203 | HL5: 204 | HM5: 205 | HN5: 206 | HO5: 207 | HP5: 208 | HQ5: 209 | HR5: 210 | HS5: 211 | HT5: 212 | HU5: 213 | HV5: 214 | HW5: 215 | HX5: 216 | HY5: 217 | HZ5: 218 | IA5: 219 | IB5: 220 | IC5: 221 | ID5: 222 | IE5: 223 | IF5: 224 | IG5: 225 | IH5: 226 | II5: 227 | IJ5: 228 | IK5: 229 | IL5: 230 | IM5: 231 | IN5: 232 | IO5: 233 | IP5: 234 | IQ5: 235 | IR5: 236 | IS5: 237 | IT5: 238 | IU5: 239 | IV5: 240 | IW5: 241 | IX5: 242 | IY5: 243 | IZ5: 244 | JA5: 245 | JB5: 246 | JC5: 247 | JD5: 248 | JE5: 249 | JF5: 250 | JG5: 251 | JH5: 252 | JI5: 253 | JJ5: 254 | JK5: 255 | JL5: 256 | JM5: 257 | JN5: 258 | JO5: 259 | JP5: 260 | JQ5: 261 | JR5: 262 | JS5: 263 | JT5: 264 | JU5: 265
B6: spi latency2 | C6: =1.7+80+C5 -> 83 | D6: us | G6: transmit | H6: us | J6: =$L$4 + (4*ROUNDUP(J5/$C$8,0)+($C$4)*J5) /$C$9 -> 15.744444 | K6: =$L$4 + (4*ROUNDUP(K5/$C$8,0)+($C$4)*K5) /$C$9 -> 23.744444 | L6: =$L$4 + (4*ROUNDUP(L5/$C$8,0)+($C$4)*L5) /$C$9 -> 31.744444 | M6: =$L$4 + (4*ROUNDUP(M5/$C$8,0)+($C$4)*M5) /$C$9 -> 39.744444 | N6: =$L$4 + (4*ROUNDUP(N5/$C$8,0)+($C$4)*N5) /$C$9 -> 47.744444 | O6: =$L$4 + (4*ROUNDUP(O5/$C$8,0)+($C$4)*O5) /$C$9 -> 55.744444 | P6: =$L$4 + (4*ROUNDUP(P5/$C$8,0)+($C$4)*P5) /$C$9 -> 63.744444 | Q6: =$L$4 + (4*ROUNDUP(Q5/$C$8,0)+($C$4)*Q5) /$C$9 -> 71.744444 | ... Y6: =$L$4 + (4*ROUNDUP(Y5/$C$8,0)+($C$4)*Y5) /$C$9 -> 137.74444 | AW6: =$P$4 + (4*ROUNDUP(AW5/$C$8,0)+($C$4)*AW5) /$C$9 -> 283.3 | AX6: =$P$4 + (4*ROUNDUP(AX5/$C$8,0)+($C$4)*AX5) /$C$9 -> 291.3 | AY6: =$P$4 + (4*ROUNDUP(AY5/$C$8,0)+($C$4)*AY5) /$C$9 -> 299.3 | AZ6: =$P$4 + (4*ROUNDUP(AZ5/$C$8,0)+($C$4)*AZ5) /$C$9 -> 307.3 | BA6: =$P$4 + (4*ROUNDUP(BA5/$C$8,0)+($C$4)*BA5) /$C$9 -> 315.3 | BB6: =$P$4 + (4*ROUNDUP(BB5/$C$8,0)+($C$4)*BB5) /$C$9 -> 323.3 | BC6: =$P$4 + (4*ROUNDUP(BC5/$C$8,0)+($C$4)*BC5) /$C$9 -> 331.3 | BD6: =$P$4 + (4*ROUNDUP(BD5/$C$8,0)+($C$4)*BD5) /$C$9 -> 339.3 | ... JU6: =$P$4 + (4*ROUNDUP(JU5/$C$8,0)+($C$4)*JU5) /$C$9 -> 2197.3
B7: xc_ld_size | C7: 1 | D7: ea | F7: ld_transfer_start_point | G7: 1 | H7: ea
B8: xc_dev_ch_size | C8: 8 | D8: ea | F8: margin | G8: room t | H8: us | J8: =J6-I4 -> 12.666667 | K8: =K6-J4 -> 19.777778 | L8: =L6-K4 -> 26.888889 | M8: =M6-L4 -> 34 | N8: =N6-M4 -> 41.111111 | O8: =O6-N4 -> 48.222222 | P8: =P6-O4 -> 55.333333 | Q8: =Q6-P4 -> 62.444444 | ... Y8: =Y6-X4 -> 121.33333 | Z8: =#REF!-Y4 -> #REF! | AA8: =#REF!-Z4 -> #REF! | AB8: =#REF!-AA4 -> #REF! | AC8: =#REF!-AB4 -> #REF! | AD8: =#REF!-AC4 -> #REF! | AE8: =#REF!-AD4 -> #REF! | AF8: =#REF!-AE4 -> #REF! | AG8: =#REF!-AF4 -> #REF! | AH8: =AK6-AG4 -> 0 | AI8: =AL6-AH4 -> 0 | AJ8: =AM6-AI4 -> 0 | AK8: =AN6-AJ4 -> 0 | AL8: =AO6-AK4 -> 0 | AM8: =AP6-AL4 -> 0 | AN8: =AQ6-AM4 -> 0 | AO8: =AR6-AN4 -> 0 | AW8: =AW6-AO4 -> 283.3 | AX8: =AX6-AP4 -> 291.3 | AY8: =AY6-AQ4 -> 289.52222 | AZ8: =AZ6-AR4 -> 296.63333 | BA8: =BA6-AS4 -> 303.74444 | BB8: =BB6-AT4 -> 310.85556 | BC8: =BC6-AU4 -> 317.96667 | BD8: =BD6-AV4 -> 325.07778 | ... JU8: =JU6-JM4 -> 1897.8889
B9: xc baudrate | C9: 2 | D9: mbps | G9: room blk# | H9: ea | J9: =J8 / ( (16+$C$4*$C$7)*(1/$C$3) + $C$5 ) -> 4.1155235 | K9: =K8 / ( (16+$C$4*$C$7)*(1/$C$3) + $C$5 ) -> 6.4259928 | L9: =L8 / ( (16+$C$4*$C$7)*(1/$C$3) + $C$5 ) -> 8.7364621 | M9: =M8 / ( (16+$C$4*$C$7)*(1/$C$3) + $C$5 ) -> 11.046931 | N9: =N8 / ( (16+$C$4*$C$7)*(1/$C$3) + $C$5 ) -> 13.357401 | O9: =O8 / ( (16+$C$4*$C$7)*(1/$C$3) + $C$5 ) -> 15.66787 | P9: =P8 / ( (16+$C$4*$C$7)*(1/$C$3) + $C$5 ) -> 17.978339 | Q9: =Q8 / ( (16+$C$4*$C$7)*(1/$C$3) + $C$5 ) -> 20.288809 | ... AO9: =AO8 / ( (16+$C$4*$C$7)*(1/$C$3) + $C$5 ) -> 0 | AW9: =AW8 / ( (16+$C$4*$C$7)*(1/$C$3) + $C$5 ) -> 92.046931 | AX9: =AX8 / ( (16+$C$4*$C$7)*(1/$C$3) + $C$5 ) -> 94.646209 | AY9: =AY8 / ( (16+$C$4*$C$7)*(1/$C$3) + $C$5 ) -> 94.068592 | AZ9: =AZ8 / ( (16+$C$4*$C$7)*(1/$C$3) + $C$5 ) -> 96.379061 | BA9: =BA8 / ( (16+$C$4*$C$7)*(1/$C$3) + $C$5 ) -> 98.689531 | BB9: =BB8 / ( (16+$C$4*$C$7)*(1/$C$3) + $C$5 ) -> 101 | BC9: =BC8 / ( (16+$C$4*$C$7)*(1/$C$3) + $C$5 ) -> 103.31047 | BD9: =BD8 / ( (16+$C$4*$C$7)*(1/$C$3) + $C$5 ) -> 105.62094 | ... JU9: =JU8 / ( (16+$C$4*$C$7)*(1/$C$3) + $C$5 ) -> 616.6426
G12: total line | H12: # | I12: 1 | J12: 2 | K12: 3 | L12: 4 | M12: 5 | N12: 6 | O12: 7 | P12: 8 | Q12: 9 | R12: 10 | S12: 11 | T12: 12 | U12: 13 | V12: 14 | W12: 15 | X12: 16 | Y12: 17 | Z12: 18 | AA12: 19 | AB12: 20 | AC12: 21 | AD12: 22 | AE12: 23 | AF12: 24 | AG12: 25 | AH12: 26 | AI12: 27 | AJ12: 28 | AK12: 29 | AL12: 30 | AM12: 31 | AN12: 32 | AO12: 33 | AP12: 34 | AQ12: 35 | AR12: 36 | AS12: 37 | AT12: 38 | AU12: 39 | AV12: 40 | AW12: 41 | AX12: 42 | AY12: 43 | AZ12: 44 | BA12: 45 | BB12: 46 | BC12: 47 | BD12: 48 | BE12: 49 | BF12: 50 | BG12: 51 | BH12: 52 | BI12: 53 | BJ12: 54 | BK12: 55 | BL12: 56 | BM12: 57 | BN12: 58 | BO12: 59 | BP12: 60 | BQ12: 61 | BR12: 62 | BS12: 63 | BT12: 64 | BU12: 65 | BV12: 66 | BW12: 67 | BX12: 68 | BY12: 69 | BZ12: 70 | CA12: 71 | CB12: 72
B13: spi frequency | C13: 15 | D13: mhz | F13: spi thruput | G13: line | H13: # | I13: 1 | J13: 2 | K13: 3 | L13: 4 | M13: 5 | N13: 6 | O13: 7 | P13: 8 | Q13: 9 | R13: 10 | S13: 11 | T13: 12 | U13: 13 | V13: 14 | W13: 15 | X13: 16 | Y13: 17 | Z13: 18 | AA13: 19 | AB13: 20 | AC13: 21 | AD13: 22 | AE13: 23 | AF13: 24 | AG13: 1 | AH13: 2 | AI13: 3 | AJ13: 4 | AK13: 5 | AL13: 6 | AM13: 7 | AN13: 8 | AO13: 9 | AP13: 10 | AQ13: 11 | AR13: 12 | AS13: 13 | AT13: 14 | AU13: 15 | AV13: 16 | AW13: 17 | AX13: 18 | AY13: 19 | AZ13: 20 | BA13: 21 | BB13: 22 | BC13: 23 | BD13: 24 | BE13: 1 | BF13: 2 | BG13: 3 | BH13: 4 | BI13: 5 | BJ13: 6 | BK13: 7 | BL13: 8 | BM13: 9 | BN13: 10 | BO13: 11 | BP13: 12 | BQ13: 13 | BR13: 14 | BS13: 15 | BT13: 16 | BU13: 17 | BV13: 18 | BW13: 19 | BX13: 20 | BY13: 21 | BZ13: 22 | CA13: 23 | CB13: 24
B14: spi ld/blk | C14: 16 | D14: bit | F14: (burst size=24) | G14: transmit | H14: us | I14: =$C$15 + (16+$C$14*$C$17*(I13)) * (1/$C$13) -> 27.966667 | J14: =I14 + ($C$14*$C$17*(J13-I13))*(1/$C$13) -> 53.566667 | K14: =J14 + ($C$14*$C$17*(K13-J13))*(1/$C$13) -> 79.166667 | L14: =K14 + ($C$14*$C$17*(L13-K13))*(1/$C$13) -> 104.76667 | M14: =L14 + ($C$14*$C$17*(M13-L13))*(1/$C$13) -> 130.36667 | N14: =M14 + ($C$14*$C$17*(N13-M13))*(1/$C$13) -> 155.96667 | O14: =N14 + ($C$14*$C$17*(O13-N13))*(1/$C$13) -> 181.56667 | P14: =O14 + ($C$14*$C$17*(P13-O13))*(1/$C$13) -> 207.16667 | Q14: =P14 + ($C$14*$C$17*(Q13-P13))*(1/$C$13) -> 232.76667 | ... AF14: =AE14 + ($C$14*$C$17*(AF13-AE13))*(1/$C$13) -> 616.76667 | AG14: =AF14 + (C15+C16) + (16+$C$14*$C$17*(AG13))*(1/$C$13) -> 727.73333 | AH14: =AG14 + ($C$4*$C$7*(AH13-AG13))*(1/$C$3) -> 728.62222 | AI14: =AH14 + ($C$14*$C$17*(AI13-AH13))*(1/$C$13) -> 754.22222 | AJ14: =AI14 + ($C$14*$C$17*(AJ13-AI13))*(1/$C$13) -> 779.82222 | AK14: =AJ14 + ($C$14*$C$17*(AK13-AJ13))*(1/$C$13) -> 805.42222 | AL14: =AK14 + ($C$14*$C$17*(AL13-AK13))*(1/$C$13) -> 831.02222 | AM14: =AL14 + ($C$14*$C$17*(AM13-AL13))*(1/$C$13) -> 856.62222 | AN14: =AM14 + ($C$14*$C$17*(AN13-AM13))*(1/$C$13) -> 882.22222 | AO14: =AN14 + ($C$14*$C$17*(AO13-AN13))*(1/$C$13) -> 907.82222 | AP14: =AO14 + ($C$14*$C$17*(AP13-AO13))*(1/$C$13) -> 933.42222 | ... BD14: =BC14 + ($C$14*$C$17*(BD13-BC13))*(1/$C$13) -> 1291.8222 | BE14: =BD14 + (C15+C16) + (16+$C$14*$C$17*(BE13))*(1/$C$13) -> 1402.7889 | BF14: =BE14 + ($C$14*$C$17*(BF13-BE13))*(1/$C$13) -> 1428.3889 | BG14: =BF14 + ($C$14*$C$17*(BG13-BF13))*(1/$C$13) -> 1453.9889 | BH14: =BG14 + ($C$14*$C$17*(BH13-BG13))*(1/$C$13) -> 1479.5889 | BI14: =BH14 + ($C$14*$C$17*(BI13-BH13))*(1/$C$13) -> 1505.1889 | BJ14: =BI14 + ($C$14*$C$17*(BJ13-BI13))*(1/$C$13) -> 1530.7889 | BK14: =BJ14 + ($C$14*$C$17*(BK13-BJ13))*(1/$C$13) -> 1556.3889 | BL14: =BK14 + ($C$14*$C$17*(BL13-BK13))*(1/$C$13) -> 1581.9889 | BM14: =BL14 + ($C$14*$C$17*(BM13-BL13))*(1/$C$13) -> 1607.5889 | ... CB14: =CA14 + ($C$14*$C$17*(CB13-CA13))*(1/$C$13) -> 1991.5889
B15: spi latency1 | C15: 1.3 | D15: us | F15: ld serializing thruput | G15: block | H15: # | U15: 1 | V15: 2 | W15: 3 | X15: 4 | Y15: 5 | Z15: 6 | AA15: 7 | AB15: 8 | AC15: 9 | AD15: 10 | AE15: 11 | AF15: 12 | AG15: 13 | AH15: 14 | AI15: 15 | AJ15: 16 | AK15: 17 | AL15: 18 | AM15: 19 | AN15: 20 | AO15: 21 | AP15: 22 | AQ15: 23 | AR15: 24 | AS15: 25 | AT15: 26 | AU15: 27 | AV15: 28 | AW15: 29 | AX15: 30 | AY15: 31 | AZ15: 32 | BA15: 33 | BB15: 34 | BC15: 35 | BD15: 36 | BE15: 37 | BF15: 38 | BG15: 39 | BH15: 40 | BI15: 41 | BJ15: 42 | BK15: 43 | BL15: 44 | BM15: 45 | BN15: 46 | BO15: 47 | BP15: 48 | BQ15: 49 | BR15: 50 | BS15: 51 | BT15: 52 | BU15: 53 | BV15: 54 | BW15: 55 | BX15: 56 | BY15: 57 | BZ15: 58 | CA15: 59 | CB15: 60 | CC15: 61 | CD15: 62 | CE15: 63 | CF15: 64 | CG15: 65 | CH15: 66 | CI15: 67 | CJ15: 68 | CK15: 69 | CL15: 70 | CM15: 71 | CN15: 72
B16: spi latency2 | C16: =1.7+80+C15 -> 83 | D16: us | G16: transmit | H16: us | U16: =$T$14 + (4*ROUNDUP(U15/$C$18,0)+($C$14)*U15) /$C$19 -> 351.56667 | V16: =$T$14 + (4*ROUNDUP(V15/$C$18,0)+($C$14)*V15) /$C$19 -> 385.16667 | W16: =$T$14 + (4*ROUNDUP(W15/$C$18,0)+($C$14)*W15) /$C$19 -> 418.76667 | X16: =$T$14 + (4*ROUNDUP(X15/$C$18,0)+($C$14)*X15) /$C$19 -> 452.36667 | Y16: =$T$14 + (4*ROUNDUP(Y15/$C$18,0)+($C$14)*Y15) /$C$19 -> 485.96667 | Z16: =$T$14 + (4*ROUNDUP(Z15/$C$18,0)+($C$14)*Z15) /$C$19 -> 519.56667 | AA16: =$T$14 + (4*ROUNDUP(AA15/$C$18,0)+($C$14)*AA15) /$C$19 -> 553.16667 | AB16: =$T$14 + (4*ROUNDUP(AB15/$C$18,0)+($C$14)*AB15) /$C$19 -> 586.76667 | ... CN16: =$T$14 + (4*ROUNDUP(CN15/$C$18,0)+($C$14)*CN15) /$C$19 -> 2779.1667
B17: xc_ld_size | C17: 24 | D17: ea | F17: ld_transfer_start_point | G17: 12 | H17: ea
B18: xc_dev_ch_size | C18: 12 | D18: ea | F18: margin | G18: room t | H18: us | U18: =U16-I14 -> 323.6 | V18: =V16-J14 -> 331.6 | W18: =W16-K14 -> 339.6 | X18: =X16-L14 -> 347.6 | Y18: =Y16-M14 -> 355.6 | Z18: =Z16-N14 -> 363.6 | AA18: =AA16-O14 -> 371.6 | AB18: =AB16-P14 -> 379.6 | ... CN18: =CN16-CB14 -> 787.57778
B19: xc baudrate | C19: =1/2.1 -> 0.47619048 | D19: mbps | G19: room blk# | H19: ea | U19: =U18 / ( (16+$C$14*$C$17)*(1/$C$13) + $C$15 ) -> 11.570918 | V19: =V18 / ( (16+$C$14*$C$17)*(1/$C$13) + $C$15 ) -> 11.856973 | W19: =W18 / ( (16+$C$14*$C$17)*(1/$C$13) + $C$15 ) -> 12.143027 | X19: =X18 / ( (16+$C$14*$C$17)*(1/$C$13) + $C$15 ) -> 12.429082 | Y19: =Y18 / ( (16+$C$14*$C$17)*(1/$C$13) + $C$15 ) -> 12.715137 | Z19: =Z18 / ( (16+$C$14*$C$17)*(1/$C$13) + $C$15 ) -> 13.001192 | AA19: =AA18 / ( (16+$C$14*$C$17)*(1/$C$13) + $C$15 ) -> 13.287247 | AB19: =AB18 / ( (16+$C$14*$C$17)*(1/$C$13) + $C$15 ) -> 13.573302 | ... CN19: =CN18 / ( (16+$C$14*$C$17)*(1/$C$13) + $C$15 ) -> 28.161303
B23: main spi | C23: 2 | D23: mhz
C24: =1/C23 -> 0.5 | D24: us
B25: total blk# | C25: 720 | D25: ea
B26: data# | C26: 1 | D26: line | G26: =(C25/C26+1)*14*C24+2 -> 5049
B27: xc spi | C27: 15 | D27: mhz | G27: 72 | H27: ea
C28: =1/C27 -> 0.066666667 | D28: us | G28: =((16+16*24*24)*$C$28 + 2)*3 + 100*2 -> 2052.4 | H28: us | Q28: =16/2 -> 8
B29: xc mclk | C29: 10 | D29: mhz | G29: =G31-G28 -> 64.4 | Q29: =Q28*0.333333333333 -> 2.6666667 | R29: =Q28*0.666666666666 -> 5.3333333
C30: =1/C29 -> 0.1 | D30: us | Q30: 2 | R30: 6
B31: xc baudrate | C31: =1/(C30*(C32+D32)) -> 0.55555556 | D31: mbps | G31: =((4+16*12)*6)*(1/C31) -> 2116.8 | H31: us
B32: low/high | C32: 6 | D32: =C32*2 -> 12 | F32: =C40*C42/C30 -> 6.100126 | G32: =C40*D42/C30 -> 12.200252
B33: us | C33: =$C$30*C32 -> 0.6 | D33: =$C$30*D32 -> 1.2 | F33: =C33+D33 -> 1.8
B34: max frame
B36: target | C36: 120 | D36: hz
B39: xd mclk | C39: 39.34345 | D39: mhz
C40: =1/C39 -> 0.025417192 | D40: us
B41: xc baudrate | C41: =1/(C40*(C42+D42)) -> 0.5464368 | D41: mbps
B42: low/high | C42: 24 | D42: =C42*2 -> 48 | F42: =C30*C32/C40 -> 23.60607 | G42: =C30*D32/C40 -> 47.21214
B43: us | C43: =$C$40*C42 -> 0.6100126 | D43: =$C$40*D42 -> 1.2200252 | F43: =C43+D43 -> 1.8300378

Sheet ld_transfer_thruput (2)
G2: total line | H2: # | I2: 1 | J2: 2 | K2: 3 | L2: 4 | M2: 5 | N2: 6 | O2: 7 | P2: 8 | Q2: 9 | R2: 10 | S2: 11 | T2: 12 | U2: 13 | V2: 14 | W2: 15 | X2: 16 | Y2: 17 | Z2: 18 | AA2: 19 | AB2: 20 | AC2: 21 | AD2: 22 | AE2: 23 | AF2: 24 | AG2: 25 | AH2: 26 | AI2: 27 | AJ2: 28 | AK2: 29 | AL2: 30 | AM2: 31 | AN2: 32 | AO2: 33 | AP2: 34 | AQ2: 35 | AR2: 36 | AS2: 37 | AT2: 38 | AU2: 39 | AV2: 40 | AW2: 41 | AX2: 42 | AY2: 43 | AZ2: 44 | BA2: 45 | BB2: 46 | BC2: 47 | BD2: 48 | BE2: 49 | BF2: 50 | BG2: 51 | BH2: 52 | BI2: 53 | BJ2: 54 | BK2: 55 | BL2: 56 | BM2: 57 | BN2: 58 | BO2: 59 | BP2: 60 | BQ2: 61 | BR2: 62 | BS2: 63 | BT2: 64 | BU2: 65 | BV2: 66 | BW2: 67 | BX2: 68 | BY2: 69 | BZ2: 70 | CA2: 71 | CB2: 72
B3: spi frequency | C3: 15 | D3: mhz | F3: spi thruput | G3: line | H3: # | I3: 1 | J3: 2 | K3: 3 | L3: 4 | M3: 5 | N3: 6 | O3: 7 | P3: 8 | Q3: 9 | R3: 10 | S3: 11 | T3: 12 | U3: 13 | V3: 14 | W3: 15 | X3: 16 | Y3: 17 | Z3: 18 | AA3: 19 | AB3: 20 | AC3: 21 | AD3: 22 | AE3: 23 | AF3: 24 | AG3: 1 | AH3: 2 | AI3: 3 | AJ3: 4 | AK3: 5 | AL3: 6 | AM3: 7 | AN3: 8 | AO3: 9 | AP3: 10 | AQ3: 11 | AR3: 12 | AS3: 13 | AT3: 14 | AU3: 15 | AV3: 16 | AW3: 17 | AX3: 18 | AY3: 19 | AZ3: 20 | BA3: 21 | BB3: 22 | BC3: 23 | BD3: 24 | BE3: 1 | BF3: 2 | BG3: 3 | BH3: 4 | BI3: 5 | BJ3: 6 | BK3: 7 | BL3: 8 | BM3: 9 | BN3: 10 | BO3: 11 | BP3: 12 | BQ3: 13 | BR3: 14 | BS3: 15 | BT3: 16 | BU3: 17 | BV3: 18 | BW3: 19 | BX3: 20 | BY3: 21 | BZ3: 22 | CA3: 23 | CB3: 24
B4: spi ld/blk | C4: 16 | D4: bit | F4: (burst size=24) | G4: transmit | H4: us | I4: =$C$5 + (16+$C$4*$C$7*(I3)) * (1/$C$3) -> 27.966667 | J4: =I4 + ($C$4*$C$7*(J3-I3))*(1/$C$3) -> 53.566667 | K4: =J4 + ($C$4*$C$7*(K3-J3))*(1/$C$3) -> 79.166667 | L4: =K4 + ($C$4*$C$7*(L3-K3))*(1/$C$3) -> 104.76667 | M4: =L4 + ($C$4*$C$7*(M3-L3))*(1/$C$3) -> 130.36667 | N4: =M4 + ($C$4*$C$7*(N3-M3))*(1/$C$3) -> 155.96667 | O4: =N4 + ($C$4*$C$7*(O3-N3))*(1/$C$3) -> 181.56667 | P4: =O4 + ($C$4*$C$7*(P3-O3))*(1/$C$3) -> 207.16667 | Q4: =P4 + ($C$4*$C$7*(Q3-P3))*(1/$C$3) -> 232.76667 | ... AF4: =AE4 + ($C$4*$C$7*(AF3-AE3))*(1/$C$3) -> 616.76667 | AG4: =AF4 + (C5+C6) + (16+$C$4*$C$7*(AG3))*(1/$C$3) -> 727.73333 | AH4: =AG4 + ($C$4*$C$7*(AH3-AG3))*(1/$C$3) -> 753.33333 | AI4: =AH4 + ($C$4*$C$7*(AI3-AH3))*(1/$C$3) -> 778.93333 | AJ4: =AI4 + ($C$4*$C$7*(AJ3-AI3))*(1/$C$3) -> 804.53333 | AK4: =AJ4 + ($C$4*$C$7*(AK3-AJ3))*(1/$C$3) -> 830.13333 | AL4: =AK4 + ($C$4*$C$7*(AL3-AK3))*(1/$C$3) -> 855.73333 | AM4: =AL4 + ($C$4*$C$7*(AM3-AL3))*(1/$C$3) -> 881.33333 | AN4: =AM4 + ($C$4*$C$7*(AN3-AM3))*(1/$C$3) -> 906.93333 | AO4: =AN4 + ($C$4*$C$7*(AO3-AN3))*(1/$C$3) -> 932.53333 | ... BD4: =BC4 + ($C$4*$C$7*(BD3-BC3))*(1/$C$3) -> 1316.5333 | BE4: =BD4 + (C5+C6) + (16+$C$4*$C$7*(BE3))*(1/$C$3) -> 1427.5 | BF4: =BE4 + ($C$4*$C$7*(BF3-BE3))*(1/$C$3) -> 1453.1 | BG4: =BF4 + ($C$4*$C$7*(BG3-BF3))*(1/$C$3) -> 1478.7 | BH4: =BG4 + ($C$4*$C$7*(BH3-BG3))*(1/$C$3) -> 1504.3 | BI4: =BH4 + ($C$4*$C$7*(BI3-BH3))*(1/$C$3) -> 1529.9 | BJ4: =BI4 + ($C$4*$C$7*(BJ3-BI3))*(1/$C$3) -> 1555.5 | BK4: =BJ4 + ($C$4*$C$7*(BK3-BJ3))*(1/$C$3) -> 1581.1 | BL4: =BK4 + ($C$4*$C$7*(BL3-BK3))*(1/$C$3) -> 1606.7 | BM4: =BL4 + ($C$4*$C$7*(BM3-BL3))*(1/$C$3) -> 1632.3 | ... CB4: =CA4 + ($C$4*$C$7*(CB3-CA3))*(1/$C$3) -> 2016.3
B5: spi latency1 | C5: =1.3 -> 1.3 | D5: us | F5: ld serializing thruput | G5: block | H5: # | U5: 1 | V5: 2 | W5: 3 | X5: 4 | Y5: 5 | Z5: 6 | AA5: 7 | AB5: 8 | AC5: 9 | AD5: 10 | AE5: 11 | AF5: 12 | AG5: 13 | AH5: 14 | AI5: 15 | AJ5: 16 | AK5: 17 | AL5: 18 | AM5: 19 | AN5: 20 | AO5: 21 | AP5: 22 | AQ5: 23 | AR5: 24 | AS5: 25 | AT5: 26 | AU5: 27 | AV5: 28 | AW5: 29 | AX5: 30 | AY5: 31 | AZ5: 32 | BA5: 33 | BB5: 34 | BC5: 35 | BD5: 36 | BE5: 37 | BF5: 38 | BG5: 39 | BH5: 40 | BI5: 41 | BJ5: 42 | BK5: 43 | BL5: 44 | BM5: 45 | BN5: 46 | BO5: 47 | BP5: 48 | BQ5: 49 | BR5: 50 | BS5: 51 | BT5: 52 | BU5: 53 | BV5: 54 | BW5: 55 | BX5: 56 | BY5: 57 | BZ5: 58 | CA5: 59 | CB5: 60 | CC5: 61 | CD5: 62 | CE5: 63 | CF5: 64 | CG5: 65 | CH5: 66 | CI5: 67 | CJ5: 68 | CK5: 69 | CL5: 70 | CM5: 71 | CN5: 72
B6: spi latency2 | C6: =1.7+80+C5 -> 83 | D6: us | G6: transmit | H6: us | U6: =$T$4 + (4*ROUNDUP(U5/$C$8,0)+($C$4)*U5) /$C$9 -> 351.56667 | V6: =$T$4 + (4*ROUNDUP(V5/$C$8,0)+($C$4)*V5) /$C$9 -> 385.16667 | W6: =$T$4 + (4*ROUNDUP(W5/$C$8,0)+($C$4)*W5) /$C$9 -> 418.76667 | X6: =$T$4 + (4*ROUNDUP(X5/$C$8,0)+($C$4)*X5) /$C$9 -> 452.36667 | Y6: =$T$4 + (4*ROUNDUP(Y5/$C$8,0)+($C$4)*Y5) /$C$9 -> 485.96667 | Z6: =$T$4 + (4*ROUNDUP(Z5/$C$8,0)+($C$4)*Z5) /$C$9 -> 519.56667 | AA6: =$T$4 + (4*ROUNDUP(AA5/$C$8,0)+($C$4)*AA5) /$C$9 -> 553.16667 | AB6: =$T$4 + (4*ROUNDUP(AB5/$C$8,0)+($C$4)*AB5) /$C$9 -> 586.76667 | ... CN6: =$T$4 + (4*ROUNDUP(CN5/$C$8,0)+($C$4)*CN5) /$C$9 -> 2779.1667
B7: xc_ld_size | C7: 24 | D7: ea | F7: ld_transfer_start_point | G7: 12 | H7: ea
B8: xc_dev_ch_size | C8: 12 | D8: ea
B9: xc baudrate | C9: =1/2.1 -> 0.47619048 | D9: mbps | F9: margin | G9: room blk# | H9: ea | BQ9: =CA2-BQ5 -> 22 | BR9: =$CB$2-BR5 -> 22 | BS9: =$CB$2-BS5 -> 21 | BT9: =$CB$2-BT5 -> 20 | BU9: =$CB$2-BU5 -> 19 | BV9: =$CB$2-BV5 -> 18 | BW9: =$CB$2-BW5 -> 17 | BX9: =$CB$2-BX5 -> 16 | BY9: =$CB$2-BY5 -> 15 | ... CN9: =$CB$2-CN5 -> 0
G12: total line | H12: # | I12: 1 | J12: 2 | K12: 3 | L12: 4 | M12: 5 | N12: 6 | O12: 7 | P12: 8 | Q12: 9 | R12: 10 | S12: 11 | T12: 12 | U12: 13 | V12: 14 | W12: 15 | X12: 16 | Y12: 17 | Z12: 18 | AA12: 19 | AB12: 20 | AC12: 21 | AD12: 22 | AE12: 23 | AF12: 24 | AG12: 25 | AH12: 26 | AI12: 27 | AJ12: 28 | AK12: 29 | AL12: 30 | AM12: 31 | AN12: 32 | AO12: 33 | AP12: 34 | AQ12: 35 | AR12: 36 | AS12: 37 | AT12: 38 | AU12: 39 | AV12: 40 | AW12: 41 | AX12: 42 | AY12: 43 | AZ12: 44 | BA12: 45 | BB12: 46 | BC12: 47 | BD12: 48 | BE12: 49 | BF12: 50 | BG12: 51 | BH12: 52 | BI12: 53 | BJ12: 54 | BK12: 55 | BL12: 56 | BM12: 57 | BN12: 58 | BO12: 59 | BP12: 60 | BQ12: 61 | BR12: 62 | BS12: 63 | BT12: 64 | BU12: 65 | BV12: 66 | BW12: 67 | BX12: 68 | BY12: 69 | BZ12: 70 | CA12: 71 | CB12: 72
B13: spi frequency | C13: 15 | D13: mhz | F13: spi thruput | G13: line | H13: # | I13: 1 | J13: 2 | K13: 3 | L13: 4 | M13: 5 | N13: 6 | O13: 7 | P13: 8 | Q13: 9 | R13: 10 | S13: 11 | T13: 12 | U13: 13 | V13: 14 | W13: 15 | X13: 16 | Y13: 17 | Z13: 18 | AA13: 19 | AB13: 20 | AC13: 21 | AD13: 22 | AE13: 23 | AF13: 24 | AG13: 1 | AH13: 2 | AI13: 3 | AJ13: 4 | AK13: 5 | AL13: 6 | AM13: 7 | AN13: 8 | AO13: 9 | AP13: 10 | AQ13: 11 | AR13: 12 | AS13: 13 | AT13: 14 | AU13: 15 | AV13: 16 | AW13: 17 | AX13: 18 | AY13: 19 | AZ13: 20 | BA13: 21 | BB13: 22 | BC13: 23 | BD13: 24 | BE13: 1 | BF13: 2 | BG13: 3 | BH13: 4 | BI13: 5 | BJ13: 6 | BK13: 7 | BL13: 8 | BM13: 9 | BN13: 10 | BO13: 11 | BP13: 12 | BQ13: 13 | BR13: 14 | BS13: 15 | BT13: 16 | BU13: 17 | BV13: 18 | BW13: 19 | BX13: 20 | BY13: 21 | BZ13: 22 | CA13: 23 | CB13: 24
B14: spi ld/blk | C14: 16 | D14: bit | F14: (burst size=24) | G14: transmit | H14: us | I14: =$C$15 + (16+$C$14*$C$17*(I13)) * (1/$C$13) -> 27.966667 | J14: =I14 + ($C$14*$C$17*(J13-I13))*(1/$C$13) -> 53.566667 | K14: =J14 + ($C$14*$C$17*(K13-J13))*(1/$C$13) -> 79.166667 | L14: =K14 + ($C$14*$C$17*(L13-K13))*(1/$C$13) -> 104.76667 | M14: =L14 + ($C$14*$C$17*(M13-L13))*(1/$C$13) -> 130.36667 | N14: =M14 + ($C$14*$C$17*(N13-M13))*(1/$C$13) -> 155.96667 | O14: =N14 + ($C$14*$C$17*(O13-N13))*(1/$C$13) -> 181.56667 | P14: =O14 + ($C$14*$C$17*(P13-O13))*(1/$C$13) -> 207.16667 | Q14: =P14 + ($C$14*$C$17*(Q13-P13))*(1/$C$13) -> 232.76667 | ... AF14: =AE14 + ($C$14*$C$17*(AF13-AE13))*(1/$C$13) -> 616.76667 | AG14: =AF14 + (C15+C16) + (16+$C$14*$C$17*(AG13))*(1/$C$13) -> 727.73333 | AH14: =AG14 + ($C$4*$C$7*(AH13-AG13))*(1/$C$3) -> 753.33333 | AI14: =AH14 + ($C$14*$C$17*(AI13-AH13))*(1/$C$13) -> 778.93333 | AJ14: =AI14 + ($C$14*$C$17*(AJ13-AI13))*(1/$C$13) -> 804.53333 | AK14: =AJ14 + ($C$14*$C$17*(AK13-AJ13))*(1/$C$13) -> 830.13333 | AL14: =AK14 + ($C$14*$C$17*(AL13-AK13))*(1/$C$13) -> 855.73333 | AM14: =AL14 + ($C$14*$C$17*(AM13-AL13))*(1/$C$13) -> 881.33333 | AN14: =AM14 + ($C$14*$C$17*(AN13-AM13))*(1/$C$13) -> 906.93333 | AO14: =AN14 + ($C$14*$C$17*(AO13-AN13))*(1/$C$13) -> 932.53333 | AP14: =AO14 + ($C$14*$C$17*(AP13-AO13))*(1/$C$13) -> 958.13333 | ... BD14: =BC14 + ($C$14*$C$17*(BD13-BC13))*(1/$C$13) -> 1316.5333 | BE14: =BD14 + (C15+C16) + (16+$C$14*$C$17*(BE13))*(1/$C$13) -> 1427.5 | BF14: =BE14 + ($C$14*$C$17*(BF13-BE13))*(1/$C$13) -> 1453.1 | BG14: =BF14 + ($C$14*$C$17*(BG13-BF13))*(1/$C$13) -> 1478.7 | BH14: =BG14 + ($C$14*$C$17*(BH13-BG13))*(1/$C$13) -> 1504.3 | BI14: =BH14 + ($C$14*$C$17*(BI13-BH13))*(1/$C$13) -> 1529.9 | BJ14: =BI14 + ($C$14*$C$17*(BJ13-BI13))*(1/$C$13) -> 1555.5 | BK14: =BJ14 + ($C$14*$C$17*(BK13-BJ13))*(1/$C$13) -> 1581.1 | BL14: =BK14 + ($C$14*$C$17*(BL13-BK13))*(1/$C$13) -> 1606.7 | BM14: =BL14 + ($C$14*$C$17*(BM13-BL13))*(1/$C$13) -> 1632.3 | ... CB14: =CA14 + ($C$14*$C$17*(CB13-CA13))*(1/$C$13) -> 2016.3
B15: spi latency1 | C15: 1.3 | D15: us | F15: ld serializing thruput | G15: block | H15: # | U15: 1 | V15: 2 | W15: 3 | X15: 4 | Y15: 5 | Z15: 6 | AA15: 7 | AB15: 8 | AC15: 9 | AD15: 10 | AE15: 11 | AF15: 12 | AG15: 13 | AH15: 14 | AI15: 15 | AJ15: 16 | AK15: 17 | AL15: 18 | AM15: 19 | AN15: 20 | AO15: 21 | AP15: 22 | AQ15: 23 | AR15: 24 | AS15: 25 | AT15: 26 | AU15: 27 | AV15: 28 | AW15: 29 | AX15: 30 | AY15: 31 | AZ15: 32 | BA15: 33 | BB15: 34 | BC15: 35 | BD15: 36 | BE15: 37 | BF15: 38 | BG15: 39 | BH15: 40 | BI15: 41 | BJ15: 42 | BK15: 43 | BL15: 44 | BM15: 45 | BN15: 46 | BO15: 47 | BP15: 48 | BQ15: 49 | BR15: 50 | BS15: 51 | BT15: 52 | BU15: 53 | BV15: 54 | BW15: 55 | BX15: 56 | BY15: 57 | BZ15: 58 | CA15: 59 | CB15: 60 | CC15: 61 | CD15: 62 | CE15: 63 | CF15: 64 | CG15: 65 | CH15: 66 | CI15: 67 | CJ15: 68 | CK15: 69 | CL15: 70 | CM15: 71 | CN15: 72
B16: spi latency2 | C16: =1.7+80+C15 -> 83 | D16: us | G16: transmit | H16: us | U16: =$T$14 + (4*ROUNDUP(U15/$C$18,0)+($C$14)*U15) /$C$19 -> 345.56667 | V16: =$T$14 + (4*ROUNDUP(V15/$C$18,0)+($C$14)*V15) /$C$19 -> 374.36667 | W16: =$T$14 + (4*ROUNDUP(W15/$C$18,0)+($C$14)*W15) /$C$19 -> 403.16667 | X16: =$T$14 + (4*ROUNDUP(X15/$C$18,0)+($C$14)*X15) /$C$19 -> 431.96667 | Y16: =$T$14 + (4*ROUNDUP(Y15/$C$18,0)+($C$14)*Y15) /$C$19 -> 460.76667 | Z16: =$T$14 + (4*ROUNDUP(Z15/$C$18,0)+($C$14)*Z15) /$C$19 -> 489.56667 | AA16: =$T$14 + (4*ROUNDUP(AA15/$C$18,0)+($C$14)*AA15) /$C$19 -> 518.36667 | AB16: =$T$14 + (4*ROUNDUP(AB15/$C$18,0)+($C$14)*AB15) /$C$19 -> 547.16667 | ... CN16: =$T$14 + (4*ROUNDUP(CN15/$C$18,0)+($C$14)*CN15) /$C$19 -> 2426.3667
B17: xc_ld_size | C17: 24 | D17: ea | F17: ld_transfer_start_point | G17: 12 | H17: ea
B18: xc_dev_ch_size | C18: 12 | D18: ea
B19: xc baudrate | C19: =1/1.8 -> 0.55555556 | D19: mbps | F19: margin | G19: room blk# | H19: ea | BZ19: =$CB$12-BZ15 -> 14 | CA19: =$CB$12-CA15 -> 13 | CB19: =$CB$12-CB15 -> 12 | CC19: =$CB$12-CC15 -> 11 | CD19: =$CB$12-CD15 -> 10 | CE19: =$CB$12-CE15 -> 9 | CF19: =$CB$12-CF15 -> 8 | CG19: =$CB$12-CG15 -> 7 | ... CN19: =$CB$12-CN15 -> 0
B23: main spi | C23: 2 | D23: mhz
C24: =1/C23 -> 0.5 | D24: us
B25: total blk# | C25: 720 | D25: ea
B26: data# | C26: 1 | D26: line | G26: =(C25/C26+1)*14*C24+2 -> 5049
B27: xc spi | C27: 15 | D27: mhz | G27: 72 | H27: ea
C28: =1/C27 -> 0.066666667 | D28: us | G28: =((16+16*24*24)*$C$28 + 2)*3 + 100*2 -> 2052.4 | H28: us
B29: xc mclk | C29: 10 | D29: mhz | G29: =G31-G28 -> 64.4
C30: =1/C29 -> 0.1 | D30: us
B31: xc baudrate | C31: =1/(C30*(C32+D32)) -> 0.55555556 | D31: mbps | G31: =((4+16*12)*6)*(1/C31) -> 2116.8 | H31: us
B32: low/high | C32: 6 | D32: =C32*2 -> 12 | F32: =C40*C42/C30 -> 6.100126 | G32: =C40*D42/C30 -> 12.200252
B33: us | C33: =$C$30*C32 -> 0.6 | D33: =$C$30*D32 -> 1.2 | F33: =C33+D33 -> 1.8
B34: max frame
B36: target | C36: 120 | D36: hz
B39: xd mclk | C39: 39.34345 | D39: mhz
C40: =1/C39 -> 0.025417192 | D40: us
B41: xc baudrate | C41: =1/(C40*(C42+D42)) -> 0.5464368 | D41: mbps
B42: low/high | C42: 24 | D42: =C42*2 -> 48 | F42: =C30*C32/C40 -> 23.60607 | G42: =C30*D32/C40 -> 47.21214
B43: us | C43: =$C$40*C42 -> 0.6100126 | D43: =$C$40*D42 -> 1.2200252 | F43: =C43+D43 -> 1.8300378

Sheet qn90f_spec_summary (2)
B2: model | C2: total block | F2: led# | G2: blu# | H2: blk# | I2: blu layout | K2: blk layout/blu | N2: xd#/blu | P2: d# | R2: xd#/d | T2: jumper | U2: curr | V2: curr | W2: curr | X2: watt
C3: hor | D3: ver | E3: total | F3: led#/blk | G3: /set | H3: /blu | I3: hor | J3: ver | K3: hor | L3: ver | M3: total | N3: xd ch# | O3: 8 | P3: /blu | Q3: total | T3: /blu | U3: /blu | V3: /finger | W3: total | X3: /xd
B4: 55" | G4: 6 | H4: =E4/G4 -> 0 | I4: 3 | J4: =$G$4/I4 -> 2 | K4: =$C$4/I4 -> 0 | L4: =$D$4/J4 -> 0 | M4: =K4*L4 -> 0 | N4: =M4/$O$3 -> 0 | O4: =ROUNDUP(N4,0) -> 0 | Q4: =G4*P4 -> 0 | R4: =O4/P4 -> #DIV/0! | S4: =ROUNDUP(R4,0) -> #DIV/0! | U4: =E11*M4 -> 0 | V4: =U4/L4 -> #DIV/0! | W4: =U4*G4 -> 0 | X4: =G11*$O$3 -> 207.52
B5: 65" | C5: 40 | D5: 18 | E5: =C5*D5 -> 720 | G5: 8 | H5: =E5/G5 -> 90 | I5: 4 | J5: =$G$5/I5 -> 2 | K5: =$C$5/I5 -> 10 | L5: =$D$5/J5 -> 9 | M5: =K5*L5 -> 90 | N5: =M5/$O$3 -> 11.25 | O5: =ROUNDUP(N5,0) -> 12 | P5: 2 | Q5: =G5*P5 -> 16 | R5: =O5/P5 -> 6 | S5: =ROUNDUP(R5,0) -> 6 | U5: =E12*M5 -> 2364.3 | V5: =U5/L5 -> 262.7 | W5: =U5*G5 -> 18914.4 | X5: =G12*$O$3 -> 210.16
B6: 75" | G6: 10 | H6: =E6/G6 -> 0 | I6: 5 | J6: =$G$6/I6 -> 2 | K6: =$C$6/I6 -> 0 | L6: =$D$6/J6 -> 0 | M6: =K6*L6 -> 0 | N6: =M6/$O$3 -> 0 | O6: =ROUNDUP(N6,0) -> 0 | Q6: =G6*P6 -> 0 | R6: =O6/P6 -> #DIV/0! | S6: =ROUNDUP(R6,0) -> #DIV/0! | U6: =E13*M6 -> 0 | V6: =U6/L6 -> #DIV/0! | W6: =U6*G6 -> 0 | X6: =G13*$O$3 -> 214.72
B7: 85" | G7: 12 | H7: =E7/G7 -> 0 | I7: 6 | J7: =$G$7/I7 -> 2 | K7: =$C$7/I7 -> 0 | L7: =$D$7/J7 -> 0 | M7: =K7*L7 -> 0 | N7: =M7/$O$3 -> 0 | O7: =ROUNDUP(N7,0) -> 0 | Q7: =G7*P7 -> 0 | R7: =O7/P7 -> #DIV/0! | S7: =ROUNDUP(R7,0) -> #DIV/0! | U7: =E14*M7 -> 0 | V7: =U7/L7 -> #DIV/0! | W7: =U7*G7 -> 0 | X7: =G14*$O$3 -> 222.08
B9: model | C9: current [mA] | F9: ana | H9: curr/ana | I9: curr/vref | K9: ana | L9: vref | M9: ana | N9: vref | O9: gap_vref
C10: normal | D10: peak | E10: swing | F10: 0 | G10: 1023 | J10: 4095 | K10: 0 | M10: 1023 | Q10: vref/ana
B11: 55" | C11: 6.83 | D11: 18.58 | E11: 25.94 | F11: =C11*0.7 -> 4.781 | G11: =E11 -> 25.94 | H11: =(G11-F11)/1023 -> 0.020683284 | I11: 32 | J11: =I11/$J$10 -> 0.0078144078 | K11: =( (G11-F11)/1023 )*$K$10 + F11 -> 4.781 | L11: =K11/J11 -> 611.81859 | M11: =( (G11-F11)/1023 )*$M$10 + F11 -> 25.94 | N11: =M11/J11 -> 3319.5094 | O11: =N11-L11 -> 2707.6908 | P11: =MROUND(N11,1)-MROUND(L11,1) -> 2708 | Q11: =O11/$G$10 -> 2.6468141
B12: 65" | C12: 6.91 | D12: 18.81 | E12: 26.27 | F12: =C12*0.7 -> 4.837 | G12: =E12 -> 26.27 | H12: =(G12-F12)/1023 -> 0.020951124 | I12: 32 | J12: =I12/$J$10 -> 0.0078144078 | K12: =( (G12-F12)/1023 )*$K$10 + F12 -> 4.837 | L12: =K12/J12 -> 618.98484 | M12: =( (G12-F12)/1023 )*$M$10 + F12 -> 26.27 | N12: =M12/J12 -> 3361.7391 | O12: =N12-L12 -> 2742.7542 | P12: =MROUND(N12,1)-MROUND(L12,1) -> 2743 | Q12: =O12/$G$10 -> 2.6810892
B13: 75" | C13: 7.04 | D13: 19.21 | E13: 26.84 | F13: =C13*0.7 -> 4.928 | G13: =E13 -> 26.84 | H13: =(G13-F13)/1023 -> 0.021419355 | I13: 32 | J13: =I13/$J$10 -> 0.0078144078 | K13: =( (G13-F13)/1023 )*$K$10 + F13 -> 4.928 | L13: =K13/J13 -> 630.63 | M13: =( (G13-F13)/1023 )*$M$10 + F13 -> 26.84 | N13: =M13/J13 -> 3434.6813 | O13: =N13-L13 -> 2804.0512 | P13: =MROUND(N13,1)-MROUND(L13,1) -> 2804 | Q13: =O13/$G$10 -> 2.7410081
B14: 85" | C14: 7.26 | D14: 19.84 | E14: 27.76 | F14: =C14*0.7 -> 5.082 | G14: =E14 -> 27.76 | H14: =(G14-F14)/1023 -> 0.022168133 | I14: 32 | J14: =I14/$J$10 -> 0.0078144078 | K14: =( (G14-F14)/1023 )*$K$10 + F14 -> 5.082 | L14: =K14/J14 -> 650.33719 | M14: =( (G14-F14)/1023 )*$M$10 + F14 -> 27.76 | N14: =M14/J14 -> 3552.4125 | O14: =N14-L14 -> 2902.0753 | P14: =MROUND(N14,1)-MROUND(L14,1) -> 2902 | Q14: =O14/$G$10 -> 2.8368283
B18: main spi | C18: 2 | D18: mhz
C19: =1/C18 -> 0.5 | D19: us
B20: total blk# | C20: =720 -> 720 | D20: ea
B21: data# | C21: 1 | D21: line | F21: =(E4/$C$21+1)*14*$C$19+2 -> 9 | G21: =(C20/$C$21+1)*14*$C$19+2 -> 5049 | H21: =(E6/$C$21+1)*14*$C$19+2 -> 9 | I21: =(E7/$C$21+1)*14*$C$19+2 -> 9
B22: xc spi | C22: 15 | D22: mhz | G22: 72 | H22: 12
C23: =1/C22 -> 0.066666667 | D23: us | G23: =((16+16*24*24)*$C$23 + 2)*3 + 100*2 -> 2052.4 | H23: =(16+16*16*H22)*$C$23 + 2 -> 207.86667
B24: xc mclk | C24: 10 | D24: mhz | H24: =G23-G26 -> -64.4 | I24: =G26+H23 -> 2324.6667
C25: =1/C24 -> 0.1 | D25: us
B26: xc baudrate | C26: =1/(C25*(C27+D27)) -> 0.55555556 | D26: mbps | G26: =((4+16*12)*6)*(1/$C$26) -> 2116.8
B27: low/high | C27: 6 | D27: =C27*2 -> 12 | F27: =C35*C37/C25 -> 6.100126 | G27: =C35*D37/C25 -> 12.200252
B28: us | C28: =$C$25*C27 -> 0.6 | D28: =$C$25*D27 -> 1.2 | E28: =C28+D28 -> 1.8
B29: max frame | G29: =(G21+G23+G26)/1000 -> 9.2182
G30: =1/G29*1000 -> 108.48105
B31: target | C31: 120 | D31: hz | E31: margin | G31: =G30-$C$31 -> -11.518952
B34: xd mclk | C34: 39.34345 | D34: mhz
C35: =1/C34 -> 0.025417192 | D35: us
B36: xc baudrate | C36: =1/(C35*(C37+D37)) -> 0.5464368 | D36: mbps
B37: low/high | C37: 24 | D37: =C37*2 -> 48 | F37: =C25*C27/C35 -> 23.60607 | G37: =C25*D27/C35 -> 47.21214
B38: us | C38: =$C$35*C37 -> 0.6100126 | D38: =$C$35*D37 -> 1.2200252 | E38: =C38+D38 -> 1.8300378

Sheet mclk_variable
E1: pwm(max) | L1: pwm(typ)
B2: XD | C2: BDIO to BDDIO delay | D2: ns | E2: 8.881 | L2: 4.776 | M2: =L2/E2 -> 0.53777728
C3: BDDIO to BDIO delay | D3: ns | E3: 9.316 | L3: 5.011 | M3: =L3/E3 -> 0.5378918
C5: BDIO to BDDIO skew | E5: high | F5: low | H5: high | I5: low | L5: high | M5: low | O5: high | P5: low
C6: #1 dio | D6: ns | E6: 406.8 | F6: 203.4 | G6: =SUM(E6:F6) -> 610.2 | H6: 203.4 | I6: 406.8 | J6: =SUM(H6:I6) -> 610.2 | L6: 406.8 | M6: 203.4 | N6: =SUM(L6:M6) -> 610.2 | O6: 203.4 | P6: 406.8 | Q6: =SUM(O6:P6) -> 610.2 | T6: proper baudrate according daisy # and mclk
C7: #1 ddio | D7: ns | E7: 404.275 | F7: 205.925 | G7: =SUM(E7:F7) -> 610.2 | H7: 200.875 | I7: 409.325 | J7: =SUM(H7:I7) -> 610.2 | L7: 405.353 | M7: 204.847 | N7: =SUM(L7:M7) -> 610.2 | O7: 201.953 | P7: 408.247 | Q7: =SUM(O7:P7) -> 610.2 | W7: downstream | AC7: upstream
C8: #1 skew | D8: ns | E8: =E7-E6 -> -2.525 | F8: =F7-F6 -> 2.525 | G8: =G7-G6 -> 0 | H8: =H7-H6 -> -2.525 | I8: =I7-I6 -> 2.525 | J8: =J7-J6 -> 0 | L8: =L7-L6 -> -1.447 | M8: =M7-M6 -> 1.447 | N8: =N7-N6 -> 0 | O8: =O7-O6 -> -1.447 | P8: =P7-P6 -> 1.447 | Q8: =Q7-Q6 -> 0 | T8: xc mclk | U8: 16 | V8: mhz | W8: daisy | X8: # | Y8: 31 | Z8: ea | AC8: daisy | AD8: # | AE8: 31 | AF8: ea
U9: 0 | V9: dev | W9: skew/dev | X9: s high | Y9: -2.525 | Z9: ns | AC9: skew/dev | AD9: s high | AE9: -2.248 | AF9: ns
C10: #31 total delay | D10: ns | E10: =E2*(31-1) -> 266.43 | L10: =L2*(31-1) -> 143.28 | U10: =U8+U8*U9 -> 16 | V10: mhz | X10: s low | Y10: =-Y9 -> 2.525 | Z10: ns | AD10: s low | AE10: =-AE9 -> 2.248 | AF10: ns
C11: #31 dio | D11: ns | E11: 331.05 | F11: 279.15 | G11: =SUM(E11:F11) -> 610.2 | H11: 127.65 | I11: 482.55 | J11: =SUM(H11:I11) -> 610.2 | L11: 363.39 | M11: 246.81 | N11: =SUM(L11:M11) -> 610.2 | O11: 159.99 | P11: 450.21 | Q11: =SUM(O11:P11) -> 610.2 | U11: =1/U10*1000 -> 62.5 | V11: ns | W11: total skew | X11: s high | Y11: =Y9*(W16-1) -> -75.75 | Z11: ns | AC11: total skew | AD11: s high | AE11: =AE9*(AC16-1) -> -67.44 | AF11: ns
C12: #31 skew | D12: ns | E12: =E8*(31-1) -> -75.75 | F12: =F8*(31-1) -> 75.75 | G12: =G8*(31-1) -> 0 | H12: =H8*(31-1) -> -75.75 | I12: =I8*(31-1) -> 75.75 | J12: =J8*(31-1) -> 0 | L12: =L8*(31-1) -> -43.41 | M12: =M8*(31-1) -> 43.41 | N12: =N8*(31-1) -> 0 | O12: =O8*(31-1) -> -43.41 | P12: =P8*(31-1) -> 43.41 | Q12: =Q8*(31-1) -> 0 | T12: high# | U12: 3 | V12: ea | X12: s low | Y12: =Y10*(W16-1) -> 75.75 | Z12: ns | AD12: s low | AE12: =AE10*(AC16-1) -> 67.44 | AF12: ns
T13: low# | U13: 6 | V13: ea | X13: logic 1 | Z13: logic 0 | AD13: logic 1 | AF13: logic 0
C14: BDDIO to BDIO skew | D14: ns | E14: high | F14: low | H14: high | I14: low | L14: high | M14: low | O14: high | P14: low | T14: baudrate | U14: =U11*(U12+U13) -> 562.5 | V14: ns | W14: 1 | X14: s high | Y14: =U11*U12 -> 187.5 | Z14: ns | AA14: =Y15 -> 375 | AB14: ns | AC14: 1 | AD14: s high | AE14: =U20*U21 -> 508.65735 | AF14: ns | AG14: =AE15 -> 254.32867 | AH14: ns
C15: #30 ddio | D15: ns | E15: 361.052 | F15: 184.468 | G15: =SUM(E15:F15) -> 545.52 | H15: 179.212 | I15: 366.308 | J15: =SUM(H15:I15) -> 545.52 | L15: 362.124 | M15: 183.396 | N15: =SUM(L15:M15) -> 545.52 | O15: 180.284 | P15: 365.236 | Q15: =SUM(O15:P15) -> 545.52 | U15: =1/U14*1000 -> 1.7777778 | V15: mbps | X15: s low | Y15: =U11*U13 -> 375 | Z15: ns | AA15: =Y14 -> 187.5 | AB15: ns | AD15: s low | AE15: =U20*U22 -> 254.32867 | AF15: ns | AG15: =AE14 -> 508.65735 | AH15: ns
C16: #30 dio | D16: ns | E16: 358.804 | F16: 186.716 | G16: =SUM(E16:F16) -> 545.52 | H16: 176.964 | I16: 368.556 | J16: =SUM(H16:I16) -> 545.52 | L16: 360.791 | M16: 184.729 | N16: =SUM(L16:M16) -> 545.52 | O16: 178.951 | P16: 366.569 | Q16: =SUM(O16:P16) -> 545.52 | W16: =Y8 -> 31 | X16: s high | Y16: =Y14+Y11 -> 111.75 | Z16: ns | AA16: =AA14+Y11 -> 299.25 | AB16: ns | AC16: =AE8 -> 31 | AD16: s high | AE16: =AE14+AE11 -> 441.21735 | AF16: ns | AG16: =AG14+AE11 -> 186.88867 | AH16: ns
C17: #30 skew | D17: ns | E17: =E16-E15 -> -2.248 | F17: =F16-F15 -> 2.248 | G17: =G16-G15 -> 0 | H17: =H16-H15 -> -2.248 | I17: =I16-I15 -> 2.248 | J17: =J16-J15 -> 0 | L17: =L16-L15 -> -1.333 | M17: =M16-M15 -> 1.333 | N17: =N16-N15 -> 0 | O17: =O16-O15 -> -1.333 | P17: =P16-P15 -> 1.333 | Q17: =Q16-Q15 -> 0 | T17: xd mclk | U17: 39.3192 | V17: mhz | X17: s low | Y17: =Y15+Y12 -> 450.75 | Z17: ns | AA17: =AA15+Y12 -> 263.25 | AB17: ns | AD17: s low | AE17: =AE15+AE12 -> 321.76867 | AF17: ns | AG17: =AG15+AE12 -> 576.09735 | AH17: ns
U18: 0 | V18: dev | W18: spl#@last dev | X18: logic 1 | Z18: logic 0 | AC18: spl#@last dev | AD18: logic 1 | AF18: logic 0
C19: #1 delay | D19: ns | E19: =E3*(31-1) -> 279.48 | L19: =L3*(31-1) -> 150.33 | U19: =U17+U17*U18 -> 39.3192 | V19: mhz | X19: high# | Y19: =Y16/$U$20 -> 4.3939206 | Z19: ea | AA19: =AA16/$U$20 -> 11.766271 | AB19: ea | AD19: high# | AE19: =AE16/$U$11 -> 7.0594776 | AF19: ea | AG19: =AG16/$U$11 -> 2.9902188 | AH19: ea
C20: #1 dio | D20: ns | E20: 293.612 | F20: 251.908 | G20: =SUM(E20:F20) -> 545.52 | H20: 111.772 | I20: 433.748 | J20: =SUM(H20:I20) -> 545.52 | L20: 322.134 | M20: 223.386 | N20: =SUM(L20:M20) -> 545.52 | O20: 140.294 | P20: 405.226 | Q20: =SUM(O20:P20) -> 545.52 | U20: =1/U19*1000 -> 25.432867 | V20: ns | X20: low# | Y20: =Y17/$U$20 -> 17.723129 | Z20: ea | AA20: =AA17/$U$20 -> 10.350779 | AB20: ea | AD20: low# | AE20: =AE17/$U$11 -> 5.1482988 | AF20: ea | AG20: =AG17/$U$11 -> 9.2175576 | AH20: ea
C21: #1 skew | D21: ns | E21: =E17*(31-1) -> -67.44 | F21: =F17*(31-1) -> 67.44 | G21: =G17*(31-1) -> 0 | H21: =H17*(31-1) -> -67.44 | I21: =I17*(31-1) -> 67.44 | J21: =J17*(31-1) -> 0 | L21: =L17*(31-1) -> -39.99 | M21: =M17*(31-1) -> 39.99 | N21: =N17*(31-1) -> 0 | O21: =O17*(31-1) -> -39.99 | P21: =P17*(31-1) -> 39.99 | Q21: =Q17*(31-1) -> 0 | T21: high# | U21: 20 | V21: ea
T22: low# | U22: 10 | V22: ea | W22: worst case | Y22: =ROUNDDOWN(Y19,0) -> 4 | Z22: ea | AA22: =ROUNDUP(AA19,0) -> 12 | AB22: ea | AC22: worst case | AE22: =ROUNDDOWN(AE19,0) -> 7 | AF22: ea | AG22: =ROUNDUP(AG19,0) -> 3 | AH22: ea
C23: VSYNCI to VSYNCO delay(max) | D23: ns | E23: 8.656 | T23: baudrate | U23: =U20*(U21+U22) -> 762.98602 | V23: ns | W23: @last xd | Y23: =ROUNDUP(Y20,0) -> 18 | Z23: ea | AA23: =ROUNDDOWN(AA20,0) -> 10 | AB23: ea | AC23: @xc | AE23: =ROUNDUP(AE20,0) -> 6 | AF23: ea | AG23: =ROUNDDOWN(AG20,0) -> 9 | AH23: ea
C24: VSYNCI to VSYNCO delay(typ) | D24: ns | L24: =E23*M2 -> 4.6550001 | U24: =1/U23*1000 -> 1.31064 | V24: mbps | W24: validation | X24: ①min # ≥ 2ea ② min gap# ≥ 2ea
E26: max | H26: 30 | I26: mhz | L26: typ | O26: 30 | P26: mhz | T26: serial latency according to mclk variation
B27: XC | E27: es2 | H27: =1/H26*1000 -> 33.333333 | I27: ns | L27: es2 | O27: =1/O26*1000 -> 33.333333 | P27: ns | T27: 39.312 | U27: mhz | V27: 0.091 | W27: variation
E28: high | F28: low | H28: =H27/2 -> 16.666667 | I28: ns | L28: high | M28: low | O28: =O27/2 -> 16.666667 | P28: ns | T28: =T27+T27*V27 -> 42.889392 | U28: mhz | V28: =1/T28*1000 -> 23.315789 | W28: ns
C29: SCLK | D29: ns | E29: 16.67 | F29: =E29 -> 16.67 | L29: 16.67 | M29: =L29 -> 16.67 | T29: =T27-T27*V27 -> 35.734608 | U29: mhz | V29: =1/T29*1000 -> 27.984076 | W29: ns
C30: SCLKO | D30: ns | E30: 13.972 | F30: 19.368 | L30: 15.158 | M30: 18.182 | T30: 60 | U30: ea | V30: =(T30+12)*V28/1000 -> 1.6787368 | W30: us
C31: SCLK to SCLKO skew | D31: ns | E31: =E30-E29 -> -2.698 | F31: =F30-F29 -> 2.698 | L31: =L30-L29 -> -1.512 | M31: =M30-M29 -> 1.512 | V31: =T30*V29/1000 -> 1.6790446 | W31: us
C32: SCLK to SCLKO delay | D32: ns | E32: 10.218 | L32: 5.387 | M32: =L32/E32 -> 0.52720689 | T32: gap | U32: us | V32: =V30-V31 -> -0.00030779919 | W32: us
E33: high | F33: low | L33: high | M33: low
C34: MOSI to SDO delay | D34: ns | E34: 9.761 | F34: 6.975 | L34: 5.164 | M34: 3.619 | T34: POR Initialize
C35: SCLKO to SDO skew | D35: ns | E35: =E34-E32 -> -0.457 | L35: =L34-L32 -> -0.223 | U35: Vdd ramp-up | W35: digital por after mclk activation | AC35: wait for 1st cmd
U36: analog por | W36: digital [ea] | X36: mclk | Y36: release | AA36: otp down | AC36: total wait
C37: SCLK to MISO delay | D37: ns | E37: 11.964 | L37: 6.261 | M37: =L37/E37 -> 0.52331996 | U37: max [ms] | W37: 16 | X37: [mhz] | Y37: [ms] | AA37: [ms] | AC37: [ms]
C38: SCLK to #2 MISO delay | D38: ns | E38: =E32+E37 -> 22.182 | L38: =L32+L37 -> 11.648 | T38: XC | U38: 3~5 | W38: =2^W37 -> 65536 | X38: 10 | Y38: =W38*(1/X38)/1000 -> 6.5536 | AA38: 1 | AC38: =Y38+AA38 -> 7.5536
C39: SCLK to #3 MISO delay | D39: ns | E39: =E32*2+E37 -> 32.4 | L39: =L32*2+L37 -> 17.035 | T39: XD_BFI | U39: 2~5 | W39: =2^W37 -> 65536 | X39: =14.75 -> 14.75 | Y39: =W39*(1/X39)/1000 -> 4.4431186 | AA39: 1 | AC39: =Y39+AA39 -> 5.4431186
T40: XD_PWM | U40: 2~5 | W40: =2^W37 -> 65536 | X40: 39.312 | Y40: =W40*(1/X40)/1000 -> 1.6670737 | AA40: 1 | AC40: =Y40+AA40 -> 2.6670737
C41: #1 max write access | D41: ns | H41: na | I41: up to 30mhz | O41: na | P41: up to 30mhz
C42: #1 read margin | D42: ns | H42: =H28-E37 -> 4.7026667 | I42: min setup time | O42: =O28-L37 -> 10.405667 | P42: min setup time
C44: #2 daisied max write access | D44: ns | H44: na | I44: up to 30mhz | O44: na | P44: up to 30mhz
C45: #2 daisied read margin | D45: ns | H45: =1/(2* (E32+E37+5))*1000 -> 18.394526 | I45: max readable freq | O45: =1/(2* (L32+L37+5))*1000 -> 30.033638 | P45: max readable freq

Sheet mclk_pwm
B2: frame | C2: hz | D2: 100 | E2: 120 | F2: 144 | G2: 165 | H2: 240 | I2: =D2*2^(D4-I4) -> 800 | J2: =E2*2^(E4-J4) -> 960 | K2: =G2*2^(F4-K4) -> 1320 | L2: =H2*2^(G4-L4) -> 1920 | O2: frame | P2: hz | Q2: 100 | R2: 120 | S2: 144 | T2: 165 | U2: 240 | V2: =Q2*2^(Q4-V4) -> 800 | W2: =R2*2^(R4-W4) -> 960 | X2: =T2*2^(S4-X4) -> 1320 | Y2: =U2*2^(T4-Y4) -> 1920 | AB2: frame | AC2: hz | AD2: 100 | AE2: 120 | AF2: =AD2*2^(AD4-AF4) -> 200 | AG2: =AE2*2^(AE4-AG4) -> 240 | AH2: =AD2*2^(AD4-AH4) -> 400 | AI2: =AE2*2^(AE4-AI4) -> 480 | AJ2: =AD2*2^(AD4-AJ4) -> 800 | AK2: =AE2*2^(AE4-AK4) -> 960 | AL2: =AJ2*2^(AJ4-AL4) -> 1600 | AM2: =AK2*2^(AK4-AM4) -> 1920 | AN2: =AL2*2^(AL4-AN4) -> 3200 | AO2: =AM2*2^(AM4-AO4) -> 3840
C3: us | D3: =1/D2*1000000 -> 10000 | E3: =1/E2*1000000 -> 8333.3333 | F3: =1/F2*1000000 -> 6944.4444 | G3: =1/G2*1000000 -> 6060.6061 | H3: =1/H2*1000000 -> 4166.6667 | I3: =1/I2*1000000 -> 1250 | J3: =1/J2*1000000 -> 1041.6667 | K3: =1/K2*1000000 -> 757.57576 | L3: =1/L2*1000000 -> 520.83333 | P3: us | Q3: =1/Q2*1000000 -> 10000 | R3: =1/R2*1000000 -> 8333.3333 | S3: =1/S2*1000000 -> 6944.4444 | T3: =1/T2*1000000 -> 6060.6061 | U3: =1/U2*1000000 -> 4166.6667 | V3: =1/V2*1000000 -> 1250 | W3: =1/W2*1000000 -> 1041.6667 | X3: =1/X2*1000000 -> 757.57576 | Y3: =1/Y2*1000000 -> 520.83333 | AC3: us | AD3: =1/AD2*1000000 -> 10000 | AE3: =1/AE2*1000000 -> 8333.3333 | AF3: =1/AF2*1000000 -> 5000 | AG3: =1/AG2*1000000 -> 4166.6667 | AH3: =1/AH2*1000000 -> 2500 | AI3: =1/AI2*1000000 -> 2083.3333 | AJ3: =1/AJ2*1000000 -> 1250 | AK3: =1/AK2*1000000 -> 1041.6667 | ... AO3: =1/AO2*1000000 -> 260.41667
B4: pwm_res | C4: bit | D4: 12 | E4: 12 | F4: 12 | G4: 12 | H4: 12 | I4: 9 | J4: 9 | K4: 9 | L4: 9 | O4: pwm_res | P4: bit | Q4: 14 | R4: 14 | S4: 14 | T4: 14 | U4: 14 | V4: 11 | W4: 11 | X4: 11 | Y4: 11 | AB4: pwm_res | AC4: bit | AD4: 14 | AE4: 14 | AF4: 13 | AG4: 13 | AH4: 12 | AI4: 12 | AJ4: 11 | AK4: 11 | AL4: 10 | AM4: 10 | AN4: 9 | AO4: 9
C5: ea | D5: =2^$D$4-1 -> 4095 | E5: =2^$D$4-1 -> 4095 | F5: =2^$D$4-1 -> 4095 | G5: =2^$D$4-1 -> 4095 | H5: =2^$D$4-1 -> 4095 | I5: =2^$I$4-1 -> 511 | J5: =2^$I$4-1 -> 511 | K5: =2^$I$4-1 -> 511 | L5: =2^$I$4-1 -> 511 | P5: ea | Q5: =2^$Q$4-1 -> 16383 | R5: =2^$Q$4-1 -> 16383 | S5: =2^$Q$4-1 -> 16383 | T5: =2^$Q$4-1 -> 16383 | U5: =2^$Q$4-1 -> 16383 | V5: =2^$V$4-1 -> 2047 | W5: =2^$V$4-1 -> 2047 | X5: =2^$V$4-1 -> 2047 | Y5: =2^$V$4-1 -> 2047 | AC5: ea | AD5: =2^$Q$4-1 -> 16383 | AE5: =2^$Q$4-1 -> 16383 | AF5: =2^AF4-1 -> 8191 | AG5: =2^AG4-1 -> 8191 | AH5: =2^AH4-1 -> 4095 | AI5: =2^AI4-1 -> 4095 | AJ5: =2^AJ4-1 -> 2047 | AK5: =2^AK4-1 -> 2047 | AL5: =2^AL4-1 -> 1023 | AM5: =2^AM4-1 -> 1023 | ... AO5: =2^AO4-1 -> 511
C6: us | D6: =D3/D5 -> 2.4420024 | E6: =E3/E5 -> 2.035002 | F6: =F3/F5 -> 1.695835 | G6: =G3/G5 -> 1.4800015 | H6: =H3/H5 -> 1.017501 | I6: =I3/I5 -> 2.446184 | J6: =J3/J5 -> 2.0384866 | K6: =K3/K5 -> 1.4825357 | L6: =L3/L5 -> 1.0192433 | P6: us | Q6: =Q3/Q5 -> 0.61038882 | R6: =R3/R5 -> 0.50865735 | S6: =S3/S5 -> 0.42388112 | T6: =T3/T5 -> 0.36993262 | U6: =U3/U5 -> 0.25432867 | V6: =V3/V5 -> 0.61064973 | W6: =W3/W5 -> 0.50887478 | X6: =X3/X5 -> 0.37009075 | Y6: =Y3/Y5 -> 0.25443739 | AC6: us | AD6: =AD3/AD5 -> 0.61038882 | AE6: =AE3/AE5 -> 0.50865735 | AF6: =AF3/AF5 -> 0.61042608 | AG6: =AG3/AG5 -> 0.5086884 | AH6: =AH3/AH5 -> 0.61050061 | AI6: =AI3/AI5 -> 0.50875051 | AJ6: =AJ3/AJ5 -> 0.61064973 | AK6: =AK3/AK5 -> 0.50887478 | ... AO6: =AO3/AO5 -> 0.50962166
B7: fpwm_div | C7: ea | D7: 96 | E7: 80 | F7: 68 | G7: 60 | H7: =E7/2 -> 40 | I7: =D7 -> 96 | J7: =E7 -> 80 | K7: =G7 -> 60 | L7: =H7 -> 40 | O7: fpwm_div | P7: ea | Q7: 24 | R7: 20 | S7: =F7/4 -> 17 | T7: =G7/4 -> 15 | U7: =H7/4 -> 10 | V7: =Q7 -> 24 | W7: =R7 -> 20 | X7: =T7 -> 15 | Y7: =U7 -> 10 | AB7: fpwm_div | AC7: ea | AD7: =Q7 -> 24 | AE7: =R7 -> 20 | AF7: =AD7 -> 24 | AG7: =AE7 -> 20 | AH7: =AF7 -> 24 | AI7: =AG7 -> 20 | AJ7: =AH7 -> 24 | AK7: =AI7 -> 20 | AL7: =AJ7 -> 24 | AM7: =AK7 -> 20 | ... AO7: =AM7 -> 20
B8: mclk | C8: mhz | D8: =1/D9 -> 39.312 | E8: =1/E9 -> 39.312 | F8: =1/F9 -> 40.09824 | G8: =1/G9 -> 40.5405 | H8: =1/H9 -> 39.312 | I8: =1/I9 -> 39.2448 | J8: =1/J9 -> 39.2448 | K8: =1/K9 -> 40.4712 | L8: =1/L9 -> 39.2448 | O8: mclk | P8: mhz | Q8: =1/Q9 -> 39.3192 | R8: =1/R9 -> 39.3192 | S8: =1/S9 -> 40.105584 | T8: =1/T9 -> 40.547925 | U8: =1/U9 -> 39.3192 | V8: =1/V9 -> 39.3024 | W8: =1/W9 -> 39.3024 | X8: =1/X9 -> 40.5306 | Y8: =1/Y9 -> 39.3024 | AB8: mclk | AC8: mhz | AD8: =1/AD9 -> 39.3192 | AE8: =1/AE9 -> 39.3192 | AF8: =1/AF9 -> 39.3168 | AG8: =1/AG9 -> 39.3168 | AH8: =1/AH9 -> 39.312 | AI8: =1/AI9 -> 39.312 | AJ8: =1/AJ9 -> 39.3024 | AK8: =1/AK9 -> 39.3024 | ... AO8: =1/AO9 -> 39.2448
C9: us | D9: =D3/D5/D7 -> 0.025437525 | E9: =E3/E5/E7 -> 0.025437525 | F9: =F3/F5/F7 -> 0.02493875 | G9: =G3/G5/G7 -> 0.024666691 | H9: =H3/H5/H7 -> 0.025437525 | I9: =(I3*I15)/(I5*I15)/I7 -> 0.025481083 | J9: =(J3*J15)/(J5*J15)/J7 -> 0.025481083 | K9: =(K3*K15)/(K5*K15)/K7 -> 0.024708929 | L9: =(L3*L15)/(L5*L15)/L7 -> 0.025481083 | P9: us | Q9: =Q3/Q5/Q7 -> 0.025432867 | R9: =R3/R5/R7 -> 0.025432867 | S9: =S3/S5/S7 -> 0.024934184 | T9: =T3/T5/T7 -> 0.024662174 | U9: =U3/U5/U7 -> 0.025432867 | V9: =(V3*V15)/(V5*V15)/V7 -> 0.025443739 | W9: =(W3*W15)/(W5*W15)/W7 -> 0.025443739 | X9: =(X3*X15)/(X5*X15)/X7 -> 0.024672716 | Y9: =(Y3*Y15)/(Y5*Y15)/Y7 -> 0.025443739 | AC9: us | AD9: =AD3/AD5/AD7 -> 0.025432867 | AE9: =AE3/AE5/AE7 -> 0.025432867 | AF9: =AF3/AF5/AF7 -> 0.02543442 | AG9: =AG3/AG5/AG7 -> 0.02543442 | AH9: =AH3/AH5/AH7 -> 0.025437525 | AI9: =AI3/AI5/AI7 -> 0.025437525 | AJ9: =AJ3/AJ5/AJ7 -> 0.025443739 | AK9: =AK3/AK5/AK7 -> 0.025443739 | ... AO9: =AO3/AO5/AO7 -> 0.025481083
B10: mclk_cnt | C10: ea | D10: =D3/D9 -> 393120 | E10: =E3/E9 -> 327600 | F10: =F3/F9 -> 278460 | G10: =G3/G9 -> 245700 | H10: =H3/H9 -> 163800 | I10: =I3*I15/I9 -> 392448 | J10: =J3*J15/J9 -> 327040 | K10: =K3*K15/K9 -> 245280 | L10: =L3*L15/L9 -> 163520 | O10: mclk_cnt | P10: ea | Q10: =Q3/Q9 -> 393192 | R10: =R3/R9 -> 327660 | S10: =S3/S9 -> 278511 | T10: =T3/T9 -> 245745 | U10: =U3/U9 -> 163830 | V10: =V3*V15/V9 -> 393024 | W10: =W3*W15/W9 -> 327520 | X10: =X3*X15/X9 -> 245640 | Y10: =Y3*Y15/Y9 -> 163760 | AB10: mclk_cnt | AC10: ea | AD10: =AD3/AD9 -> 393192 | AE10: =AE3/AE9 -> 327660 | AF10: =AF3*2^($AD$4-AF4)/AF9 -> 393168 | AG10: =AG3*2^($AE$4-AG4)/AG9 -> 327640 | AH10: =AH3*2^($AD$4-AH4)/AH9 -> 393120 | AI10: =AI3*2^($AE$4-AI4)/AI9 -> 327600 | AJ10: =AJ3*2^($AD$4-AJ4)/AJ9 -> 393024 | AK10: =AK3*2^($AE$4-AK4)/AK9 -> 327520 | AL10: =AL3*2^($AD$4-AL4)/AL9 -> 392832 | AM10: =AM3*2^($AE$4-AM4)/AM9 -> 327360 | AN10: =AN3*2^($AD$4-AN4)/AN9 -> 392448 | AO10: =AO3*2^($AE$4-AO4)/AO9 -> 327040
C11: hex | D11: =DEC2HEX(D10) -> 5FFA0 | E11: =DEC2HEX(E10) -> 4FFB0 | F11: =DEC2HEX(F10) -> 43FBC | G11: =DEC2HEX(G10) -> 3BFC4 | H11: =DEC2HEX(H10) -> 27FD8 | I11: =DEC2HEX(I10) -> 5FCFF | J11: =DEC2HEX(J10) -> 4FD80 | K11: =DEC2HEX(K10) -> 3BE1F | L11: =DEC2HEX(L10) -> 27EC0 | P11: hex | Q11: =DEC2HEX(Q10) -> 5FFE8 | R11: =DEC2HEX(R10) -> 4FFEC | S11: =DEC2HEX(S10) -> 43FEF | T11: =DEC2HEX(T10) -> 3BFF1 | U11: =DEC2HEX(U10) -> 27FF6 | V11: =DEC2HEX(V10) -> 5FF40 | W11: =DEC2HEX(W10) -> 4FF60 | X11: =DEC2HEX(X10) -> 3BF87 | Y11: =DEC2HEX(Y10) -> 27FB0 | AC11: hex | AD11: =DEC2HEX(AD10) -> 5FFE8 | AE11: =DEC2HEX(AE10) -> 4FFEC | AF11: =DEC2HEX(AF10) -> 5FFD0 | AG11: =DEC2HEX(AG10) -> 4FFD8 | AH11: =DEC2HEX(AH10) -> 5FFA0 | AI11: =DEC2HEX(AI10) -> 4FFB0 | AJ11: =DEC2HEX(AJ10) -> 5FF40 | AK11: =DEC2HEX(AK10) -> 4FF60 | ... AO11: =DEC2HEX(AO10) -> 4FD80
C12: 20 | D12: =2^C12-1 -> 1048575
C13: [ms] | D13: =$D$12*D9 -> 26673.153 | E13: =$D$12*E9 -> 26673.153 | F13: =$D$12*F9 -> 26150.15 | G13: =$D$12*G9 -> 25864.876 | H13: =$D$12*H9 -> 26673.153 | I13: =$D$12*I9 -> 26718.826 | J13: =$D$12*J9 -> 26718.826 | K13: =$D$12*K9 -> 25909.165 | L13: =$D$12*L9 -> 26718.826
C14: 50hz | D14: =D10*2 -> 786240
B15: scan# | C15: ea | D15: =2^($D$4-D4) -> 1 | E15: =2^($E$4-E4) -> 1 | F15: =2^($F$4-F4) -> 1 | G15: =2^($G$4-G4) -> 1 | H15: =2^($H$4-H4) -> 1 | I15: =2^(D4-I4) -> 8 | J15: =2^(E4-J4) -> 8 | K15: =2^(G4-K4) -> 8 | L15: =2^(H4-L4) -> 8 | O15: scan# | P15: ea | Q15: =2^($Q$4-Q4) -> 1 | R15: =2^($Q$4-R4) -> 1 | S15: =2^($Q$4-S4) -> 1 | T15: =2^($Q$4-T4) -> 1 | U15: =2^($Q$4-U4) -> 1 | V15: 8 | W15: 8 | X15: 8 | Y15: 8 | AB15: scan# | AC15: ea | AD15: =2^($AD$4-AD4) -> 1 | AE15: =2^($AD$4-AE4) -> 1 | AF15: =2^($AD$4-AF4) -> 2 | AG15: =2^($AE$4-AG4) -> 2 | AH15: =2^($AD$4-AH4) -> 4 | AI15: =2^($AE$4-AI4) -> 4 | AJ15: =2^($AD$4-AJ4) -> 8 | AK15: =2^($AE$4-AK4) -> 8 | AL15: =2^($AD$4-AL4) -> 16 | AM15: =2^($AE$4-AM4) -> 16 | AN15: =2^($AD$4-AN4) -> 32 | AO15: =2^($AE$4-AO4) -> 32
B17: xd mclk | C17: mhz | D17: =D8 -> 39.312 | F17: xd mhz | G17: =D17 -> 39.312 | H17: xc mhz | I17: 8 | J17: 12 | K17: 14.75
B18: serial high | C18: 53 | D18: =(1/$D$17)*C18 -> 1.3481888 | E18: us | F18: 20 | G18: =$G$9*F18 -> 0.49333383 | I18: =G18/(1/$I$17) -> 3.9466706 | J18: =G18/(1/$J$17) -> 5.9200059 | K18: =G18/(1/$K$17) -> 7.2766739
B19: serial low | C19: 26 | D19: =(1/$D$17)*C19 -> 0.66137566 | E19: us | F19: 10 | G19: =$G$9*F19 -> 0.24666691 | I19: =G19/(1/$I$17) -> 1.9733353 | J19: =G19/(1/$J$17) -> 2.960003 | K19: =G19/(1/$K$17) -> 3.638337
B20: serial 1bit | C20: =C18+C19 -> 79 | D20: =(1/$D$17)*C20 -> 2.0095645 | E20: us | F20: =F18+F19 -> 30 | G20: =$G$9*F20 -> 0.74000074 | I20: =G20/(1/$I$17) -> 5.9200059 | J20: =G20/(1/$J$17) -> 8.8800089 | K20: =G20/(1/$K$17) -> 10.915011
B21: baudrate | C21: mbps | D21: =1/D20 -> 0.49762025 | E21: mbps | G21: =1/G20 -> 1.35135
C24: 0.0008 | D24: =$C$24*D10+D10 -> 393434.5 | E24: =$C$24*E10+E10 -> 327862.08 | F24: =$C$24*F10+F10 -> 278682.77 | G24: =$C$24*G10+G10 -> 245896.56 | H24: =$C$24*H10+H10 -> 163931.04 | I24: =$C$24*I10+I10 -> 392761.96 | J24: =$C$24*J10+J10 -> 327301.63 | K24: =$C$24*K10+K10 -> 245476.22 | L24: =$C$24*L10+L10 -> 163650.82 | P24: 0.0008 | Q24: =$C$24*Q10+Q10 -> 393506.55 | R24: =$C$24*R10+R10 -> 327922.13 | S24: =$C$24*S10+S10 -> 278733.81 | T24: =$C$24*T10+T10 -> 245941.6 | U24: =$C$24*U10+U10 -> 163961.06 | V24: =$C$24*V10+V10 -> 393338.42 | W24: =$C$24*W10+W10 -> 327782.02 | X24: =$C$24*X10+X10 -> 245836.51 | Y24: =$C$24*Y10+Y10 -> 163891.01

Sheet mclk_transition1
B2: PWM 12-bit | Z2: PWM 14-bit
B3: REFERENCE | C3: =20/16 -> 1.25 | D3: hz | F3: 1 | G3: =F3+1 -> 2 | H3: =G3+1 -> 3 | I3: =H3+1 -> 4 | J3: =I3+1 -> 5 | K3: =J3+1 -> 6 | L3: =K3+1 -> 7 | M3: =L3+1 -> 8 | N3: =M3+1 -> 9 | ... U3: =T3+1 -> 16 | Z3: REFERENCE | AA3: =20/4 -> 5 | AB3: hz
B4: frame | C4: hz | D4: 100 | E4: 100 | F4: =E4+$C$3 -> 101.25 | G4: =F4+$C$3 -> 102.5 | H4: =G4+$C$3 -> 103.75 | I4: =H4+$C$3 -> 105 | J4: =I4+$C$3 -> 106.25 | K4: =J4+$C$3 -> 107.5 | L4: =K4+$C$3 -> 108.75 | M4: =L4+$C$3 -> 110 | ... U4: =T4+$C$3 -> 120 | V4: =U4 -> 120 | W4: =V4 -> 120 | X4: =W4 -> 120 | Z4: frame | AA4: hz | AB4: 100 | AC4: =AB4+5 -> 105 | AD4: =AC4+5 -> 110 | AE4: =AD4+5 -> 115 | AF4: =AE4+5 -> 120 | AG4: =AF4 -> 120
C5: us | D5: =1/D4*1000000 -> 10000 | E5: =1/E4*1000000 -> 10000 | F5: =1/F4*1000000 -> 9876.5432 | G5: =1/G4*1000000 -> 9756.0976 | H5: =1/H4*1000000 -> 9638.5542 | I5: =1/I4*1000000 -> 9523.8095 | J5: =1/J4*1000000 -> 9411.7647 | K5: =1/K4*1000000 -> 9302.3256 | ... X5: =1/X4*1000000 -> 8333.3333 | AA5: us | AB5: =1/AB4*1000000 -> 10000 | AC5: =1/AC4*1000000 -> 9523.8095 | AD5: =1/AD4*1000000 -> 9090.9091 | AE5: =1/AE4*1000000 -> 8695.6522 | AF5: =1/AF4*1000000 -> 8333.3333 | AG5: =1/AG4*1000000 -> 8333.3333
B6: pwm_res | C6: bit | D6: 12 | E6: =D6 -> 12 | F6: =E6 -> 12 | G6: =F6 -> 12 | H6: =G6 -> 12 | I6: =H6 -> 12 | J6: =I6 -> 12 | K6: =J6 -> 12 | L6: =K6 -> 12 | ... X6: =W6 -> 12 | Z6: pwm_res | AA6: bit | AB6: 14 | AC6: 14 | AD6: 14 | AE6: =AD6 -> 14 | AF6: =AE6 -> 14 | AG6: =AF6 -> 14
C7: ea | D7: =2^$D$6-1 -> 4095 | E7: =2^$D$6-1 -> 4095 | F7: =2^$D$6-1 -> 4095 | G7: =2^$D$6-1 -> 4095 | H7: =2^$D$6-1 -> 4095 | I7: =2^$D$6-1 -> 4095 | J7: =2^$D$6-1 -> 4095 | K7: =2^$D$6-1 -> 4095 | ... X7: =2^$D$6-1 -> 4095 | AA7: ea | AB7: =2^$AB$6-1 -> 16383 | AC7: =2^$AB$6-1 -> 16383 | AD7: =2^$AB$6-1 -> 16383 | AE7: =2^$AB$6-1 -> 16383 | AF7: =2^$AB$6-1 -> 16383 | AG7: =2^$AB$6-1 -> 16383
C8: us | D8: =D5/D7 -> 2.4420024 | E8: =E5/E7 -> 2.4420024 | F8: =F5/F7 -> 2.4118543 | G8: =G5/G7 -> 2.3824414 | H8: =H5/H7 -> 2.3537373 | I8: =I5/I7 -> 2.3257166 | J8: =J5/J7 -> 2.2983552 | K8: =K5/K7 -> 2.2716302 | ... X8: =X5/X7 -> 2.035002 | AA8: us | AB8: =AB5/AB7 -> 0.61038882 | AC8: =AC5/AC7 -> 0.58132268 | AD8: =AD5/AD7 -> 0.55489893 | AE8: =AE5/AE7 -> 0.53077288 | AF8: =AF5/AF7 -> 0.50865735 | AG8: =AG5/AG7 -> 0.50865735
B9: fpwm_div | C9: ea | D9: 96 | E9: =D9 -> 96 | F9: =E9-1 -> 95 | G9: =F9-1 -> 94 | H9: =G9-1 -> 93 | I9: =H9-1 -> 92 | J9: =I9-1 -> 91 | K9: =J9-1 -> 90 | L9: =K9-1 -> 89 | M9: =L9-1 -> 88 | ... U9: =T9-1 -> 80 | V9: =U9 -> 80 | W9: =V9 -> 80 | X9: =W9 -> 80 | Z9: fpwm_div | AA9: ea | AB9: 24 | AC9: =AB9-1 -> 23 | AD9: =AC9-1 -> 22 | AE9: =AD9-1 -> 21 | AF9: =AE9-1 -> 20 | AG9: =AF9 -> 20
B10: mclk | C10: mhz | D10: =1/D11 -> 39.312 | E10: =1/E11 -> 39.312 | F10: =1/F11 -> 39.388781 | G10: =1/G11 -> 39.455325 | H10: =1/H11 -> 39.511631 | I10: =1/I11 -> 39.5577 | J10: =1/J11 -> 39.593531 | K10: =1/K11 -> 39.619125 | ... X10: =1/X11 -> 39.312 | Z10: mclk | AA10: mhz | AB10: =1/AB11 -> 39.3192 | AC10: =1/AC11 -> 39.564945 | AD10: =1/AD11 -> 39.64686 | AE10: =1/AE11 -> 39.564945 | AF10: =1/AF11 -> 39.3192 | AG10: =1/AG11 -> 39.3192
C11: us | D11: =D5/D7/D9 -> 0.025437525 | E11: =E5/E7/E9 -> 0.025437525 | F11: =F5/F7/F9 -> 0.02538794 | G11: =G5/G7/G9 -> 0.025345121 | H11: =H5/H7/H9 -> 0.025309003 | I11: =I5/I7/I9 -> 0.025279528 | J11: =J5/J7/J9 -> 0.025256651 | K11: =K5/K7/K9 -> 0.025240335 | ... X11: =X5/X7/X9 -> 0.025437525 | AA11: us | AB11: =AB5/AB7/AB9 -> 0.025432867 | AC11: =AC5/AC7/AC9 -> 0.025274899 | AD11: =AD5/AD7/AD9 -> 0.025222678 | AE11: =AE5/AE7/AE9 -> 0.025274899 | AF11: =AF5/AF7/AF9 -> 0.025432867 | AG11: =AG5/AG7/AG9 -> 0.025432867
B12: adjacent | C12: % | E12: =(E10-D10)/D10 -> 0 | F12: =(F10-E10)/E10 -> 0.001953125 | G12: =(G10-F10)/F10 -> 0.0016894087 | H12: =(H10-G10)/G10 -> 0.0014270887 | I12: =(I10-H10)/H10 -> 0.0011659541 | J12: =(J10-I10)/I10 -> 0.0009057971 | K12: =(K10-J10)/J10 -> 0.00064641241 | L12: =(L10-K10)/K10 -> 0.0003875969 | ... X12: =(X10-W10)/W10 -> 0 | Z12: adjacent | AA12: % | AC12: =(AC10-AB10)/$AB$10 -> 0.00625 | AD12: =(AD10-AC10)/$AB$10 -> 0.0020833333 | AE12: =(AE10-AD10)/$AB$10 -> -0.0020833333 | AF12: =(AF10-AE10)/$AB$10 -> -0.00625 | AG12: =(AG10-AF10)/$AB$10 -> 0
B13: from ref | C13: % | D13: =(D10-$D$10)/$D$10 -> 0 | E13: =(E10-$D$10)/$D$10 -> 0 | F13: =(F10-$D$10)/$D$10 -> 0.001953125 | G13: =(G10-$D$10)/$D$10 -> 0.0036458333 | H13: =(H10-$D$10)/$D$10 -> 0.005078125 | I13: =(I10-$D$10)/$D$10 -> 0.00625 | J13: =(J10-$D$10)/$D$10 -> 0.0071614583 | K13: =(K10-$D$10)/$D$10 -> 0.0078125 | ... X13: =(X10-$D$10)/$D$10 -> 0 | Z13: from ref | AA13: % | AB13: =(AB10-$AB$10)/$AB$10 -> 0 | AC13: =(AC10-$AB$10)/$AB$10 -> 0.00625 | AD13: =(AD10-$AB$10)/$AB$10 -> 0.0083333333 | AE13: =(AE10-$AB$10)/$AB$10 -> 0.00625 | AF13: =(AF10-$AB$10)/$AB$10 -> 0 | AG13: =(AG10-$AB$10)/$AB$10 -> 0
B15: mclk_cnt | C15: ea | D15: =(D5/D11)+(D5/D11)*$B$16 -> 393120 | E15: =(E5/E11)+(E5/E11)*$B$16 -> 393120 | F15: =(F5/F11)+(F5/F11)*$B$16 -> 389025 | G15: =(G5/G11)+(G5/G11)*$B$16 -> 384930 | H15: =(H5/H11)+(H5/H11)*$B$16 -> 380835 | I15: =(I5/I11)+(I5/I11)*$B$16 -> 376740 | J15: =(J5/J11)+(J5/J11)*$B$16 -> 372645 | K15: =(K5/K11)+(K5/K11)*$B$16 -> 368550 | ... X15: =(X5/X11)+(X5/X11)*$B$16 -> 327600 | Z15: mclk_cnt | AA15: ea | AB15: =(AB5/AB11)+(AB5/AB11)*$Z$16 -> 393192 | AC15: =(AC5/AC11)+(AC5/AC11)*$Z$16 -> 376809 | AD15: =(AD5/AD11)+(AD5/AD11)*$Z$16 -> 360426 | AE15: =(AE5/AE11)+(AE5/AE11)*$Z$16 -> 344043 | AF15: =(AF5/AF11)+(AF5/AF11)*$Z$16 -> 327660 | AG15: =(AG5/AG11)+(AG5/AG11)*$Z$16 -> 327660
B16: 0 | C16: hex | D16: =DEC2HEX(D15) -> 5FFA0 | E16: =DEC2HEX(E15) -> 5FFA0 | F16: =DEC2HEX(F15) -> 5EFA1 | G16: =DEC2HEX(G15) -> 5DFA2 | H16: =DEC2HEX(H15) -> 5CFA2 | I16: =DEC2HEX(I15) -> 5BFA4 | J16: =DEC2HEX(J15) -> 5AFA5 | K16: =DEC2HEX(K15) -> 59FA6 | ... X16: =DEC2HEX(X15) -> 4FFB0 | Z16: 0 | AA16: hex | AB16: =DEC2HEX(AB15) -> 5FFE8 | AC16: =DEC2HEX(AC15) -> 5BFE9 | AD16: =DEC2HEX(AD15) -> 57FEA | AE16: =DEC2HEX(AE15) -> 53FEB | AF16: =DEC2HEX(AF15) -> 4FFEC | AG16: =DEC2HEX(AG15) -> 4FFEC
B17: from ref | C17: % | D17: =(D15-$D$15)/$D$15 -> 0 | E17: =(E15-$D$15)/$D$15 -> 0 | F17: =(F15-$D$15)/$D$15 -> -0.010416667 | G17: =(G15-$D$15)/$D$15 -> -0.020833333 | H17: =(H15-$D$15)/$D$15 -> -0.03125 | I17: =(I15-$D$15)/$D$15 -> -0.041666667 | J17: =(J15-$D$15)/$D$15 -> -0.052083333 | K17: =(K15-$D$15)/$D$15 -> -0.0625 | ... X17: =(X15-$D$15)/$D$15 -> -0.16666667 | Z17: from ref | AA17: % | AB17: =(AB15-$AB$15)/$AB$15 -> 0 | AC17: =(AC15-$AB$15)/$AB$15 -> -0.041666667 | AD17: =(AD15-$AB$15)/$AB$15 -> -0.083333333 | AE17: =(AE15-$AB$15)/$AB$15 -> -0.125 | AF17: =(AF15-$AB$15)/$AB$15 -> -0.16666667 | AG17: =(AG15-$AB$15)/$AB$15 -> -0.16666667
B19: REFERENCE | C19: =-20/16 -> -1.25 | D19: hz | F19: 1 | G19: =F19+1 -> 2 | H19: =G19+1 -> 3 | I19: =H19+1 -> 4 | J19: =I19+1 -> 5 | K19: =J19+1 -> 6 | L19: =K19+1 -> 7 | M19: =L19+1 -> 8 | N19: =M19+1 -> 9 | ... U19: =T19+1 -> 16 | Z19: REFERENCE | AA19: =20/4 -> 5 | AB19: hz
B20: frame | C20: hz | D20: 120 | E20: =D20 -> 120 | F20: =E20+$C$19 -> 118.75 | G20: =F20+$C$19 -> 117.5 | H20: =G20+$C$19 -> 116.25 | I20: =H20+$C$19 -> 115 | J20: =I20+$C$19 -> 113.75 | K20: =J20+$C$19 -> 112.5 | L20: =K20+$C$19 -> 111.25 | M20: =L20+$C$19 -> 110 | ... U20: =T20+$C$19 -> 100 | V20: =U20 -> 100 | W20: =V20 -> 100 | X20: =W20 -> 100 | Z20: frame | AA20: hz | AB20: 120 | AC20: =AB20-5 -> 115 | AD20: =AC20-5 -> 110 | AE20: =AD20-5 -> 105 | AF20: =AE20-5 -> 100 | AG20: =AF20 -> 100
C21: us | D21: =1/D20*1000000 -> 8333.3333 | E21: =1/E20*1000000 -> 8333.3333 | F21: =1/F20*1000000 -> 8421.0526 | G21: =1/G20*1000000 -> 8510.6383 | H21: =1/H20*1000000 -> 8602.1505 | I21: =1/I20*1000000 -> 8695.6522 | J21: =1/J20*1000000 -> 8791.2088 | K21: =1/K20*1000000 -> 8888.8889 | ... X21: =1/X20*1000000 -> 10000 | AA21: us | AB21: =1/AB20*1000000 -> 8333.3333 | AC21: =1/AC20*1000000 -> 8695.6522 | AD21: =1/AD20*1000000 -> 9090.9091 | AE21: =1/AE20*1000000 -> 9523.8095 | AF21: =1/AF20*1000000 -> 10000 | AG21: =1/AG20*1000000 -> 10000
B22: pwm_res | C22: bit | D22: 12 | E22: =D22 -> 12 | F22: =E22 -> 12 | G22: =F22 -> 12 | H22: =G22 -> 12 | I22: =H22 -> 12 | J22: =I22 -> 12 | K22: =J22 -> 12 | L22: =K22 -> 12 | ... X22: =W22 -> 12 | Z22: pwm_res | AA22: bit | AB22: 14 | AC22: =AB22 -> 14 | AD22: =AC22 -> 14 | AE22: =AD22 -> 14 | AF22: =AE22 -> 14 | AG22: =AF22 -> 14
C23: ea | D23: =2^$D$6-1 -> 4095 | E23: =2^$D$6-1 -> 4095 | F23: =2^$D$6-1 -> 4095 | G23: =2^$D$6-1 -> 4095 | H23: =2^$D$6-1 -> 4095 | I23: =2^$D$6-1 -> 4095 | J23: =2^$D$6-1 -> 4095 | K23: =2^$D$6-1 -> 4095 | ... X23: =2^$D$6-1 -> 4095 | AA23: ea | AB23: =2^$AB$22-1 -> 16383 | AC23: =2^$AB$22-1 -> 16383 | AD23: =2^$AB$22-1 -> 16383 | AE23: =2^$AB$22-1 -> 16383 | AF23: =2^$AB$22-1 -> 16383 | AG23: =2^$AB$22-1 -> 16383
C24: us | D24: =D21/D23 -> 2.035002 | E24: =E21/E23 -> 2.035002 | F24: =F21/F23 -> 2.0564231 | G24: =G21/G23 -> 2.0783 | H24: =H21/H23 -> 2.1006473 | I24: =I21/I23 -> 2.1234804 | J24: =J21/J23 -> 2.1468153 | K24: =K21/K23 -> 2.1706688 | ... X24: =X21/X23 -> 2.4420024 | AA24: us | AB24: =AB21/AB23 -> 0.50865735 | AC24: =AC21/AC23 -> 0.53077288 | AD24: =AD21/AD23 -> 0.55489893 | AE24: =AE21/AE23 -> 0.58132268 | AF24: =AF21/AF23 -> 0.61038882 | AG24: =AG21/AG23 -> 0.61038882
B25: fpwm_div | C25: ea | D25: 80 | E25: =D25 -> 80 | F25: =E25+1 -> 81 | G25: =F25+1 -> 82 | H25: =G25+1 -> 83 | I25: =H25+1 -> 84 | J25: =I25+1 -> 85 | K25: =J25+1 -> 86 | L25: =K25+1 -> 87 | M25: =L25+1 -> 88 | ... U25: =T25+1 -> 96 | V25: =U25 -> 96 | W25: =V25 -> 96 | X25: =W25 -> 96 | Z25: fpwm_div | AA25: ea | AB25: 20 | AC25: =AB25+1 -> 21 | AD25: =AC25+1 -> 22 | AE25: =AD25+1 -> 23 | AF25: =AE25+1 -> 24 | AG25: =AF25 -> 24
B26: mclk | C26: mhz | D26: =1/D27 -> 39.312 | E26: =1/E27 -> 39.312 | F26: =1/F27 -> 39.388781 | G26: =1/G27 -> 39.455325 | H26: =1/H27 -> 39.511631 | I26: =1/I27 -> 39.5577 | J26: =1/J27 -> 39.593531 | K26: =1/K27 -> 39.619125 | ... X26: =1/X27 -> 39.312 | Z26: mclk | AA26: mhz | AB26: =1/AB27 -> 39.3192 | AC26: =1/AC27 -> 39.564945 | AD26: =1/AD27 -> 39.64686 | AE26: =1/AE27 -> 39.564945 | AF26: =1/AF27 -> 39.3192 | AG26: =1/AG27 -> 39.3192
C27: us | D27: =D21/D23/D25 -> 0.025437525 | E27: =E21/E23/E25 -> 0.025437525 | F27: =F21/F23/F25 -> 0.02538794 | G27: =G21/G23/G25 -> 0.025345121 | H27: =H21/H23/H25 -> 0.025309003 | I27: =I21/I23/I25 -> 0.025279528 | J27: =J21/J23/J25 -> 0.025256651 | K27: =K21/K23/K25 -> 0.025240335 | ... X27: =X21/X23/X25 -> 0.025437525 | AA27: us | AB27: =AB21/AB23/AB25 -> 0.025432867 | AC27: =AC21/AC23/AC25 -> 0.025274899 | AD27: =AD21/AD23/AD25 -> 0.025222678 | AE27: =AE21/AE23/AE25 -> 0.025274899 | AF27: =AF21/AF23/AF25 -> 0.025432867 | AG27: =AG21/AG23/AG25 -> 0.025432867
B28: adjacent | C28: % | E28: =(E26-D26)/D26 -> 0 | F28: =(F26-E26)/E26 -> 0.001953125 | G28: =(G26-F26)/F26 -> 0.0016894087 | H28: =(H26-G26)/G26 -> 0.0014270887 | I28: =(I26-H26)/H26 -> 0.0011659541 | J28: =(J26-I26)/I26 -> 0.0009057971 | K28: =(K26-J26)/J26 -> 0.00064641241 | L28: =(L26-K26)/K26 -> 0.0003875969 | ... X28: =(X26-W26)/W26 -> 0 | Z28: adjacent | AA28: % | AC28: =(AC26-AB26)/$AB$26 -> 0.00625 | AD28: =(AD26-AC26)/$AB$26 -> 0.0020833333 | AE28: =(AE26-AD26)/$AB$26 -> -0.0020833333 | AF28: =(AF26-AE26)/$AB$26 -> -0.00625 | AG28: =(AG26-AF26)/$AB$26 -> 0
B29: from ref | C29: % | D29: =(D26-$D$26)/$D$26 -> 0 | E29: =(E26-$D$26)/$D$26 -> 0 | F29: =(F26-$D$26)/$D$26 -> 0.001953125 | G29: =(G26-$D$26)/$D$26 -> 0.0036458333 | H29: =(H26-$D$26)/$D$26 -> 0.005078125 | I29: =(I26-$D$26)/$D$26 -> 0.00625 | J29: =(J26-$D$26)/$D$26 -> 0.0071614583 | K29: =(K26-$D$26)/$D$26 -> 0.0078125 | ... X29: =(X26-$D$26)/$D$26 -> 0 | Z29: from ref | AA29: % | AB29: =(AB26-$AB$26)/$AB$26 -> 0 | AC29: =(AC26-$AB$26)/$AB$26 -> 0.00625 | AD29: =(AD26-$AB$26)/$AB$26 -> 0.0083333333 | AE29: =(AE26-$AB$26)/$AB$26 -> 0.00625 | AF29: =(AF26-$AB$26)/$AB$26 -> 0 | AG29: =(AG26-$AB$26)/$AB$26 -> 0
B31: mclk_cnt | C31: ea | D31: =(D21/D27)+(D21/D27)*$B$32 -> 327600 | E31: =(E21/E27)+(E21/E27)*$B$32 -> 327600 | F31: =(F21/F27)+(F21/F27)*$B$32 -> 331695 | G31: =(G21/G27)+(G21/G27)*$B$32 -> 335790 | H31: =(H21/H27)+(H21/H27)*$B$32 -> 339885 | I31: =(I21/I27)+(I21/I27)*$B$32 -> 343980 | J31: =(J21/J27)+(J21/J27)*$B$32 -> 348075 | K31: =(K21/K27)+(K21/K27)*$B$32 -> 352170 | ... X31: =(X21/X27)+(X21/X27)*$B$32 -> 393120 | Z31: mclk_cnt | AA31: ea | AB31: =(AB21/AB27)+(AB21/AB27)*$Z$32 -> 327660 | AC31: =(AC21/AC27)+(AC21/AC27)*$Z$32 -> 344043 | AD31: =(AD21/AD27)+(AD21/AD27)*$Z$32 -> 360426 | AE31: =(AE21/AE27)+(AE21/AE27)*$Z$32 -> 376809 | AF31: =(AF21/AF27)+(AF21/AF27)*$Z$32 -> 393192 | AG31: =(AG21/AG27)+(AG21/AG27)*$Z$32 -> 393192
B32: =B16 -> 0 | C32: ea | D32: =DEC2HEX(D31) -> 4FFB0 | E32: =DEC2HEX(E31) -> 4FFB0 | F32: =DEC2HEX(F31) -> 50FAF | G32: =DEC2HEX(G31) -> 51FAE | H32: =DEC2HEX(H31) -> 52FAD | I32: =DEC2HEX(I31) -> 53FAC | J32: =DEC2HEX(J31) -> 54FAB | K32: =DEC2HEX(K31) -> 55FA9 | ... X32: =DEC2HEX(X31) -> 5FFA0 | Z32: =Z16 -> 0 | AA32: hex | AB32: =DEC2HEX(AB31) -> 4FFEC | AC32: =DEC2HEX(AC31) -> 53FEB | AD32: =DEC2HEX(AD31) -> 57FEA | AE32: =DEC2HEX(AE31) -> 5BFE9 | AF32: =DEC2HEX(AF31) -> 5FFE8 | AG32: =DEC2HEX(AG31) -> 5FFE8
C33: hex | D33: =(D31-$D$31)/$D$31 -> 0 | E33: =(E31-$D$31)/$D$31 -> 0 | F33: =(F31-$D$31)/$D$31 -> 0.0125 | G33: =(G31-$D$31)/$D$31 -> 0.025 | H33: =(H31-$D$31)/$D$31 -> 0.0375 | I33: =(I31-$D$31)/$D$31 -> 0.05 | J33: =(J31-$D$31)/$D$31 -> 0.0625 | K33: =(K31-$D$31)/$D$31 -> 0.075 | ... X33: =(X31-$D$31)/$D$31 -> 0.2 | Z33: from ref | AA33: % | AB33: =(AB31-$AB$31)/$AB$31 -> 0 | AC33: =(AC31-$AB$31)/$AB$31 -> 0.05 | AD33: =(AD31-$AB$31)/$AB$31 -> 0.1 | AE33: =(AE31-$AB$31)/$AB$31 -> 0.15 | AF33: =(AF31-$AB$31)/$AB$31 -> 0.2 | AG33: =(AG31-$AB$31)/$AB$31 -> 0.2

Sheet mclk_transition2
B2: @ PWM 12-bit
B3: =mclk_transition1!X15 -> 327600 | C3: =mclk_transition1!D15 -> 393120
B4: transaction# | C4: time | F4: ready | J4: 3 | N4: 3 | R4: 3 | V4: 3 | Z4: 3 | AD4: 3 | AH4: 3 | AL4: 3 | AP4: 3 | AT4: 1 | AX4: 1 | BB4: 1 | BF4: 1 | BJ4: 1 | BN4: 1 | BR4: 1 | BV4: 1 | BZ4: 1 | CD4: 1 | CH4: 1 | CL4: 1 | CP4: 1 | CT4: 1 | CX4: 1 | DB4: 1 | DF4: 1 | DJ4: 3 | DN4: 3 | DR4: 3 | DV4: 3 | DZ4: 3 | ED4: 3 | EH4: 3 | EL4: 3 | EP4: finish
C5: vsync
B7: frame | C7: [hz] | F7: 120 | J7: =F7 -> 120 | N7: =J7 -> 120 | R7: =N7 -> 120 | V7: =R7 -> 120 | Z7: =V7 -> 120 | AD7: =Z7 -> 120 | AH7: =AD7 -> 120 | AL7: =AH7 -> 120 | AP7: =AL7 -> 120 | AT7: =AP7 -> 120 | AX7: =AT7-1.25 -> 118.75 | BB7: =AX7-1.25 -> 117.5 | BF7: =BB7-1.25 -> 116.25 | BJ7: =BF7-1.25 -> 115 | BN7: =BJ7-1.25 -> 113.75 | BR7: =BN7-1.25 -> 112.5 | BV7: =BR7-1.25 -> 111.25 | BZ7: =BV7-1.25 -> 110 | CD7: =BZ7-1.25 -> 108.75 | CH7: =CD7-1.25 -> 107.5 | CL7: =CH7-1.25 -> 106.25 | CP7: =CL7-1.25 -> 105 | CT7: =CP7-1.25 -> 103.75 | CX7: =CT7-1.25 -> 102.5 | DB7: =CX7-1.25 -> 101.25 | DF7: =DB7-1.25 -> 100 | DJ7: =DF7 -> 100 | DN7: =DJ7 -> 100 | DR7: =DN7 -> 100 | DV7: =DR7 -> 100 | DZ7: =DV7 -> 100 | ED7: =DZ7 -> 100 | EH7: =ED7 -> 100 | EL7: =EH7 -> 100 | EP7: =EL7 -> 100
B9: writing to XD | C9: addr
B10: fpwm_div | C10: 0x02 | F10: 79 | J10: =F10 -> 79 | N10: =J10 -> 79 | R10: =N10 -> 79 | V10: =R10 -> 79 | Z10: =V10 -> 79 | AD10: =Z10 -> 79 | AH10: =AD10 -> 79 | AL10: =AH10 -> 79 | AP10: =AL10 -> 79 | AT10: =AP10+1 -> 80 | AX10: =AT10+1 -> 81 | BB10: =AX10+1 -> 82 | BF10: =BB10+1 -> 83 | BJ10: =BF10+1 -> 84 | BN10: =BJ10+1 -> 85 | BR10: =BN10+1 -> 86 | BV10: =BR10+1 -> 87 | BZ10: =BV10+1 -> 88 | CD10: =BZ10+1 -> 89 | CH10: =CD10+1 -> 90 | CL10: =CH10+1 -> 91 | CP10: =CL10+1 -> 92 | CT10: =CP10+1 -> 93 | CX10: =CT10+1 -> 94 | DB10: =CX10+1 -> 95 | DF10: =DB10 -> 95 | DJ10: =DF10 -> 95 | DN10: =DJ10 -> 95 | DR10: =DN10 -> 95 | DV10: =DR10 -> 95 | DZ10: =DV10 -> 95 | ED10: =DZ10 -> 95 | EH10: =ED10 -> 95 | EL10: =EH10 -> 95 | EP10: =EL10 -> 95
B11: mclk_lock_cnt | C11: 0x27/28 | F11: =B3+B3*0.004 -> 328910.4 | J11: =B3+B3*0.005 -> 329238 | N11: =B3+B3*0.006 -> 329565.6 | R11: =B3+B3*0.007 -> 329893.2 | V11: =B3+B3*0.008 -> 330220.8 | Z11: =B3+B3*0.009 -> 330548.4 | AD11: =B3+B3*0.01 -> 330876 | AH11: =B3+B3*0.011 -> 331203.6 | AL11: =B3+B3*0.01235 -> 331645.86 | AP11: =B3+B3*0.01235 -> 331645.86 | AT11: =C3+C3*0.01235 -> 397975.03 | AX11: =AT11 -> 397975.03 | BB11: =AX11 -> 397975.03 | BF11: =BB11 -> 397975.03 | BJ11: =BF11 -> 397975.03 | BN11: =BJ11 -> 397975.03 | BR11: =BN11 -> 397975.03 | BV11: =BR11 -> 397975.03 | BZ11: =BV11 -> 397975.03 | CD11: =BZ11 -> 397975.03 | CH11: =CD11 -> 397975.03 | CL11: =CH11 -> 397975.03 | CP11: =CL11 -> 397975.03 | CT11: =CP11 -> 397975.03 | CX11: =CT11 -> 397975.03 | DB11: =CX11 -> 397975.03 | DF11: =DB11 -> 397975.03 | DJ11: =DF11 -> 397975.03 | DN11: =C3+C3*0.011 -> 397444.32 | DR11: =C3+C3*0.01 -> 397051.2 | DV11: =C3+C3*0.009 -> 396658.08 | DZ11: =C3+C3*0.008 -> 396264.96 | ED11: =C3+C3*0.007 -> 395871.84 | EH11: =C3+C3*0.006 -> 395478.72 | EL11: =C3+C3*0.005 -> 395085.6 | EP11: =C3+C3*0.004 -> 394692.48
B12: mclk_lock_cnt_e | C12: 0x28 | F12: 0 | J12: 0 | N12: 0 | R12: 0 | V12: 0 | Z12: 0 | AD12: 0 | AH12: 0 | AL12: 0 | AP12: 1 | AT12: 1 | AX12: 1 | BB12: 1 | BF12: 1 | BJ12: 1 | BN12: 1 | BR12: 1 | BV12: 1 | BZ12: 1 | CD12: 1 | CH12: 1 | CL12: 1 | CP12: 1 | CT12: 1 | CX12: 1 | DB12: 1 | DF12: 1 | DJ12: 0 | DN12: 0 | DR12: 0 | DV12: 0 | DZ12: 0 | ED12: 0 | EH12: 0 | EL12: 0 | EP12: 0
B14: =C3 -> 393120 | C14: =B3 -> 327600
B15: transaction# | C15: time | F15: normal | J15: 3 | N15: 3 | R15: 3 | V15: 3 | Z15: 3 | AD15: 3 | AH15: 3 | AL15: 3 | AP15: 3 | AT15: 1 | AX15: 1 | BB15: 1 | BF15: 1 | BJ15: 1 | BN15: 1 | BR15: 1 | BV15: 1 | BZ15: 1 | CD15: 1 | CH15: 1 | CL15: 1 | CP15: 1 | CT15: 1 | CX15: 1 | DB15: 1 | DF15: 1 | DJ15: 3 | DN15: 3 | DR15: 3 | DV15: 3 | DZ15: 3 | ED15: 3 | EH15: 3 | EL15: 3 | EP15: finish
C16: vsync
B18: frame | C18: [hz] | F18: 100 | J18: =F18 -> 100 | N18: =J18 -> 100 | R18: =N18 -> 100 | V18: =R18 -> 100 | Z18: =V18 -> 100 | AD18: =Z18 -> 100 | AH18: =AD18 -> 100 | AL18: =AH18 -> 100 | AP18: =AL18 -> 100 | AT18: =AP18 -> 100 | AX18: =AT18+1.25 -> 101.25 | BB18: =AX18+1.25 -> 102.5 | BF18: =BB18+1.25 -> 103.75 | BJ18: =BF18+1.25 -> 105 | BN18: =BJ18+1.25 -> 106.25 | BR18: =BN18+1.25 -> 107.5 | BV18: =BR18+1.25 -> 108.75 | BZ18: =BV18+1.25 -> 110 | CD18: =BZ18+1.25 -> 111.25 | CH18: =CD18+1.25 -> 112.5 | CL18: =CH18+1.25 -> 113.75 | CP18: =CL18+1.25 -> 115 | CT18: =CP18+1.25 -> 116.25 | CX18: =CT18+1.25 -> 117.5 | DB18: =CX18+1.25 -> 118.75 | DF18: =DB18+1.25 -> 120 | DJ18: =DF18 -> 120 | DN18: =DJ18 -> 120 | DR18: =DN18 -> 120 | DV18: =DR18 -> 120 | DZ18: =DV18 -> 120 | ED18: =DZ18 -> 120 | EH18: =ED18 -> 120 | EL18: =EH18 -> 120 | EP18: =EL18 -> 120
B20: writing to XD | C20: addr
B21: fpwm_div | C21: 0x02 | F21: 95 | J21: =F21 -> 95 | N21: =J21 -> 95 | R21: =N21 -> 95 | V21: =R21 -> 95 | Z21: =V21 -> 95 | AD21: =Z21 -> 95 | AH21: =AD21 -> 95 | AL21: =AH21 -> 95 | AP21: =AL21 -> 95 | AT21: =AP21-1 -> 94 | AX21: =AT21-1 -> 93 | BB21: =AX21-1 -> 92 | BF21: =BB21-1 -> 91 | BJ21: =BF21-1 -> 90 | BN21: =BJ21-1 -> 89 | BR21: =BN21-1 -> 88 | BV21: =BR21-1 -> 87 | BZ21: =BV21-1 -> 86 | CD21: =BZ21-1 -> 85 | CH21: =CD21-1 -> 84 | CL21: =CH21-1 -> 83 | CP21: =CL21-1 -> 82 | CT21: =CP21-1 -> 81 | CX21: =CT21-1 -> 80 | DB21: =CX21-1 -> 79 | DF21: =DB21 -> 79 | DJ21: =DF21 -> 79 | DN21: =DJ21 -> 79 | DR21: =DN21 -> 79 | DV21: =DR21 -> 79 | DZ21: =DV21 -> 79 | ED21: =DZ21 -> 79 | EH21: =ED21 -> 79 | EL21: =EH21 -> 79 | EP21: =EL21 -> 79
B22: mclk_lock_cnt | C22: 0x27/28 | F22: =B14+B14*0.004 -> 394692.48 | J22: =B14+B14*0.005 -> 395085.6 | N22: =B14+B14*0.006 -> 395478.72 | R22: =B14+B14*0.007 -> 395871.84 | V22: =B14+B14*0.008 -> 396264.96 | Z22: =B14+B14*0.009 -> 396658.08 | AD22: =B14+B14*0.01 -> 397051.2 | AH22: =B14+B14*0.011 -> 397444.32 | AL22: =B14+B14*0.01235 -> 397975.03 | AP22: =B14+B14*0.01235 -> 397975.03 | AT22: =C14+C14*0.01235 -> 331645.86 | AX22: =AT22 -> 331645.86 | BB22: =AX22 -> 331645.86 | BF22: =BB22 -> 331645.86 | BJ22: =BF22 -> 331645.86 | BN22: =BJ22 -> 331645.86 | BR22: =BN22 -> 331645.86 | BV22: =BR22 -> 331645.86 | BZ22: =BV22 -> 331645.86 | CD22: =BZ22 -> 331645.86 | CH22: =CD22 -> 331645.86 | CL22: =CH22 -> 331645.86 | CP22: =CL22 -> 331645.86 | CT22: =CP22 -> 331645.86 | CX22: =CT22 -> 331645.86 | DB22: =CX22 -> 331645.86 | DF22: =DB22 -> 331645.86 | DJ22: =DF22 -> 331645.86 | DN22: =C14+C14*0.011 -> 331203.6 | DR22: =C14+C14*0.01 -> 330876 | DV22: =C14+C14*0.009 -> 330548.4 | DZ22: =C14+C14*0.008 -> 330220.8 | ED22: =C14+C14*0.007 -> 329893.2 | EH22: =C14+C14*0.006 -> 329565.6 | EL22: =C14+C14*0.005 -> 329238 | EP22: =C14+C14*0.004 -> 328910.4
B23: mclk_lock_cnt_e | C23: 0x28 | F23: 0 | J23: 0 | N23: 0 | R23: 0 | V23: 0 | Z23: 0 | AD23: 0 | AH23: 0 | AL23: 0 | AP23: 1 | AT23: 1 | AX23: 1 | BB23: 1 | BF23: 1 | BJ23: 1 | BN23: 1 | BR23: 1 | BV23: 1 | BZ23: 1 | CD23: 1 | CH23: 1 | CL23: 1 | CP23: 1 | CT23: 1 | CX23: 1 | DB23: 1 | DF23: 1 | DJ23: 0 | DN23: 0 | DR23: 0 | DV23: 0 | DZ23: 0 | ED23: 0 | EH23: 0 | EL23: 0 | EP23: 0
B27: @ PWM 14-bit 1안
B28: =mclk_transition1!AG15 -> 327660 | C28: =mclk_transition1!AB15 -> 393192
B29: transaction# | C29: time | F29: ready | J29: 3 | N29: 3 | R29: 3 | V29: 3 | Z29: 3 | AD29: 3 | AH29: 3 | AL29: 3 | AP29: 3 | AT29: 1 | AX29: 1 | BB29: 1 | BF29: 1 | BJ29: 1 | BN29: 3 | BR29: 3 | BV29: 3 | BZ29: 3 | CD29: 3 | CH29: 3 | CL29: 3 | CP29: 3 | CT29: finish
C30: vsync
B32: frame | C32: [hz] | F32: 120 | J32: =F32 -> 120 | N32: =J32 -> 120 | R32: =N32 -> 120 | V32: =R32 -> 120 | Z32: =V32 -> 120 | AD32: =Z32 -> 120 | AH32: =AD32 -> 120 | AL32: =AH32 -> 120 | AP32: =AL32 -> 120 | AT32: =AP32 -> 120 | AX32: =AT32-5 -> 115 | BB32: =AX32-5 -> 110 | BF32: =BB32-5 -> 105 | BJ32: =BF32-5 -> 100 | BN32: =BJ32 -> 100 | BR32: =BN32 -> 100 | BV32: =BR32 -> 100 | BZ32: =BV32 -> 100 | CD32: =BZ32 -> 100 | CH32: =CD32 -> 100 | CL32: =CH32 -> 100 | CP32: =CL32 -> 100 | CT32: =CP32 -> 100
B34: writing to XD | C34: addr
B35: fpwm_div | C35: 0x02 | F35: 19 | J35: =F35 -> 19 | N35: =J35 -> 19 | R35: =N35 -> 19 | V35: =R35 -> 19 | Z35: =V35 -> 19 | AD35: =Z35 -> 19 | AH35: =AD35 -> 19 | AL35: =AH35 -> 19 | AP35: =AL35 -> 19 | AT35: =AP35+1 -> 20 | AX35: =AT35+1 -> 21 | BB35: =AX35+1 -> 22 | BF35: =BB35+1 -> 23 | BJ35: =BF35 -> 23 | BN35: =BJ35 -> 23 | BR35: =BN35 -> 23 | BV35: =BR35 -> 23 | BZ35: =BV35 -> 23 | CD35: =BZ35 -> 23 | CH35: =CD35 -> 23 | CL35: =CH35 -> 23 | CP35: =CL35 -> 23 | CT35: =CP35 -> 23
B36: mclk_lock_cnt | C36: 0x27/28 | F36: =B28+B28*0.004 -> 328970.64 | J36: =B28+B28*0.005 -> 329298.3 | N36: =B28+B28*0.006 -> 329625.96 | R36: =B28+B28*0.007 -> 329953.62 | V36: =B28+B28*0.008 -> 330281.28 | Z36: =B28+B28*0.009 -> 330608.94 | AD36: =B28+B28*0.01 -> 330936.6 | AH36: =B28+B28*0.011 -> 331264.26 | AL36: =B28+B28*0.01235 -> 331706.6 | AP36: =B28+B28*0.01235 -> 331706.6 | AT36: =C28+C28*0.01235 -> 398047.92 | AX36: =AT36 -> 398047.92 | BB36: =AX36 -> 398047.92 | BF36: =BB36 -> 398047.92 | BJ36: =BF36 -> 398047.92 | BN36: =BJ36 -> 398047.92 | BR36: =C28+C28*0.011 -> 397517.11 | BV36: =C28+C28*0.01 -> 397123.92 | BZ36: =C28+C28*0.009 -> 396730.73 | CD36: =C28+C28*0.008 -> 396337.54 | CH36: =C28+C28*0.007 -> 395944.34 | CL36: =C28+C28*0.006 -> 395551.15 | CP36: =C28+C28*0.005 -> 395157.96 | CT36: =C28+C28*0.004 -> 394764.77
B37: mclk_lock_cnt_e | C37: 0x28 | F37: 0 | J37: 0 | N37: 0 | R37: 0 | V37: 0 | Z37: 0 | AD37: 0 | AH37: 0 | AL37: 0 | AP37: 1 | AT37: 1 | AX37: 1 | BB37: 1 | BF37: 1 | BJ37: 1 | BN37: 0 | BR37: 0 | BV37: 0 | BZ37: 0 | CD37: 0 | CH37: 0 | CL37: 0 | CP37: 0 | CT37: 0
B39: =C28 -> 393192 | C39: =B28 -> 327660
B40: transaction# | C40: time | F40: normal | J40: 3 | N40: 3 | R40: 3 | V40: 3 | Z40: 3 | AD40: 3 | AH40: 3 | AL40: 3 | AP40: 3 | AT40: 1 | AX40: 1 | BB40: 1 | BF40: 1 | BJ40: 1 | BN40: 3 | BR40: 3 | BV40: 3 | BZ40: 3 | CD40: 3 | CH40: 3 | CL40: 3 | CP40: 3 | CT40: finish
C41: vsync
B43: frame | C43: [hz] | F43: 100 | J43: =F43 -> 100 | N43: =J43 -> 100 | R43: =N43 -> 100 | V43: =R43 -> 100 | Z43: =V43 -> 100 | AD43: =Z43 -> 100 | AH43: =AD43 -> 100 | AL43: =AH43 -> 100 | AP43: =AL43 -> 100 | AT43: =AP43 -> 100 | AX43: =AT43+5 -> 105 | BB43: =AX43+5 -> 110 | BF43: =BB43+5 -> 115 | BJ43: =BF43+5 -> 120 | BN43: =BJ43 -> 120 | BR43: =BN43 -> 120 | BV43: =BR43 -> 120 | BZ43: =BV43 -> 120 | CD43: =BZ43 -> 120 | CH43: =CD43 -> 120 | CL43: =CH43 -> 120 | CP43: =CL43 -> 120 | CT43: =CP43 -> 120
B45: writing to XD | C45: addr
B46: fpwm_div | C46: 0x02 | F46: 23 | J46: =F46 -> 23 | N46: =J46 -> 23 | R46: =N46 -> 23 | V46: =R46 -> 23 | Z46: =V46 -> 23 | AD46: =Z46 -> 23 | AH46: =AD46 -> 23 | AL46: =AH46 -> 23 | AP46: =AL46 -> 23 | AT46: =AP46-1 -> 22 | AX46: =AT46-1 -> 21 | BB46: =AX46-1 -> 20 | BF46: =BB46-1 -> 19 | BJ46: =BF46 -> 19 | BN46: =BJ46 -> 19 | BR46: =BN46 -> 19 | BV46: =BR46 -> 19 | BZ46: =BV46 -> 19 | CD46: =BZ46 -> 19 | CH46: =CD46 -> 19 | CL46: =CH46 -> 19 | CP46: =CL46 -> 19 | CT46: =CP46 -> 19
B47: mclk_lock_cnt | C47: 0x27/28 | F47: =B39+B39*0.004 -> 394764.77 | J47: =B39+B39*0.005 -> 395157.96 | N47: =B39+B39*0.006 -> 395551.15 | R47: =B39+B39*0.007 -> 395944.34 | V47: =B39+B39*0.008 -> 396337.54 | Z47: =B39+B39*0.009 -> 396730.73 | AD47: =B39+B39*0.01 -> 397123.92 | AH47: =B39+B39*0.011 -> 397517.11 | AL47: =B39+B39*0.01235 -> 398047.92 | AP47: =B39+B39*0.01235 -> 398047.92 | AT47: =C39+C39*0.01235 -> 331706.6 | AX47: =AT47 -> 331706.6 | BB47: =AX47 -> 331706.6 | BF47: =BB47 -> 331706.6 | BJ47: =BF47 -> 331706.6 | BN47: =BJ47 -> 331706.6 | BR47: =C39+C39*0.011 -> 331264.26 | BV47: =C39+C39*0.01 -> 330936.6 | BZ47: =C39+C39*0.009 -> 330608.94 | CD47: =C39+C39*0.008 -> 330281.28 | CH47: =C39+C39*0.007 -> 329953.62 | CL47: =C39+C39*0.006 -> 329625.96 | CP47: =C39+C39*0.005 -> 329298.3 | CT47: =C39+C39*0.004 -> 328970.64
B48: mclk_lock_cnt_e | C48: 0x28 | F48: 0 | J48: 0 | N48: 0 | R48: 0 | V48: 0 | Z48: 0 | AD48: 0 | AH48: 0 | AL48: 0 | AP48: 1 | AT48: 1 | AX48: 1 | BB48: 1 | BF48: 1 | BJ48: 1 | BN48: 0 | BR48: 0 | BV48: 0 | BZ48: 0 | CD48: 0 | CH48: 0 | CL48: 0 | CP48: 0 | CT48: 0
B51: @ PWM 14-bit 2안
B52: 327660 | C52: 393192
B53: transaction# | C53: time | F53: ready | J53: 3 | N53: 3 | R53: 3 | V53: 3 | Z53: 3 | AD53: 3 | AH53: 3 | AL53: 3 | AP53: 3 | AT53: 1 | AX53: 1 | BB53: 1 | BF53: 1 | BJ53: 1 | BN53: 1 | BR53: 1 | BV53: 1 | BZ53: 1 | CD53: 1 | CH53: 3 | CL53: 3 | CP53: 3 | CT53: 3 | CX53: 3 | DB53: 3 | DF53: 3 | DJ53: 3 | DN53: finish
C54: vsync
B56: frame | C56: [hz] | F56: 120 | J56: =F56 -> 120 | N56: =J56 -> 120 | R56: =N56 -> 120 | V56: =R56 -> 120 | Z56: =V56 -> 120 | AD56: =Z56 -> 120 | AH56: =AD56 -> 120 | AL56: =AH56 -> 120 | AP56: =AL56 -> 120 | AT56: =AP56 -> 120 | AX56: =AT56-2.5 -> 117.5 | BB56: =AT56-5 -> 115 | BF56: =AX56-5 -> 112.5 | BJ56: =BB56-5 -> 110 | BN56: =BF56-5 -> 107.5 | BR56: =BJ56-5 -> 105 | BV56: =BN56-5 -> 102.5 | BZ56: =BR56-5 -> 100 | CD56: =BZ56 -> 100 | CH56: =CD56 -> 100 | CL56: =CH56 -> 100 | CP56: =CL56 -> 100 | CT56: =CP56 -> 100 | CX56: =CT56 -> 100 | DB56: =CX56 -> 100 | DF56: =DB56 -> 100 | DJ56: =DF56 -> 100 | DN56: =DJ56 -> 100
B58: writing to XD | C58: addr
B59: fpwm_div | C59: 0x02 | F59: 19 | J59: =F59 -> 19 | N59: =J59 -> 19 | R59: =N59 -> 19 | V59: =R59 -> 19 | Z59: =V59 -> 19 | AD59: =Z59 -> 19 | AH59: =AD59 -> 19 | AL59: =AH59 -> 19 | AP59: =AL59 -> 19 | AT59: =AP59 -> 19 | AX59: =AT59+1 -> 20 | BB59: =AX59 -> 20 | BF59: =BB59+1 -> 21 | BJ59: =BF59 -> 21 | BN59: =BJ59+1 -> 22 | BR59: =BN59 -> 22 | BV59: =BR59+1 -> 23 | BZ59: =BV59 -> 23 | CD59: =BZ59 -> 23 | CH59: =CD59 -> 23 | CL59: =CH59 -> 23 | CP59: =CL59 -> 23 | CT59: =CP59 -> 23 | CX59: =CT59 -> 23 | DB59: =CX59 -> 23 | DF59: =DB59 -> 23 | DJ59: =DF59 -> 23 | DN59: =DJ59 -> 23
B60: mclk_lock_cnt | C60: 0x27/28 | F60: =B52+B52*0.004 -> 328970.64 | J60: =B52+B52*0.005 -> 329298.3 | N60: =B52+B52*0.006 -> 329625.96 | R60: =B52+B52*0.007 -> 329953.62 | V60: =B52+B52*0.008 -> 330281.28 | Z60: =B52+B52*0.009 -> 330608.94 | AD60: =B52+B52*0.01 -> 330936.6 | AH60: =B52+B52*0.011 -> 331264.26 | AL60: =B52+B52*0.01235 -> 331706.6 | AP60: =B52+B52*0.01235 -> 331706.6 | AT60: =C52+C52*0.01235 -> 398047.92 | AX60: =AT60 -> 398047.92 | BB60: =AX60 -> 398047.92 | BF60: =BB60 -> 398047.92 | BJ60: =BF60 -> 398047.92 | BN60: =BJ60 -> 398047.92 | BR60: =BN60 -> 398047.92 | BV60: =BR60 -> 398047.92 | BZ60: =BV60 -> 398047.92 | CD60: =BZ60 -> 398047.92 | CH60: =CD60 -> 398047.92 | CL60: =C52+C52*0.011 -> 397517.11 | CP60: =C52+C52*0.01 -> 397123.92 | CT60: =C52+C52*0.009 -> 396730.73 | CX60: =C52+C52*0.008 -> 396337.54 | DB60: =C52+C52*0.007 -> 395944.34 | DF60: =C52+C52*0.006 -> 395551.15 | DJ60: =C52+C52*0.005 -> 395157.96 | DN60: =C52+C52*0.004 -> 394764.77
B61: mclk_lock_cnt_e | C61: 0x28 | F61: 0 | J61: 0 | N61: 0 | R61: 0 | V61: 0 | Z61: 0 | AD61: 0 | AH61: 0 | AL61: 0 | AP61: 1 | AT61: 1 | AX61: 1 | BB61: 1 | BF61: 1 | BJ61: 1 | BN61: 1 | BR61: 1 | BV61: 1 | BZ61: 1 | CD61: 1 | CH61: 0 | CL61: 0 | CP61: 0 | CT61: 0 | CX61: 0 | DB61: 0 | DF61: 0 | DJ61: 0 | DN61: 0
B63: =C52 -> 393192 | C63: =B52 -> 327660
B64: transaction# | C64: time | F64: normal | J64: 3 | N64: 3 | R64: 3 | V64: 3 | Z64: 3 | AD64: 3 | AH64: 3 | AL64: 3 | AP64: 3 | AT64: 1 | AX64: 1 | BB64: 1 | BF64: 1 | BJ64: 1 | BN64: 1 | BR64: 1 | BV64: 1 | BZ64: 1 | CD64: 1 | CH64: 3 | CL64: 3 | CP64: 3 | CT64: 3 | CX64: 3 | DB64: 3 | DF64: 3 | DJ64: 3 | DN64: finish
C65: vsync
B67: frame | C67: [hz] | F67: 100 | J67: =F67 -> 100 | N67: =J67 -> 100 | R67: =N67 -> 100 | V67: =R67 -> 100 | Z67: =V67 -> 100 | AD67: =Z67 -> 100 | AH67: =AD67 -> 100 | AL67: =AH67 -> 100 | AP67: =AL67 -> 100 | AT67: =AP67 -> 100 | AX67: =AT67+2.5 -> 102.5 | BB67: =AX67+2.5 -> 105 | BF67: =BB67+2.5 -> 107.5 | BJ67: =BF67+2.5 -> 110 | BN67: =BJ67+2.5 -> 112.5 | BR67: =BN67+2.5 -> 115 | BV67: =BR67+2.5 -> 117.5 | BZ67: =BV67+2.5 -> 120 | CD67: =BZ67 -> 120 | CH67: =CD67 -> 120 | CL67: =CH67 -> 120 | CP67: =CL67 -> 120 | CT67: =CP67 -> 120 | CX67: =CT67 -> 120 | DB67: =CX67 -> 120 | DF67: =DB67 -> 120 | DJ67: =DF67 -> 120 | DN67: =DJ67 -> 120
B69: writing to XD | C69: addr
B70: fpwm_div | C70: 0x02 | F70: 23 | J70: =F70 -> 23 | N70: =J70 -> 23 | R70: =N70 -> 23 | V70: =R70 -> 23 | Z70: =V70 -> 23 | AD70: =Z70 -> 23 | AH70: =AD70 -> 23 | AL70: =AH70 -> 23 | AP70: =AL70 -> 23 | AT70: =AX70 -> 22 | AX70: 22 | BB70: =BF70 -> 21 | BF70: 21 | BJ70: =BN70 -> 20 | BN70: 20 | BR70: =BV70 -> 19 | BV70: 19 | BZ70: =BV70 -> 19 | CD70: =BZ70 -> 19 | CH70: =CD70 -> 19 | CL70: =CH70 -> 19 | CP70: =CL70 -> 19 | CT70: =CP70 -> 19 | CX70: =CT70 -> 19 | DB70: =CX70 -> 19 | DF70: =DB70 -> 19 | DJ70: =DF70 -> 19 | DN70: =DJ70 -> 19
B71: mclk_lock_cnt | C71: 0x27/28 | F71: =B63+B63*0.004 -> 394764.77 | J71: =B63+B63*0.005 -> 395157.96 | N71: =B63+B63*0.006 -> 395551.15 | R71: =B63+B63*0.007 -> 395944.34 | V71: =B63+B63*0.008 -> 396337.54 | Z71: =B63+B63*0.009 -> 396730.73 | AD71: =B63+B63*0.01 -> 397123.92 | AH71: =B63+B63*0.011 -> 397517.11 | AL71: =B63+B63*0.01235 -> 398047.92 | AP71: =B63+B63*0.01235 -> 398047.92 | AT71: =C63+C63*0.01235 -> 331706.6 | AX71: =AT71 -> 331706.6 | BB71: =AX71 -> 331706.6 | BF71: =BB71 -> 331706.6 | BJ71: =BF71 -> 331706.6 | BN71: =BJ71 -> 331706.6 | BR71: =BN71 -> 331706.6 | BV71: =BR71 -> 331706.6 | BZ71: =BV71 -> 331706.6 | CD71: =BZ71 -> 331706.6 | CH71: =CD71 -> 331706.6 | CL71: =C63+C63*0.011 -> 331264.26 | CP71: =C63+C63*0.01 -> 330936.6 | CT71: =C63+C63*0.009 -> 330608.94 | CX71: =C63+C63*0.008 -> 330281.28 | DB71: =C63+C63*0.007 -> 329953.62 | DF71: =C63+C63*0.006 -> 329625.96 | DJ71: =C63+C63*0.005 -> 329298.3 | DN71: =C63+C63*0.004 -> 328970.64
B72: mclk_lock_cnt_e | C72: 0x28 | F72: 0 | J72: 0 | N72: 0 | R72: 0 | V72: 0 | Z72: 0 | AD72: 0 | AH72: 0 | AL72: 0 | AP72: 1 | AT72: 1 | AX72: 1 | BB72: 1 | BF72: 1 | BJ72: 1 | BN72: 1 | BR72: 1 | BV72: 1 | BZ72: 1 | CD72: 1 | CH72: 0 | CL72: 0 | CP72: 0 | CT72: 0 | CX72: 0 | DB72: 0 | DF72: 0 | DJ72: 0 | DN72: 0

Sheet mclk_transition3
B2: @ PWM 12-bit
B3: =A1=mclk_transition1!X15 -> FALSE | C3: =mclk_transition1!D15 -> 393120 | F3: 0.0008 | J3: 0.002 | N3: 0.003 | R3: 0.004 | V3: 0.005 | Z3: 0.006 | AD3: 0.007 | AH3: 0.008 | AL3: 0.00913 | AP3: 0.00913 | AT3: 0.00913 | AX3: =AT3 -> 0.00913 | BB3: =AX3 -> 0.00913 | BF3: =BB3 -> 0.00913 | BJ3: =BF3 -> 0.00913 | BN3: =BJ3 -> 0.00913 | BR3: =BN3 -> 0.00913 | BV3: =BR3 -> 0.00913 | BZ3: =BV3 -> 0.00913 | CD3: =BZ3 -> 0.00913 | CH3: =CD3 -> 0.00913 | CL3: =CH3 -> 0.00913 | CP3: =CL3 -> 0.00913 | CT3: =CP3 -> 0.00913 | CX3: =CT3 -> 0.00913 | DB3: =CX3 -> 0.00913 | DF3: =DB3 -> 0.00913 | DJ3: =DF3 -> 0.00913 | DN3: 0.008 | DR3: 0.007 | DV3: 0.006 | DZ3: 0.005 | ED3: 0.004 | EH3: 0.003 | EL3: 0.002 | EP3: 0.0008
B4: frame # | C4: repeated | F4: ready | J4: 3 | N4: 3 | R4: 3 | V4: 3 | Z4: 3 | AD4: 3 | AH4: 3 | AL4: 3 | AP4: 3 | AT4: 1 | AX4: 1 | BB4: 1 | BF4: 1 | BJ4: 1 | BN4: 1 | BR4: 1 | BV4: 1 | BZ4: 1 | CD4: 1 | CH4: 1 | CL4: 1 | CP4: 1 | CT4: 1 | CX4: 1 | DB4: 1 | DF4: 1 | DJ4: 3 | DN4: 3 | DR4: 3 | DV4: 3 | DZ4: 3 | ED4: 3 | EH4: 3 | EL4: 3 | EP4: finish
C5: vsync
B7: frame | C7: [hz] | F7: 120 | J7: =F7 -> 120 | N7: =J7 -> 120 | R7: =N7 -> 120 | V7: =R7 -> 120 | Z7: =V7 -> 120 | AD7: =Z7 -> 120 | AH7: =AD7 -> 120 | AL7: =AH7 -> 120 | AP7: =AL7 -> 120 | AT7: =AP7 -> 120 | AX7: =AT7-1.25 -> 118.75 | BB7: =AX7-1.25 -> 117.5 | BF7: =BB7-1.25 -> 116.25 | BJ7: =BF7-1.25 -> 115 | BN7: =BJ7-1.25 -> 113.75 | BR7: =BN7-1.25 -> 112.5 | BV7: =BR7-1.25 -> 111.25 | BZ7: =BV7-1.25 -> 110 | CD7: =BZ7-1.25 -> 108.75 | CH7: =CD7-1.25 -> 107.5 | CL7: =CH7-1.25 -> 106.25 | CP7: =CL7-1.25 -> 105 | CT7: =CP7-1.25 -> 103.75 | CX7: =CT7-1.25 -> 102.5 | DB7: =CX7-1.25 -> 101.25 | DF7: =DB7-1.25 -> 100 | DJ7: =DF7 -> 100 | DN7: =DJ7 -> 100 | DR7: =DN7 -> 100 | DV7: =DR7 -> 100 | DZ7: =DV7 -> 100 | ED7: =DZ7 -> 100 | EH7: =ED7 -> 100 | EL7: =EH7 -> 100 | EP7: =EL7 -> 100
B9: writing to XD | C9: addr
B10: fpwm_div | C10: 0x02 | F10: 79 | J10: =F10 -> 79 | N10: =J10 -> 79 | R10: =N10 -> 79 | V10: =R10 -> 79 | Z10: =V10 -> 79 | AD10: =Z10 -> 79 | AH10: =AD10 -> 79 | AL10: =AH10 -> 79 | AP10: =AL10 -> 79 | AT10: =AP10+1 -> 80 | AX10: =AT10+1 -> 81 | BB10: =AX10+1 -> 82 | BF10: =BB10+1 -> 83 | BJ10: =BF10+1 -> 84 | BN10: =BJ10+1 -> 85 | BR10: =BN10+1 -> 86 | BV10: =BR10+1 -> 87 | BZ10: =BV10+1 -> 88 | CD10: =BZ10+1 -> 89 | CH10: =CD10+1 -> 90 | CL10: =CH10+1 -> 91 | CP10: =CL10+1 -> 92 | CT10: =CP10+1 -> 93 | CX10: =CT10+1 -> 94 | DB10: =CX10+1 -> 95 | DF10: =DB10 -> 95 | DJ10: =DF10 -> 95 | DN10: =DJ10 -> 95 | DR10: =DN10 -> 95 | DV10: =DR10 -> 95 | DZ10: =DV10 -> 95 | ED10: =DZ10 -> 95 | EH10: =ED10 -> 95 | EL10: =EH10 -> 95 | EP10: =EL10 -> 95
B11: mclk_lock_cnt | C11: 0x27/28 | F11: =$B$3+$B$3*F3 -> 0 | J11: =$B$3+$B$3*J3 -> 0 | N11: =$B$3+$B$3*N3 -> 0 | R11: =$B$3+$B$3*R3 -> 0 | V11: =$B$3+$B$3*V3 -> 0 | Z11: =$B$3+$B$3*Z3 -> 0 | AD11: =$B$3+$B$3*AD3 -> 0 | AH11: =$B$3+$B$3*AH3 -> 0 | AL11: =$B$3+$B$3*AL3 -> 0 | AP11: =$B$3+$B$3*AP3 -> 0 | AT11: =$C$3+$C$3*AT3 -> 396709.19 | AX11: =$C$3+$C$3*AX3 -> 396709.19 | BB11: =$C$3+$C$3*BB3 -> 396709.19 | BF11: =$C$3+$C$3*BF3 -> 396709.19 | BJ11: =$C$3+$C$3*BJ3 -> 396709.19 | BN11: =$C$3+$C$3*BN3 -> 396709.19 | BR11: =$C$3+$C$3*BR3 -> 396709.19 | BV11: =$C$3+$C$3*BV3 -> 396709.19 | BZ11: =$C$3+$C$3*BZ3 -> 396709.19 | CD11: =$C$3+$C$3*CD3 -> 396709.19 | CH11: =$C$3+$C$3*CH3 -> 396709.19 | CL11: =$C$3+$C$3*CL3 -> 396709.19 | CP11: =$C$3+$C$3*CP3 -> 396709.19 | CT11: =$C$3+$C$3*CT3 -> 396709.19 | CX11: =$C$3+$C$3*CX3 -> 396709.19 | DB11: =$C$3+$C$3*DB3 -> 396709.19 | DF11: =$C$3+$C$3*DF3 -> 396709.19 | DJ11: =$C$3+$C$3*DJ3 -> 396709.19 | DN11: =$C$3+$C$3*DN3 -> 396264.96 | DR11: =$C$3+$C$3*DR3 -> 395871.84 | DV11: =$C$3+$C$3*DV3 -> 395478.72 | DZ11: =$C$3+$C$3*DZ3 -> 395085.6 | ED11: =$C$3+$C$3*ED3 -> 394692.48 | EH11: =$C$3+$C$3*EH3 -> 394299.36 | EL11: =$C$3+$C$3*EL3 -> 393906.24 | EP11: =$C$3+$C$3*EP3 -> 393434.5
B12: mclk_lock_cnt_e | C12: 0x28 | F12: 0 | J12: 0 | N12: 0 | R12: 0 | V12: 0 | Z12: 0 | AD12: 0 | AH12: 0 | AL12: 0 | AP12: 1 | AT12: 1 | AX12: 1 | BB12: 1 | BF12: 1 | BJ12: 1 | BN12: 1 | BR12: 1 | BV12: 1 | BZ12: 1 | CD12: 1 | CH12: 1 | CL12: 1 | CP12: 1 | CT12: 1 | CX12: 1 | DB12: 1 | DF12: 1 | DJ12: 0 | DN12: 0 | DR12: 0 | DV12: 0 | DZ12: 0 | ED12: 0 | EH12: 0 | EL12: 0 | EP12: 0
B14: =C3 -> 393120 | C14: =B3 -> FALSE | F14: =F3 -> 0.0008 | J14: =J3 -> 0.002 | N14: =N3 -> 0.003 | R14: =R3 -> 0.004 | V14: =V3 -> 0.005 | Z14: =Z3 -> 0.006 | AD14: =AD3 -> 0.007 | AH14: =AH3 -> 0.008 | AL14: =AL3 -> 0.00913 | AP14: =AP3 -> 0.00913 | AT14: =AT3 -> 0.00913 | AX14: =AX3 -> 0.00913 | BB14: =BB3 -> 0.00913 | BF14: =BF3 -> 0.00913 | BJ14: =BJ3 -> 0.00913 | BN14: =BN3 -> 0.00913 | BR14: =BR3 -> 0.00913 | BV14: =BV3 -> 0.00913 | BZ14: =BZ3 -> 0.00913 | CD14: =CD3 -> 0.00913 | CH14: =CH3 -> 0.00913 | CL14: =CL3 -> 0.00913 | CP14: =CP3 -> 0.00913 | CT14: =CT3 -> 0.00913 | CX14: =CX3 -> 0.00913 | DB14: =DB3 -> 0.00913 | DF14: =DF3 -> 0.00913 | DJ14: =DJ3 -> 0.00913 | DN14: =DN3 -> 0.008 | DR14: =DR3 -> 0.007 | DV14: =DV3 -> 0.006 | DZ14: =DZ3 -> 0.005 | ED14: =ED3 -> 0.004 | EH14: =EH3 -> 0.003 | EL14: =EL3 -> 0.002 | EP14: =EP3 -> 0.0008
B15: frame # | C15: repeated | F15: normal | J15: 3 | N15: 3 | R15: 3 | V15: 3 | Z15: 3 | AD15: 3 | AH15: 3 | AL15: 3 | AP15: 3 | AT15: 1 | AX15: 1 | BB15: 1 | BF15: 1 | BJ15: 1 | BN15: 1 | BR15: 1 | BV15: 1 | BZ15: 1 | CD15: 1 | CH15: 1 | CL15: 1 | CP15: 1 | CT15: 1 | CX15: 1 | DB15: 1 | DF15: 1 | DJ15: 3 | DN15: 3 | DR15: 3 | DV15: 3 | DZ15: 3 | ED15: 3 | EH15: 3 | EL15: 3 | EP15: finish
C16: vsync
B18: frame | C18: [hz] | F18: 100 | J18: =F18 -> 100 | N18: =J18 -> 100 | R18: =N18 -> 100 | V18: =R18 -> 100 | Z18: =V18 -> 100 | AD18: =Z18 -> 100 | AH18: =AD18 -> 100 | AL18: =AH18 -> 100 | AP18: =AL18 -> 100 | AT18: =AP18 -> 100 | AX18: =AT18+1.25 -> 101.25 | BB18: =AX18+1.25 -> 102.5 | BF18: =BB18+1.25 -> 103.75 | BJ18: =BF18+1.25 -> 105 | BN18: =BJ18+1.25 -> 106.25 | BR18: =BN18+1.25 -> 107.5 | BV18: =BR18+1.25 -> 108.75 | BZ18: =BV18+1.25 -> 110 | CD18: =BZ18+1.25 -> 111.25 | CH18: =CD18+1.25 -> 112.5 | CL18: =CH18+1.25 -> 113.75 | CP18: =CL18+1.25 -> 115 | CT18: =CP18+1.25 -> 116.25 | CX18: =CT18+1.25 -> 117.5 | DB18: =CX18+1.25 -> 118.75 | DF18: =DB18+1.25 -> 120 | DJ18: =DF18 -> 120 | DN18: =DJ18 -> 120 | DR18: =DN18 -> 120 | DV18: =DR18 -> 120 | DZ18: =DV18 -> 120 | ED18: =DZ18 -> 120 | EH18: =ED18 -> 120 | EL18: =EH18 -> 120 | EP18: =EL18 -> 120
B20: writing to XD | C20: addr
B21: fpwm_div | C21: 0x02 | F21: 95 | J21: =F21 -> 95 | N21: =J21 -> 95 | R21: =N21 -> 95 | V21: =R21 -> 95 | Z21: =V21 -> 95 | AD21: =Z21 -> 95 | AH21: =AD21 -> 95 | AL21: =AH21 -> 95 | AP21: =AL21 -> 95 | AT21: =AP21-1 -> 94 | AX21: =AT21-1 -> 93 | BB21: =AX21-1 -> 92 | BF21: =BB21-1 -> 91 | BJ21: =BF21-1 -> 90 | BN21: =BJ21-1 -> 89 | BR21: =BN21-1 -> 88 | BV21: =BR21-1 -> 87 | BZ21: =BV21-1 -> 86 | CD21: =BZ21-1 -> 85 | CH21: =CD21-1 -> 84 | CL21: =CH21-1 -> 83 | CP21: =CL21-1 -> 82 | CT21: =CP21-1 -> 81 | CX21: =CT21-1 -> 80 | DB21: =CX21-1 -> 79 | DF21: =DB21 -> 79 | DJ21: =DF21 -> 79 | DN21: =DJ21 -> 79 | DR21: =DN21 -> 79 | DV21: =DR21 -> 79 | DZ21: =DV21 -> 79 | ED21: =DZ21 -> 79 | EH21: =ED21 -> 79 | EL21: =EH21 -> 79 | EP21: =EL21 -> 79
B22: mclk_lock_cnt | C22: 0x27/28 | F22: =$B$14+$B$14*F14 -> 393434.5 | J22: =$B$14+$B$14*J14 -> 393906.24 | N22: =$B$14+$B$14*N14 -> 394299.36 | R22: =$B$14+$B$14*R14 -> 394692.48 | V22: =$B$14+$B$14*V14 -> 395085.6 | Z22: =$B$14+$B$14*Z14 -> 395478.72 | AD22: =$B$14+$B$14*AD14 -> 395871.84 | AH22: =$B$14+$B$14*AH14 -> 396264.96 | AL22: =$B$14+$B$14*AL14 -> 396709.19 | AP22: =$B$14+$B$14*AP14 -> 396709.19 | AT22: =$C$14+$C$14*AT14 -> 0 | AX22: =$C$14+$C$14*AX14 -> 0 | BB22: =$C$14+$C$14*BB14 -> 0 | BF22: =$C$14+$C$14*BF14 -> 0 | BJ22: =$C$14+$C$14*BJ14 -> 0 | BN22: =$C$14+$C$14*BN14 -> 0 | BR22: =$C$14+$C$14*BR14 -> 0 | BV22: =$C$14+$C$14*BV14 -> 0 | BZ22: =$C$14+$C$14*BZ14 -> 0 | CD22: =$C$14+$C$14*CD14 -> 0 | CH22: =$C$14+$C$14*CH14 -> 0 | CL22: =$C$14+$C$14*CL14 -> 0 | CP22: =$C$14+$C$14*CP14 -> 0 | CT22: =$C$14+$C$14*CT14 -> 0 | CX22: =$C$14+$C$14*CX14 -> 0 | DB22: =$C$14+$C$14*DB14 -> 0 | DF22: =$C$14+$C$14*DF14 -> 0 | DJ22: =$C$14+$C$14*DJ14 -> 0 | DN22: =$C$14+$C$14*DN14 -> 0 | DR22: =$C$14+$C$14*DR14 -> 0 | DV22: =$C$14+$C$14*DV14 -> 0 | DZ22: =$C$14+$C$14*DZ14 -> 0 | ED22: =$C$14+$C$14*ED14 -> 0 | EH22: =$C$14+$C$14*EH14 -> 0 | EL22: =$C$14+$C$14*EL14 -> 0 | EP22: =$C$14+$C$14*EP14 -> 0
B23: mclk_lock_cnt_e | C23: 0x28 | F23: 0 | J23: 0 | N23: 0 | R23: 0 | V23: 0 | Z23: 0 | AD23: 0 | AH23: 0 | AL23: 0 | AP23: 1 | AT23: 1 | AX23: 1 | BB23: 1 | BF23: 1 | BJ23: 1 | BN23: 1 | BR23: 1 | BV23: 1 | BZ23: 1 | CD23: 1 | CH23: 1 | CL23: 1 | CP23: 1 | CT23: 1 | CX23: 1 | DB23: 1 | DF23: 1 | DJ23: 0 | DN23: 0 | DR23: 0 | DV23: 0 | DZ23: 0 | ED23: 0 | EH23: 0 | EL23: 0 | EP23: 0
B27: @ PWM 14-bit 1안
B28: =mclk_transition1!AG15 -> 327660 | C28: =mclk_transition1!AB15 -> 393192 | F28: 0.0008 | J28: 0.002 | N28: 0.003 | R28: 0.004 | V28: 0.005 | Z28: 0.006 | AD28: 0.007 | AH28: 0.008 | AL28: 0.00913 | AP28: 0.00913 | AT28: 0.00913 | AX28: =AT28 -> 0.00913 | BB28: =AX28 -> 0.00913 | BF28: =BB28 -> 0.00913 | BJ28: =BF28 -> 0.00913 | BN28: =BJ28 -> 0.00913 | BR28: 0.008 | BV28: 0.007 | BZ28: 0.006 | CD28: 0.005 | CH28: 0.004 | CL28: 0.003 | CP28: 0.002 | CT28: 0.0008
B29: frame # | C29: repeated | F29: ready | J29: 3 | N29: 3 | R29: 3 | V29: 3 | Z29: 3 | AD29: 3 | AH29: 3 | AL29: 3 | AP29: 3 | AT29: 1 | AX29: 1 | BB29: 1 | BF29: 1 | BJ29: 1 | BN29: 3 | BR29: 3 | BV29: 3 | BZ29: 3 | CD29: 3 | CH29: 3 | CL29: 3 | CP29: 3 | CT29: finish
C30: vsync
B32: frame | C32: [hz] | F32: 120 | J32: =F32 -> 120 | N32: =J32 -> 120 | R32: =N32 -> 120 | V32: =R32 -> 120 | Z32: =V32 -> 120 | AD32: =Z32 -> 120 | AH32: =AD32 -> 120 | AL32: =AH32 -> 120 | AP32: =AL32 -> 120 | AT32: =AP32 -> 120 | AX32: =AT32-5 -> 115 | BB32: =AX32-5 -> 110 | BF32: =BB32-5 -> 105 | BJ32: =BF32-5 -> 100 | BN32: =BJ32 -> 100 | BR32: =BN32 -> 100 | BV32: =BR32 -> 100 | BZ32: =BV32 -> 100 | CD32: =BZ32 -> 100 | CH32: =CD32 -> 100 | CL32: =CH32 -> 100 | CP32: =CL32 -> 100 | CT32: =CP32 -> 100
B34: writing to XD | C34: addr
B35: fpwm_div | C35: 0x02 | F35: 19 | J35: =F35 -> 19 | N35: =J35 -> 19 | R35: =N35 -> 19 | V35: =R35 -> 19 | Z35: =V35 -> 19 | AD35: =Z35 -> 19 | AH35: =AD35 -> 19 | AL35: =AH35 -> 19 | AP35: =AL35 -> 19 | AT35: =AP35+1 -> 20 | AX35: =AT35+1 -> 21 | BB35: =AX35+1 -> 22 | BF35: =BB35+1 -> 23 | BJ35: =BF35 -> 23 | BN35: =BJ35 -> 23 | BR35: =BN35 -> 23 | BV35: =BR35 -> 23 | BZ35: =BV35 -> 23 | CD35: =BZ35 -> 23 | CH35: =CD35 -> 23 | CL35: =CH35 -> 23 | CP35: =CL35 -> 23 | CT35: =CP35 -> 23
B36: mclk_lock_cnt | C36: 0x27/28 | F36: =$B$28+$B$28*F28 -> 327922.13 | J36: =$B$28+$B$28*J28 -> 328315.32 | N36: =$B$28+$B$28*N28 -> 328642.98 | R36: =$B$28+$B$28*R28 -> 328970.64 | V36: =$B$28+$B$28*V28 -> 329298.3 | Z36: =$B$28+$B$28*Z28 -> 329625.96 | AD36: =$B$28+$B$28*AD28 -> 329953.62 | AH36: =$B$28+$B$28*AH28 -> 330281.28 | AL36: =$B$28+$B$28*AL28 -> 330651.54 | AP36: =$B$28+$B$28*AP28 -> 330651.54 | AT36: =$C$28+$C$28*AT28 -> 396781.84 | AX36: =$C$28+$C$28*AX28 -> 396781.84 | BB36: =$C$28+$C$28*BB28 -> 396781.84 | BF36: =$C$28+$C$28*BF28 -> 396781.84 | BJ36: =$C$28+$C$28*BJ28 -> 396781.84 | BN36: =$C$28+$C$28*BN28 -> 396781.84 | BR36: =$C$28+$C$28*BR28 -> 396337.54 | BV36: =$C$28+$C$28*BV28 -> 395944.34 | BZ36: =$C$28+$C$28*BZ28 -> 395551.15 | CD36: =$C$28+$C$28*CD28 -> 395157.96 | CH36: =$C$28+$C$28*CH28 -> 394764.77 | CL36: =$C$28+$C$28*CL28 -> 394371.58 | CP36: =$C$28+$C$28*CP28 -> 393978.38 | CT36: =$C$28+$C$28*CT28 -> 393506.55
B37: mclk_lock_cnt_e | C37: 0x28 | F37: 0 | J37: 0 | N37: 0 | R37: 0 | V37: 0 | Z37: 0 | AD37: 0 | AH37: 0 | AL37: 0 | AP37: 1 | AT37: 1 | AX37: 1 | BB37: 1 | BF37: 1 | BJ37: 1 | BN37: 0 | BR37: 0 | BV37: 0 | BZ37: 0 | CD37: 0 | CH37: 0 | CL37: 0 | CP37: 0 | CT37: 0
B39: =C28 -> 393192 | C39: =B28 -> 327660 | F39: =F28 -> 0.0008 | J39: =J28 -> 0.002 | N39: =N28 -> 0.003 | R39: =R28 -> 0.004 | V39: =V28 -> 0.005 | Z39: =Z28 -> 0.006 | AD39: =AD28 -> 0.007 | AH39: =AH28 -> 0.008 | AL39: =AL28 -> 0.00913 | AP39: =AP28 -> 0.00913 | AT39: =AT28 -> 0.00913 | AX39: =AX28 -> 0.00913 | BB39: =BB28 -> 0.00913 | BF39: =BF28 -> 0.00913 | BJ39: =BJ28 -> 0.00913 | BN39: =BN28 -> 0.00913 | BR39: =BR28 -> 0.008 | BV39: =BV28 -> 0.007 | BZ39: =BZ28 -> 0.006 | CD39: =CD28 -> 0.005 | CH39: =CH28 -> 0.004 | CL39: =CL28 -> 0.003 | CP39: =CP28 -> 0.002 | CT39: =CT28 -> 0.0008
B40: frame # | C40: repeated | F40: normal | J40: 3 | N40: 3 | R40: 3 | V40: 3 | Z40: 3 | AD40: 3 | AH40: 3 | AL40: 3 | AP40: 3 | AT40: 1 | AX40: 1 | BB40: 1 | BF40: 1 | BJ40: 1 | BN40: 3 | BR40: 3 | BV40: 3 | BZ40: 3 | CD40: 3 | CH40: 3 | CL40: 3 | CP40: 3 | CT40: finish
C41: vsync
B43: frame | C43: [hz] | F43: 100 | J43: =F43 -> 100 | N43: =J43 -> 100 | R43: =N43 -> 100 | V43: =R43 -> 100 | Z43: =V43 -> 100 | AD43: =Z43 -> 100 | AH43: =AD43 -> 100 | AL43: =AH43 -> 100 | AP43: =AL43 -> 100 | AT43: =AP43 -> 100 | AX43: =AT43+5 -> 105 | BB43: =AX43+5 -> 110 | BF43: =BB43+5 -> 115 | BJ43: =BF43+5 -> 120 | BN43: =BJ43 -> 120 | BR43: =BN43 -> 120 | BV43: =BR43 -> 120 | BZ43: =BV43 -> 120 | CD43: =BZ43 -> 120 | CH43: =CD43 -> 120 | CL43: =CH43 -> 120 | CP43: =CL43 -> 120 | CT43: =CP43 -> 120
B45: writing to XD | C45: addr
B46: fpwm_div | C46: 0x02 | F46: 23 | J46: =F46 -> 23 | N46: =J46 -> 23 | R46: =N46 -> 23 | V46: =R46 -> 23 | Z46: =V46 -> 23 | AD46: =Z46 -> 23 | AH46: =AD46 -> 23 | AL46: =AH46 -> 23 | AP46: =AL46 -> 23 | AT46: =AP46-1 -> 22 | AX46: =AT46-1 -> 21 | BB46: =AX46-1 -> 20 | BF46: =BB46-1 -> 19 | BJ46: =BF46 -> 19 | BN46: =BJ46 -> 19 | BR46: =BN46 -> 19 | BV46: =BR46 -> 19 | BZ46: =BV46 -> 19 | CD46: =BZ46 -> 19 | CH46: =CD46 -> 19 | CL46: =CH46 -> 19 | CP46: =CL46 -> 19 | CT46: =CP46 -> 19
B47: mclk_lock_cnt | C47: 0x27/28 | F47: =$B$39+$B$39*F39 -> 393506.55 | J47: =$B$39+$B$39*J39 -> 393978.38 | N47: =$B$39+$B$39*N39 -> 394371.58 | R47: =$B$39+$B$39*R39 -> 394764.77 | V47: =$B$39+$B$39*V39 -> 395157.96 | Z47: =$B$39+$B$39*Z39 -> 395551.15 | AD47: =$B$39+$B$39*AD39 -> 395944.34 | AH47: =$B$39+$B$39*AH39 -> 396337.54 | AL47: =$B$39+$B$39*AL39 -> 396781.84 | AP47: =$B$39+$B$39*AP39 -> 396781.84 | AT47: =$C$39+$C$39*AT39 -> 330651.54 | AX47: =$C$39+$C$39*AX39 -> 330651.54 | BB47: =$C$39+$C$39*BB39 -> 330651.54 | BF47: =$C$39+$C$39*BF39 -> 330651.54 | BJ47: =$C$39+$C$39*BJ39 -> 330651.54 | BN47: =$C$39+$C$39*BN39 -> 330651.54 | BR47: =$C$39+$C$39*BR39 -> 330281.28 | BV47: =$C$39+$C$39*BV39 -> 329953.62 | BZ47: =$C$39+$C$39*BZ39 -> 329625.96 | CD47: =$C$39+$C$39*CD39 -> 329298.3 | CH47: =$C$39+$C$39*CH39 -> 328970.64 | CL47: =$C$39+$C$39*CL39 -> 328642.98 | CP47: =$C$39+$C$39*CP39 -> 328315.32 | CT47: =$C$39+$C$39*CT39 -> 327922.13
B48: mclk_lock_cnt_e | C48: 0x28 | F48: 0 | J48: 0 | N48: 0 | R48: 0 | V48: 0 | Z48: 0 | AD48: 0 | AH48: 0 | AL48: 0 | AP48: 1 | AT48: 1 | AX48: 1 | BB48: 1 | BF48: 1 | BJ48: 1 | BN48: 0 | BR48: 0 | BV48: 0 | BZ48: 0 | CD48: 0 | CH48: 0 | CL48: 0 | CP48: 0 | CT48: 0

Sheet dac_vled_mapping
B2: QN85 55" SMPS + Q90 old LED
B3: LED OFF 상태 측정 @실온 (LED온도에 다름)
D4: DAC | E4: VLED | F4: pwm_gap | G4: dac gap | H4: vled gap
B5: PWM | C5: 4095 | D5: 3.274 | E5: 63.64
C6: 3971 | D6: 3.198 | E6: 64.16
C7: 3847 | D7: 3.098 | E7: 64.83 | F7: =C7-C6 -> -124 | G7: =D7-D6 -> -0.1 | H7: =E7-E6 -> 0.67
C8: 3723 | D8: 2.998 | E8: 65.52 | F8: =C8-C7 -> -124 | G8: =D8-D7 -> -0.1 | H8: =E8-E7 -> 0.69
C9: 3599 | D9: 2.899 | E9: 66.2 | F9: =C9-C8 -> -124 | G9: =D9-D8 -> -0.099 | H9: =E9-E8 -> 0.68
C10: 3475 | D10: 2.799 | E10: 66.9 | F10: =C10-C9 -> -124 | G10: =D10-D9 -> -0.1 | H10: =E10-E9 -> 0.7
C11: 3350 | D11: 2.699 | E11: 67.6 | F11: =C11-C10 -> -125 | G11: =D11-D10 -> -0.1 | H11: =E11-E10 -> 0.7
C12: 3226 | D12: 2.599 | E12: 68.3 | F12: =C12-C11 -> -124 | G12: =D12-D11 -> -0.1 | H12: =E12-E11 -> 0.7
C13: 3102 | D13: 2.5 | E13: 68.9 | F13: =C13-C12 -> -124 | G13: =D13-D12 -> -0.099 | H13: =E13-E12 -> 0.6
C14: 2978 | D14: 2.4 | E14: 69.6 | F14: =C14-C13 -> -124 | G14: =D14-D13 -> -0.1 | H14: =E14-E13 -> 0.7
C15: 2854 | D15: 2.3 | E15: 70.3 | F15: =C15-C14 -> -124 | G15: =D15-D14 -> -0.1 | H15: =E15-E14 -> 0.7
C16: 2730 | D16: 2.2 | E16: 71 | F16: =C16-C15 -> -124 | G16: =D16-D15 -> -0.1 | H16: =E16-E15 -> 0.7
C17: 2606 | D17: 2.1 | E17: 71.7 | F17: =C17-C16 -> -124 | G17: =D17-D16 -> -0.1 | H17: =E17-E16 -> 0.7
C18: 2482 | D18: 2 | E18: 72.3 | F18: =C18-C17 -> -124 | G18: =D18-D17 -> -0.1 | H18: =E18-E17 -> 0.6
... C35: 372 | D35: 0.31 | E35: 83.9 | F35: =C35-C34 -> -124 | G35: =D35-D34 -> -0.099 | H35: =E35-E34 -> 0.7

Sheet dac_fomula
B2: PWM | C2: =D27/D17 -> -2.0868661 | D2: * ANA | E2: =(F17-F27)/-D17 -> 3351.24
D4: DAC | E4: VLED | F4: pwm_gap | G4: dac gap | H4: vled gap | J4: ana | K4: pwm | L4: dac | M4: vled | N4: pwm_gap | P4: PWM | Q4: DAC | R4: VLED | S4: pwm_gap | T4: dac gap | U4: vled gap
B5: PWM | C5: 4095 | J5: default | P5: 2000 | Q5: =$D$18*P5+$F$18 -> 1.6113439 | R5: =$D$17*P5+$F$17 -> 75.188495
C6: 3723 | D6: 3 | E6: 65.81 | J6: 0 | K6: =$C$2*J6+$E$2 -> 3351.24 | L6: =$D$18*K6 -> 2.7 | M6: =$D$17*K6+$F$17 -> 67.833534 | P6: =P5+S6 -> 2008 | Q6: =$D$18*P6+$F$18 -> 1.6177892 | R6: =$D$17*P6+$F$17 -> 75.14495 | S6: 8 | T6: =Q5-Q6 -> -0.0064453754 | U6: =R5-R6 -> 0.043544956
C7: 3102 | D7: 2.5 | E7: 69.2 | J7: 100 | K7: =$C$2*J7+$E$2 -> 3142.5534 | L7: =$D$18*K7 -> 2.5318671 | M7: =$D$17*K7+$F$17 -> 68.96944 | N7: =K7-K6 -> -208.68661 | P7: 2000 | Q7: =$D$18*P7+$F$18 -> 1.6113439 | R7: =$D$17*P7+$F$17 -> 75.188495
C8: 2482 | D8: 2 | E8: 72.6 | J8: 200 | K8: =$C$2*J8+$E$2 -> 2933.8668 | L8: =$D$18*K8 -> 2.3637341 | M8: =$D$17*K8+$F$17 -> 70.105346 | N8: =K8-K7 -> -208.68661 | P8: =P7+S8 -> 2050 | Q8: =$D$18*P8+$F$18 -> 1.6516275 | R8: =$D$17*P8+$F$17 -> 74.916339 | S8: 50 | T8: =Q7-Q8 -> -0.040283597 | U8: =R7-R8 -> 0.27215598
C9: 1861 | D9: 1.5 | E9: 76 | J9: 300 | K9: =$C$2*J9+$E$2 -> 2725.1802 | L9: =$D$18*K9 -> 2.1956012 | M9: =$D$17*K9+$F$17 -> 71.241253 | N9: =K9-K8 -> -208.68661
C10: 1241 | D10: 1 | E10: 79.4 | J10: 400 | K10: =$C$2*J10+$E$2 -> 2516.4936 | L10: =$D$18*K10 -> 2.0274682 | M10: =$D$17*K10+$F$17 -> 72.377159 | N10: =K10-K9 -> -208.68661 | P10: 500
C11: 620 | D11: 0.5 | E11: 82.7 | J11: 500 | K11: =$C$2*J11+$E$2 -> 2307.807 | L11: =$D$18*K11 -> 1.8593353 | M11: =$D$17*K11+$F$17 -> 73.513065 | N11: =K11-K10 -> -208.68661 | P11: =P12-P10 -> 1500 | Q11: =$D$18*P11+$F$18 -> 1.2085079 | R11: =$D$17*P11+$F$17 -> 77.910055 | S11: =P11-P12 -> -500 | T11: =Q11-Q12 -> -0.40283597 | U11: =R11-R12 -> 2.7215598
C12: 0 | J12: 600 | K12: =$C$2*J12+$E$2 -> 2099.1204 | L12: =$D$18*K12 -> 1.6912023 | M12: =$D$17*K12+$F$17 -> 74.648971 | N12: =K12-K11 -> -208.68661 | P12: 2000 | Q12: =$D$18*P12+$F$18 -> 1.6113439 | R12: =$D$17*P12+$F$17 -> 75.188495
J13: 700 | K13: =$C$2*J13+$E$2 -> 1890.4337 | L13: =$D$18*K13 -> 1.5230694 | M13: =$D$17*K13+$F$17 -> 75.784877 | N13: =K13-K12 -> -208.68661 | P13: =P12+P10 -> 2500 | Q13: =$D$18*P13+$F$18 -> 2.0141798 | R13: =$D$17*P13+$F$17 -> 72.466935 | S13: =P13-P12 -> 500 | T13: =Q13-Q12 -> 0.40283597 | U13: =R13-R12 -> -2.7215598
J14: 800 | K14: =$C$2*J14+$E$2 -> 1681.7471 | L14: =$D$18*K14 -> 1.3549365 | M14: =$D$17*K14+$F$17 -> 76.920783 | N14: =K14-K13 -> -208.68661
C15: =C11-C6 -> -3103 | E15: =E11-E6 -> 16.89 | J15: 900 | K15: =$C$2*J15+$E$2 -> 1473.0605 | L15: =$D$18*K15 -> 1.1868035 | M15: =$D$17*K15+$F$17 -> 78.05669 | N15: =K15-K14 -> -208.68661
F16: =E11 -> 82.7 | G16: =C11*-D17 -> 3.3747341 | J16: 1000 | K16: =$C$2*J16+$E$2 -> 1264.3739 | L16: =$D$18*K16 -> 1.0186706 | M16: =$D$17*K16+$F$17 -> 79.192596 | N16: =K16-K15 -> -208.68661
C17: VLED | D17: =E15/C15 -> -0.0054431196 | E17: * PWM | F17: =F16+G16 -> 86.074734 | J17: 1023 | K17: =$C$2*J17+$E$2 -> 1216.376 | L17: =$D$18*K17 -> 0.98 | M17: =$D$17*K17+$F$17 -> 79.453854
C18: DAC | D18: =(D6-D11)/(C6-C11) -> 0.00080567193 | E18: * PWM | F18: 0 | P18: =K6-K17 -> 2134.864
P19: 20
B20: STEP | C20: 1 | E20: VHEADROOM | F20: 0.7 | P20: =P18/P19 -> 106.7432
C21: spec
B22: ANA | C22: VF+VHDRM(=1) | E22: DAC | F22: PWM | G22: VF+VHDRM
B23: 0 | C23: =D30+1 -> 70.643572 | E23: 2.7 | F23: =E23/$D$18 -> 3351.24 | G23: =$D$17*F23+$F$17 -> 67.833534 | H23: 67.1
B26: 1023 | C26: =D33+1 -> 78.97 | E26: 0.98 | F26: =E26/$D$18 -> 1216.376 | G26: =$D$17*F26+$F$17 -> 79.453854
C27: VLED | D27: =(G26-G23)/(B26-B23) -> 0.011359062 | E27: * ANA | F27: =G23 -> 67.833534
B29: ANA | C29: I | D29: 12ea_VF | E29: 1ea_VF
B30: 0 | C30: 4.781 | D30: =D35*C30+F35 -> 69.643572 | E30: =D30/12 -> 5.803631
B31: 99 | C31: 6.83 | D31: 70.36 | E31: =D31/12 -> 5.8633333
B32: 667 | C32: 18.58 | D32: 75.46 | E32: =D32/12 -> 6.2883333
B33: 1023 | C33: 25.94 | D33: 77.97 | E33: =D33/12 -> 6.4975
C35: VLED | D35: 0.4015 | E35: * I | F35: 67.724
B45: 2025.03.12 | C45: 55" old LED, 10℃
B46: 1. fb level = 0.7v 설정 (dev/max current별 적정값으로 설정)
B47: 2. dac_fit 상태에서, step=1로 하고, ana별로 vled 값 측정
B48: fit상태라 fb에 따른 적정 VLED로 fitted됨)
B49: 상온 상태 측정해서 적정값 선정 (저온 조건으로 하면 hold_limit발생)
B50: 3. pwm 공식 도출
B51: * 저온 조건으로 하면 hold_limit발생으로 Pd 불리
B52: ** fit구간에서 hold상태라 온도가 올라갈 경우 온도 보정안됨
B53: ** 상온에서 값 도출하되, fb가 발생해서 fitted되도록 상수값 올리는 게 유리
B54: ana | C54: vled | D54: PWM
B55: 0 | C55: 68.2 | D55: =$D$63*B55+$F$63 -> 3231.5539
B56: 250 | C56: 71.5 | D56: =$D$63*B56+$F$63 -> 2703.3641
B57: 500 | C57: 74.5 | D57: =$D$63*B57+$F$63 -> 2175.1744
B58: 750 | C58: 77.2 | D58: =$D$63*B58+$F$63 -> 1646.9846
B59: 1023 | C59: 79.96 | D59: =$D$63*B59+$F$63 -> 1070.2014
B61: VLED | C61: = | D61: =D17 -> -0.0054431196 | E61: *PWM | F61: =F17 -> 86.074734
B62: VLED | C62: = | D62: 0.0115 | E62: *ANA | F62: 68.485
B63: PWM | C63: = | D63: =D62/D61 -> -2.112759 | E63: *ANA | F63: =(F61-F62)/-D61 -> 3231.5539
F64: 3300 | G64: 최종 튜닝값

Sheet fb_control SW@hw
B3: vsync
B4: (cmd or ext)
B5: fault_(auto)_read
B7: real fb
B9: dac_sync
B11: dac_state_en
B13: dac_out_en
B15: dac_fb_valid
FH35: pre1 | FI35: pre2
FH36: 3000 | FI36: 1000
FH37: 1000

Sheet fb_control HW
B3: vsync
B4: (cmd or ext)
B5: fault_(auto)_read
B7: real fb
B9: dac_sync
B11: dac_state_en
B13: dac_out_en
B15: dac_fb_valid
FE22: prev | FF22: target | FG22: r1 | FH22: curr | FI22: curr'
FE23: 4095 | FF23: 4095 | FG23: =FF23-FE23 -> 0 | FH23: 4095 | FI23: =FG23+FH23 -> 4095
FE24: =FF23 -> 4095 | FF24: 4095 | FG24: =FF24-FE24 -> 0 | FH24: =FI23 -> 4095 | FI24: =FG24+FH24 -> 4095
FE25: =FF24 -> 4095 | FF25: 4094 | FG25: =FF25-FE25 -> -1 | FH25: =FI24 -> 4095 | FI25: =FG25+FH25 -> 4094
FE26: =FF25 -> 4094 | FG26: =FF26-FE26 -> -4094 | FH26: 4098

Sheet fbi_fbo
D2: cmd_fb | E2: real_fb
B3: alone | C3: FBO | D3: = int_fb_source
D4: 미사용 | E4: 미사용
C5: FBI | D5: 미사용 (PU) | E5: 사용
E6: FBI 신호를 filtering & latch 필요
C8: result | D8: int_fb_source 그대로 사용 | E8: master로 입력되는 FBI (real fb) 신호를 한 프레임 동안 filtering & latch해서 사용
D9: (이전 한 프레임 신호가 latched) | E9: (이전 한 프레임 신호가 latched)
D10: FBI(PU) 미사용 / FBO 미사용 | E10: FBI(real fb, PU) 만 사용, FBO 미사용
B11: multitple | C11: FBO | D11: = int_fb_source
D12: 사용 | E12: 미사용
C13: FBI | D13: 사용(PU) | E13: 사용
D14: FBO를 FBI와 연결(all XC)
D15: FBI신호를 filtering & latch해서 사용
C17: result | D17: master로 입력되는 FBI (cmd fb) 신호들을 한 프레임동안 filtering & latch해서 사용 | E17: master로 입력되는 FBI (real fb) 신호를 한 프레임 동안 filtering & latch해서 사용
D18: (이전 한 프레임 신호가 latched) | E18: (이전 한 프레임 신호가 latched)
D19: 모든 FBO 신호(master포함)들을 묶어서 master FBI로 연결 (slave FBI 미사용) | E19: master FBI(real fb, PU) 만 사용, 나머지 모든 FBI/ FBO 미사용
B20: design
C21: FBO | D21: = int_fb_source 로 처리
C23: FBI | D23: dac_fb_mode : '0' internal '1' external (multiple XC)
D24: FBI : filterred and latched

Sheet fb_control HW_final
B3: vsync
B4: (cmd or ext)
B5: fault_(auto)_read
B7: real fb
B9: dac_sync
B11: dac_state_en
B13: dac_out_en
B15: dac_fb_valid
FE22: prev | FF22: target | FG22: r1 | FH22: curr | FI22: curr'
FE23: 4095 | FF23: 4095 | FG23: =FF23-FE23 -> 0 | FH23: 4095 | FI23: =FG23+FH23 -> 4095
FE24: =FF23 -> 4095 | FF24: 4095 | FG24: =FF24-FE24 -> 0 | FH24: =FI23 -> 4095 | FI24: =FG24+FH24 -> 4095
FE25: =FF24 -> 4095 | FF25: 4094 | FG25: =FF25-FE25 -> -1 | FH25: =FI24 -> 4095 | FI25: =FG25+FH25 -> 4094
FE26: =FF25 -> 4094 | FG26: =FF26-FE26 -> -4094 | FH26: 4098

Sheet fb_control HW_final (2)
B3: vsync
B4: (cmd or ext)
B5: fault_(auto)_read
B7: real fb
B9: dac_sync
B11: dac_state_en
B13: dac_out_en
B15: dac_fb_valid
FE22: prev | FF22: target | FG22: r1 | FH22: curr | FI22: curr'
FE23: 4095 | FF23: 4095 | FG23: =FF23-FE23 -> 0 | FH23: 4095 | FI23: =FG23+FH23 -> 4095
FE24: =FF23 -> 4095 | FF24: 4095 | FG24: =FF24-FE24 -> 0 | FH24: =FI23 -> 4095 | FI24: =FG24+FH24 -> 4095
FE25: =FF24 -> 4095 | FF25: 4094 | FG25: =FF25-FE25 -> -1 | FH25: =FI24 -> 4095 | FI25: =FG25+FH25 -> 4094
FE26: =FF25 -> 4094 | FG26: =FF26-FE26 -> -4094 | FH26: 4098
DL76: 1 | DN76: 2 | DP76: 3 | DR76: 4 | DT76: 5

Sheet xc(mp)_reg
D2: spi | E2: address | F2: default | H2: bit15 | I2: bit14 | J2: bit13 | K2: bit12 | L2: bit11 | M2: bit10 | N2: bit9 | O2: bit8 | P2: bit7 | Q2: bit6 | R2: bit5 | S2: bit4 | T2: bit3 | U2: bit2 | V2: bit1 | W2: bit0
B3: 1 | C3: RESET | D3: r/w | E3: 0x00 | F3: 0x0000 | R3: vsync_rst_en2 | S3: vsync_rst_en1 | U3: rst3 | V3: rst2 | W3: rst1
B4: =B3+1 -> 2 | C4: GLOBAL WRITE COMMAND | D4: r/w | E4: 0x01 | F4: 0x0000 | H4: enable | R4: addr [5:0]
B5: =B4+1 -> 3 | C5: LOCAL WRITE COMMAND | D5: r/w | E5: 0x02 | F5: 0x0000 | H5: enable | N5: ch_seg[1:0] | R5: addr [5:0]
B6: =B5+1 -> 4 | C6: LOCAL READ COMMAND | D6: r/w | E6: 0x03 | F6: 0x0000 | H6: enable | N6: ch_seg[1:0] | R6: addr [5:0]
B7: =B6+1 -> 5 | C7: ID GEN COMMAND | D7: r/w | E7: 0x04 | F7: 0x0000 | H7: enable
B8: =B7+1 -> 6 | C8: FAULT READ COMMAND | D8: r/w | E8: 0x05 | F8: 0x0000 | H8: enable
B9: =B8+1 -> 7 | C9: LD TRANSFER COMMAND | D9: r/w | E9: 0x06 | F9: 0x0000 | H9: enable
B10: =B9+1 -> 8 | C10: SYNC GEN COMMAND | D10: r/w | E10: 0x07 | F10: 0x0000 | H10: enable
B11: =B10+1 -> 9 | C11: COMMAND AUTO ENABLE | D11: r/w | E11: 0x08 | F11: 0x0111 | O11: timeout_en | S11: fault auto_en | W11: sync auto_en
B12: =B11+1 -> 10 | C12: LD WRITE POINTER | D12: ro | E12: 0x0A | F12: 0x0000 | O12: ld_wr_pointer [8:0]
B13: =B12+1 -> 11 | C13: LD READ POINTER | D13: ro | E13: 0x0B | F13: 0x0000 | O13: ld_rd_pointer [8:0]
B14: =B13+1 -> 12 | C14: LD DIFFERENCE POINTER | D14: ro | E14: 0x0C | F14: 0x0000 | R14: ld_diff_pointer [5:0]
B15: =B14+1 -> 13 | C15: LD START POINTER/TH | D15: r/w | E15: 0x0D | F15: 0x0000 | J15: ld_rd_start_pointer [5:0] | P15: int_ld_sign | R15: ld_diff_threshold [5:0]
B16: =B15+1 -> 14 | C16: LOCAL WRITE TRANSFER POINTER | D16: ro | E16: 0x0E | F16: 0x0000 | J16: local_wr_transfer_read_pointer [5:0] | R16: local_wr_transfer_write_pointer [5:0]
B17: =B16+1 -> 15 | C17: LOCAL READ RECEIVE POINTER | D17: ro | E17: 0x0F | F17: 0x0000 | J17: local_rd_receive_read_pointer [5:0] | R17: local_rd_receive_write_pointer [5:0]
B18: =B17+1 -> 16 | C18: LOCAL RW DIFFERENCE POINTER | D18: ro | E18: 0x10 | F18: 0x0000 | J18: local_rd_receive_diff_pointer [5:0] | R18: local_wr_transfer_diff_pointer [5:0]
B19: =B18+1 -> 17 | C19: LOCAL RW POINTER RESET | D19: wo | E19: 0x11 | F19: 0x0000 | O19: local_receive_pointer_rst | W19: local_transfer_pointer_rst
B20: =B19+1 -> 18 | C20: FAULT AUTO READ INTERVAL | D20: r/w | E20: 0x12 | F20: 0x0000 | H20: fault_auto_rd_interval [15:0]
B21: =B20+1 -> 19 | C21: FAULT AUTO READ EVENT | D21: r/w | E21: 0x13 | F21: 0x0000 | H21: fault_auto_rd_timer_event [7:0] | W21: fault_auto_rd_interval [16]
B22: =B21+1 -> 20 | C22: SERIALIZER CLOCK GEN | D22: r/w | E22: 0x14 | F22: 0x0A14 | I22: serial_clk_low [6:0] | Q22: serial_clk_high [6:0]
B23: =B22+1 -> 21 | C23: INTERRUPT ENABLE | D23: r/w | E23: 0x15 | F23: 0x0000 | H23: int_ov50_en | I23: int_uv50_en | J23: int_ov15_en | K23: int_uv15_en | M23: int_acc_cnt_err_en | N23: int_parity_err_en | O23: int_timeout_err_en | P23: int_fault_rec_fail_en | Q23: int_fault_auto_rec_fail_en | R23: int_rd_rec_fail_en | S23: int_ld_en | T23: int_thermal_en | U23: int_short_en | V23: int_open_en | W23: int_fb_en
B24: =B23+1 -> 22 | C24: COMMAND STATUS 1 | D24: ro | E24: 0x16 | F24: 0x0000 | H24: local_r_done | I24: local_r_doing | J24: local_w_done | K24: local_w_doing | L24: glbl_w_done | M24: glbl_w_doing | N24: ld_done | O24: ld_doing | P24: fault_done | Q24: fault_doing | R24: fault_auto_done | S24: fault_auto_doing | T24: sync_auto_done | U24: sync_auto_doing | V24: sync_done | W24: sync_doing
B25: =B24+1 -> 23 | C25: COMMAND STATUS 2 | D25: ro | E25: 0x17 | F25: 0x0000 | V25: id_done | W25: id_doing
B26: =B25+1 -> 24 | C26: RECEIVE STATUS | D26: ro | E26: 0x18 | F26: 0x0000 | I26: fault_receive_fail | J26: fault_auto_rec_fail | K26: rd_receive_fail | O26: timeout_err | R26: fault_receive_done | S26: fault_receive_doing | T26: fault_auto_rec_done | U26: fault_auto_rec_doing | V26: rd_receive_done | W26: rd_receive_doing
B27: =B26+1 -> 25 | C27: INTERRUPT STATUS | D27: ro | E27: 0x19 | F27: 0x0000 | H27: int_ovuv_err _source | I27: int_acc_cnt_err _source | J27: int_parity_err _source | K27: int_timeout_err _source | L27: int_fault_rec_fail _source | M27: int_fault_auto_rec_fail _source | N27: int_rd_rec_fail _source | O27: int_ld_source | P27: int_thermal_source | Q27: int_short_source | R27: int_open_source | S27: int_fb_source | V27: int_ld (= nINT_LD, OD) | W27: int_fault (= nINT_FAULT, OD) | X27: auto-cleared after a readout
B29: =B27+1 -> 26 | C29: SPI FAULT STATUS/CONTROL | D29: r/w | E29: 0x1A | F29: 0x0000 | H29: acc_counter [7:0] | P29: checksum_status [1;0] | R29: acc_cnt_err_status | S29: parity_err_status | U29: parity_err_mode '0' odd '1' reserved | V29: spi_acc_cnt_err_det_en '0' disable '0' enable | W29: spi_parity_err_det_en '0' disable '1' enable | X29: acc_cnt/parity err후 어떻게 ?
B30: =B29+1 -> 27 | C30: CLK CONTROL 1 | D30: r/w | E30: 0x1B | F30: 0x0000 | I30: spread_range_a [2:0] | L30: buf_rd_clk_sel '0' internal osc '1' ext mclk | N30: spread_range_d [1:0] | P30: spread_speed [1:0] | R30: spread_dir [1:0] '00' + '01' - '10' ± | T30: serializer_clk_sel '0' internal osc '1' external mclk | U30: osc_spread_en '0' disable '1' enable | V30: serializer_skew_en '0' disable '1' enable | W30: mclk_mode '0' internal osc(default) '1' ext mclk (if entered)
B31: =B30+1 -> 28 | C31: CLK CONTROL 2 | D31: r/w | E31: 0x1C | F31: 0x4000 | I31: osc_force_static [6:0]
B32: =B31+1 -> 29 | C32: VDD & LDO STATUS | D32: ro | E32: 0x1D | F32: 0x0000 | K32: ov50_det | O32: uv50_det | S32: ov15_det | W32: uv15_det | X32: interrupt처리, filtering 100us, show only status, int source는 해당 비트 rising detection and auto-cleared
B33: =B32+1 -> 30 | C33: VDD & LDO FAULT LEVEL | D33: r/w | E33: 0x1E | F33: 0x4444 | I33: ov50_level [2:0] | M33: uv50_level [2:0] | Q33: ov15_level [2:0] | U33: uv15_level [2:0]
B35: =B33+1 -> 31 | C35: LATENCY | D35: r/w | E35: 0x1F | F35: 0x5454 | H35: serial_latency [7:0] | P35: cmd_latency [7:0]
B37: =B35+1 -> 32 | C37: DAISIED DEVICE CH SIZE 1 | D37: r/w | E37: 0x20 | F37: 0x0000 | I37: daisied_dev_ch_size3[4:0] | N37: daisied_dev_ch_size2[4:0] | S37: daisied_dev_ch_size1 [4:0]
B38: =B37+1 -> 33 | C38: DAISIED DEVICE CH SIZE 2 | D38: r/w | E38: 0x21 | F38: 0x0000 | I38: daisied_dev_ch_size6[4:0] | N38: daisied_dev_ch_size5[4:0] | S38: daisied_dev_ch_size4[4:0]
B39: =B38+1 -> 34 | C39: DAISIED DEVICE CH SIZE 3 | D39: r/w | E39: 0x22 | F39: 0x0000 | I39: daisied_dev_ch_size9[4:0] | N39: daisied_dev_ch_size8[4:0] | S39: daisied_dev_ch_size7[4:0]
B40: =B39+1 -> 35 | C40: DAISIED DEVICE CH SIZE 4 | D40: r/w | E40: 0x23 | F40: 0x0000 | I40: daisied_dev_ch_size12[4:0] | N40: daisied_dev_ch_size11[4:0] | S40: daisied_dev_ch_size10[4:0]
B41: =B40+1 -> 36 | C41: DAISIED DEVICE CH SIZE 5 | D41: r/w | E41: 0x24 | F41: 0x0000 | I41: daisied_dev_ch_size15[4:0] | N41: daisied_dev_ch_size14[4:0] | S41: daisied_dev_ch_size13[4:0]
B42: =B41+1 -> 37 | C42: DAISIED DEVICE CH SIZE 6 | D42: r/w | E42: 0x25 | F42: 0x0000 | I42: daisied_dev_ch_size18[4:0] | N42: daisied_dev_ch_size17[4:0] | S42: daisied_dev_ch_size16[4:0]
B43: =B42+1 -> 38 | C43: DAISIED DEVICE CH SIZE 7 | D43: r/w | E43: 0x26 | F43: 0x0000 | I43: daisied_dev_ch_size21[4:0] | N43: daisied_dev_ch_size20[4:0] | S43: daisied_dev_ch_size19[4:0]
B44: =B43+1 -> 39 | C44: DAISIED DEVICE CH SIZE 8 | D44: r/w | E44: 0x27 | F44: 0x0000 | I44: daisied_dev_ch_size24[4:0] | N44: daisied_dev_ch_size23[4:0] | S44: daisied_dev_ch_size22[4:0]
B46: =B44+1 -> 40 | C46: DAISY SIZE 1 | D46: r/w | E46: 0x30 | F46: 0x0000 | I46: daisy_size_ch3[4:0] | N46: daisy_size_ch2[4:0] | S46: daisy_size_ch1[4:0]
B47: =B46+1 -> 41 | C47: DAISY SIZE 2 | D47: r/w | E47: 0x31 | F47: 0x0000 | I47: daisy_size_ch6[4:0] | N47: daisy_size_ch5[4:0] | S47: daisy_size_ch4[4:0]
B48: =B47+1 -> 42 | C48: DAISY SIZE 3 | D48: r/w | E48: 0x32 | F48: 0x0000 | I48: daisy_size_ch9[4:0] | N48: daisy_size_ch8[4:0] | S48: daisy_size_ch7[4:0]
B49: =B48+1 -> 43 | C49: DAISY SIZE 4 | D49: r/w | E49: 0x33 | F49: 0x0000 | I49: daisy_size_ch12[4:0] | N49: daisy_size_ch11[4:0] | S49: daisy_size_ch10[4:0]
B50: =B49+1 -> 44 | C50: DAISY SIZE 5 | D50: r/w | E50: 0x34 | F50: 0x0000 | I50: daisy_size_ch15[4:0] | N50: daisy_size_ch14[4:0] | S50: daisy_size_ch13[4:0]
B51: =B50+1 -> 45 | C51: DAISY SIZE 6 | D51: r/w | E51: 0x35 | F51: 0x0000 | I51: daisy_size_ch18[4:0] | N51: daisy_size_ch17[4:0] | S51: daisy_size_ch16[4:0]
B52: =B51+1 -> 46 | C52: DAISY SIZE 7 | D52: r/w | E52: 0x36 | F52: 0x0000 | I52: daisy_size_ch21[4:0] | N52: daisy_size_ch20[4:0] | S52: daisy_size_ch19[4:0]
B53: =B52+1 -> 47 | C53: DAISY SIZE 8 | D53: r/w | E53: 0x37 | F53: 0x0000 | I53: daisy_size_ch24[4:0] | N53: daisy_size_ch23[4:0] | S53: daisy_size_ch22[4:0]
B54: =B53+1 -> 48 | C54: BLOCK SIZE 1 | D54: r/w | E54: 0x38 | F54: 0x0000 | H54: block_size_ch2 [7:0] | P54: block_size_ch1 [7:0]
B55: =B54+1 -> 49 | C55: BLOCK SIZE 2 | D55: r/w | E55: 0x39 | F55: 0x0000 | H55: block_size_ch4 [7:0] | P55: block_size_ch3 [7:0]
B56: =B55+1 -> 50 | C56: BLOCK SIZE 3 | D56: r/w | E56: 0x3A | F56: 0x0000 | H56: block_size_ch6 [7:0] | P56: block_size_ch5 [7:0]
B57: =B56+1 -> 51 | C57: BLOCK SIZE 4 | D57: r/w | E57: 0x3B | F57: 0x0000 | H57: block_size_ch8 [7:0] | P57: block_size_ch7 [7:0]
B58: =B57+1 -> 52 | C58: BLOCK SIZE 5 | D58: r/w | E58: 0x3C | F58: 0x0000 | H58: block_size_ch10 [7:0] | P58: block_size_ch9 [7:0]
B59: =B58+1 -> 53 | C59: BLOCK SIZE 6 | D59: r/w | E59: 0x3D | F59: 0x0000 | H59: block_size_ch12 [7:0] | P59: block_size_ch11 [7:0]
B60: =B59+1 -> 54 | C60: BLOCK SIZE 7 | D60: r/w | E60: 0x3E | F60: 0x0000 | H60: block_size_ch14 [7:0] | P60: block_size_ch13 [7:0]
B61: =B60+1 -> 55 | C61: BLOCK SIZE 8 | D61: r/w | E61: 0x3F | F61: 0x0000 | H61: block_size_ch16 [7:0] | P61: block_size_ch15 [7:0]
B62: =B61+1 -> 56 | C62: BLOCK SIZE 9 | D62: r/w | E62: 0x40 | F62: 0x0000 | H62: block_size_ch18 [7:0] | P62: block_size_ch17 [7:0]
B63: =B62+1 -> 57 | C63: BLOCK SIZE 10 | D63: r/w | E63: 0x41 | F63: 0x0000 | H63: block_size_ch20 [7:0] | P63: block_size_ch19 [7:0]
B64: =B63+1 -> 58 | C64: BLOCK SIZE 11 | D64: r/w | E64: 0x42 | F64: 0x0000 | H64: block_size_ch22 [7:0] | P64: block_size_ch21 [7:0]
B65: =B64+1 -> 59 | C65: BLOCK SIZE 12 | D65: r/w | E65: 0x43 | F65: 0x0000 | H65: block_size_ch24 [7:0] | P65: block_size_ch23 [7:0]
B67: =B65+1 -> 60 | C67: CHANNEL ENALBE 1 | D67: r/w | E67: 0x45 | F67: 0x0000 | H67: ch16_en | I67: ch15_en | J67: ch14_en | K67: ch13_en | L67: ch12_en | M67: ch11_en | N67: ch10_en | O67: ch9_en | P67: ch8_en | Q67: ch7_en | R67: ch6_en | S67: ch5_en | T67: ch4_en | U67: ch3_en | V67: ch2_en | W67: ch1_en
B68: =B67+1 -> 61 | C68: CHANNEL ENABLE 2 | D68: r/w | E68: 0x46 | F68: 0x0000 | H68: ld_width [1:0] | K68: ch_size [4:0] | P68: ch24_en | Q68: ch23_en | R68: ch22_en | S68: ch21_en | T68: ch20_en | U68: ch19_en | V68: ch18_en | W68: ch17_en
C70: DAC FB CONTROL
B71: =B68+1 -> 62 | C71: DAC CONTROL | D71: r/w | E71: 0x4D | F71: 0x1301 | K71: dac_thermal_off '0' disable '1' enable | N71: dac_hold_en '0' disable '1' enable | O71: dac_dec1_mode '0' static '1' arithmetic exp | R71: dac_fb_mode '0' internal '1' ext multiple XC | S71: dac_sync_mode '0' cmd (sync_done) '1' ext (rising edge) | W71: dac_auto '0' manual '1' auto
B72: =B71+1 -> 63 | C72: CURRENT TARGET DAC | D72: r/w | E72: 0x4F | F72: max_limit | L72: curr_tgt_dac [11:0]
B73: =B72+1 -> 64 | C73: PREVIOUS TARGET DAC | D73: ro | E73: 0x50 | F73: max_limit | L73: prev_tgt_dac [11:0]
B74: =B73+1 -> 65 | C74: DAC OUT | D74: ro | E74: 0x51 | F74: max_limit | L74: dac_out [11:0]
B75: =B74+1 -> 66 | C75: DAC INCREMENT 1 | D75: r/w | E75: 0x52 | F75: 0x40C2 | H75: dac_inc3 [5:0] | N75: dac_inc2 [4:0] | S75: dac_inc1 [4:0]
B76: =B75+1 -> 67 | C76: DAC INCREMENT 2 & HOLD_LIMIT | D76: r/w | E76: 0x53 | F76: 0x0820 | H76: dac_inc_hold_limit [8:0] | Q76: dac_int4 [6:0]
C77: DAC DECREMENT & INC WAIT | D77: r/w | E77: 0x54 | F77: 0x0400 | I77: dac_dec1 [6:0] | Q77: dac_inc1_wait [6:0]
B78: =B76+1 -> 68 | C78: DAC INCREMENT HOLD THRESOLD | D78: r/w | E78: 0x55 | F78: 0x020A | N78: signed | O78: dac_inc_hold_threshold [8:0]
B79: =B78+1 -> 69 | C79: SOA_N1 & N11 | D79: r/w | E79: 0x56 | F79: 0x1908 | H79: soa_n11 [8:0] | Q79: soa_n1 [6:0]
B80: =B79+1 -> 70 | C80: SOA_P2/P1 | D80: r/w | E80: 0x57 | F80: 0xC07D | H80: soa_p2 [3:0] | O80: soa_p1 [8:0]
B81: =B80+1 -> 71 | C81: SOA_P3/P2 | D81: r/w | E81: 0x58 | F81: 0x7D12 | H81: soa_p3 [9:0] | R81: soa_p2 [9:4]
B82: =B81+1 -> 72 | C82: DAC FB VALID TIMER | D82: r/w | E82: 0x59 | F82: 0x0000 | H82: dac_fb_valid_timer [17:2]
B83: =B82+1 -> 73 | C83: DAC MIN LIMIT | D83: r/w | E83: 0x5A | F83: 0x0190 | L83: dac_min_limit [11:0]
B84: =B83+1 -> 74 | C84: DAC MAX LIMIT | D84: r/w | E84: 0x5B | F84: 0x0FA0 | L84: dac_max_limit [11:0]
B85: =B84+1 -> 75 | C85: DAC STATE | D85: ro | E85: 0x5C | F85: 0x0000 | P85: dac_state [3:0] | T85: dac_st_en [3:0]
B86: =B85+1 -> 76 | C86: DAC FB VALID CNT | D86: ro | E86: 0x5D | F86: 0x0000 | H86: dac_fb_valid_cnt [17:2]
B87: =B86+1 -> 77 | C87: DAC INC HOLD/WAIT CNT | D87: ro | E87: 0x5E | F87: 0x0000 | H87: dac_inc_hold_limit_cnt [7:0] | Q87: dac_inc1_wait_cnt [6:0]
C88: R2 | D88: ro | E88: 0x5F | F88: 0x0000 | K88: signed | L88: r2 [ 11:0]
C90: GLOBAL DATA PORT
B91: =B87+1 -> 78 | C91: GLOBAL WRITE DATA | D91: r/w | E91: 0x60 | F91: 0x0000 | L91: data[11:0]
B92: =B91+1 -> 79 | C92: GLOBAL FAULT READ DATA1 | D92: ro | E92: 0x61 | F92: 0x0000 | H92: fault_ch4 [3:0] | L92: fault_ch3 [3:0] | P92: fault_ch2 [3:0] | T92: fault_ch1 [3:0]
B93: =B92+1 -> 80 | C93: GLOBAL FAULT READ DATA2 | D93: ro | E93: 0x62 | F93: 0x0000 | H93: fault_ch8 [3:0] | L93: fault_ch7 [3:0] | P93: fault_ch6 [3:0] | T93: fault_ch5 [3:0]
B94: =B93+1 -> 81 | C94: GLOBAL FAULT READ DATA3 | D94: ro | E94: 0x63 | F94: 0x0000 | H94: fault_ch12 [3:0] | L94: fault_ch11 [3:0] | P94: fault_ch10 [3:0] | T94: fault_ch9 [3:0]
B95: =B94+1 -> 82 | C95: GLOBAL FAULT READ DATA4 | D95: ro | E95: 0x64 | F95: 0x0000 | H95: fault_ch16 [3:0] | L95: fault_ch15 [3:0] | P95: fault_ch14 [3:0] | T95: fault_ch13 [3:0]
B96: =B95+1 -> 83 | C96: GLOBAL FAULT READ DATA5 | D96: ro | E96: 0x65 | F96: 0x0000 | H96: fault_ch20 [3:0] | L96: fault_ch19 [3:0] | P96: fault_ch18 [3:0] | T96: fault_ch17 [3:0]
B97: =B96+1 -> 84 | C97: GLOBAL FAULT READ DATA6 | D97: ro | E97: 0x66 | F97: 0x0000 | H97: fault_ch24 [3:0] | L97: fault_ch23 [3:0] | P97: fault_ch22 [3:0] | T97: fault_ch21 [3:0]
C99: LOCAL DATA PORT
B100: =B97+1 -> 85 | C100: PORT1 LOCAL RW DATA1 | D100: r/w | E100: 0x70 | F100: 0x0000 | L100: data[11:0]
B101: =B100+1 -> 86 | C101: PORT2 LOCAL RW DATA1 | D101: r/w | E101: 0x71 | F101: 0x0000 | L101: data[11:0]
B102: =B101+1 -> 87 | C102: PORT3 LOCAL RW DATA1 | D102: r/w | E102: 0x72 | F102: 0x0000 | L102: data[11:0]
B103: =B102+1 -> 88 | C103: PORT4 LOCAL RW DATA1 | D103: r/w | E103: 0x73 | F103: 0x0000 | L103: data[11:0]
B104: =B103+1 -> 89 | C104: PORT5 LOCAL RW DATA1 | D104: r/w | E104: 0x74 | F104: 0x0000 | L104: data[11:0]
B105: =B104+1 -> 90 | C105: PORT6 LOCAL RW DATA1 | D105: r/w | E105: 0x75 | F105: 0x0000 | L105: data[11:0]
B106: =B105+1 -> 91 | C106: PORT7 LOCAL RW DATA1 | D106: r/w | E106: 0x76 | F106: 0x0000 | L106: data[11:0]
B107: =B106+1 -> 92 | C107: PORT8 LOCAL RW DATA1 | D107: r/w | E107: 0x77 | F107: 0x0000 | L107: data[11:0]
B108: =B107+1 -> 93 | C108: PORT1 LOCAL RW DATA2 | D108: r/w | E108: 0x78 | F108: 0x0000 | L108: data[11:0]
B109: =B108+1 -> 94 | C109: PORT2 LOCAL RW DATA2 | D109: r/w | E109: 0x79 | F109: 0x0000 | L109: data[11:0]
...

Sheet xd12_pwm(mp)_reg
C2: register | D2: access | E2: address | F2: default | H2: bit11 | I2: bit10 | J2: bit9 | K2: bit8 | L2: bit7 | M2: bit6 | N2: bit5 | O2: bit4 | P2: bit3 | Q2: bit2 | R2: bit1 | S2: bit0 | T2: description | U2: feature
B3: 1 | C3: RST/ID | D3: r/w | E3: 0x00 | F3: 0x000 | H3: RST | O3: ID [4:0] | T3: RST : all logics reset, auto-cleared ID #1~#31 ('0' invalid) : not writable
B4: =B3+1 -> 2 | C4: LD CONTROL | D4: r/w | E4: 0x01 | F4: 0x000 | H4: CH_SIZE [3:0] | L4: IO_MODE | N4: SCAN_NO [2:0] | Q4: OVER_TO_E | R4: PWM_RES | S4: LD_DIR | T4: LD_DIR : '0' Head Lighting, '1' Tail Lighting PWM_RES : '0' 12-bit, '1' 14-bit SCAN_NO : '0'=1, '1'=2, '2'=4, '3'=8, '4'=16, '5'=32 OVER_TO_E : pwmclk free-running, '0' not over, '1' over turn-on CH_SIZE : the number of LD DATA to be received IO_MODE : '00'=NOP (input), '01'=EXT_VSYNC (EXT_VSI/EXT_VSO), '10'=FBO (FBI/FBO), '11'= EXT_VYI/FBO | U4: LD_DIR/PWM_RES/OVER_TO_E/SCAN_NO updated at a vsync
B5: =B4+1 -> 3 | C5: FPWM_DIV | D5: r/w | E5: 0x02 | F5: 0x000 | M5: FPWM_DIV [6:0] | T5: 0' original mclk | U5: uploaded at a vsync
B6: =B5+1 -> 4 | C6: CHANNEL ENABLE1 | D6: r/w | E6: 0x03 | F6: 0x000 | H6: CH12_EN | I6: CH11_EN | J6: CH10_EN | K6: CH9_EN | L6: CH8_EN | M6: CH7_EN | N6: CH6_EN | O6: CH5_EN | P6: CH4_EN | Q6: CH3_EN | R6: CH2_EN | S6: CH1_EN
C7: reserved | E7: 0x04
B8: =B6+1 -> 5 | C8: FAULT STATUS | D8: ro | E8: 0x05 | F8: 0x000 | H8: MISS_VS | J8: OV15 | K8: UV15 | P8: THERMAL | Q8: SHORT | R8: OPEN | S8: FB | T8: when reg readout, output the current status of fault 'FB/OPEN can be asserted at the same time OPEN : detecting while PWM_OUTx is low MISS_VS : when MISS_VS_DET_E=1, auto-cleared at a vsync FB/OPEN/SHORT/THERMAL : auto-cleared after fault-(auto)-read or reg-read | U8: T/S/O/FB storage required (fault read time, 1block FB)
B9: =B8+1 -> 6 | C9: FAULT LEVEL | D9: r/w | E9: 0x06 | F9: 0x000 | I9: DEV_MAX_CURR_LEVEL [2:0] | M9: SHORT_LEVEL [2:0] | Q9: FB_LEVEL [2:0]
B10: =B9+1 -> 7 | C10: FAULT CONTROL | D10: r/w | E10: 0x07 | F10: 0x800 | H10: TIMEOUT_E | I10: OVUV15_EN | K10: MISS_VS_LOCK | L10: MISS_VS_DIMM | M10: MISS_VS_DET_E | N10: OPEN_FB_E | O10: O_DET_E | P10: S_DET_E | Q10: T_OFF_E | R10: S_OFF_E | S10: O_OFF_E | T10: when MISS_VS_LOCK & MISS_VS, stop ACC input(0) when MISS_VS_DIMM & MISS_VS, PWM_OUT_CHx=1 and max_current_vref=0x1FF fixed MISS_VS_DET_E : enable detection of missing vsync PWM_OUT_CHx = ( (MISS_VS_DIMM & MISS_VS) || (TEST_E & PWM_FULL_O) ) & CHx_EN ? 1'b1 : PWM_OUTx & ~( (O_OFF_E & OPENx) || (S_OFF_E & SHORTx || (T_OFF_E & THERMAL_IN) ) TIMEOUT_E : TIMEOUT cnt bit = 15-bit (819us) | U10: FBx = FB_INx & CHx_EN & (~OPEN_FB_E || ~OPENx & OPEN_FB_E)) FB_ALL = DFF <= 1 (FB1 || FB2 || … || FB12), auto-clear at readout FBOUT drives the real-time state of FB on pin#6, refer to 'vsync_fb' sheet OPENx = DFF <= OPEN_INx & CHx_EN & ~PWM_OUTx & O_DET_E auto_clear(readout) OPEN_ALL = OPEN1 || OPEN2 || … || OPEN12 SHORTx = SHORT_INx & CHx_EN SHORT_Ex = S_DET_E && PWM_OUTx SHORT_ALL = DFF<=1 (SHORT1 || ... || SHORT12), auto-clear at readout THERMAL = THERMAL_IN | V10: FBx = FB_INx & CHx_EN & (~OPEN_FB_E || ~OPENx & OPEN_FB_E)) OPENx는 DFF아니라 analog OPEN신호 FB_ALL = DFF <= 1 (FB1 || FB2 || … || FB12), auto-clear at readout FBOUT drives the real-time state of FB on pin#6, refer to 'vsync_fb' sheet OPENx = DFF <= OPEN_INx & CHx_EN & ~PWM_OUTx & O_DET_E auto_clear(readout) OPEN_ALL = OPEN1 || OPEN2 || … || OPEN12 SHORTx = SHORT_INx & CHx_EN SHORT_Ex = S_DET_E && PWM_OUTx SHORT_ALL = DFF<=1 (SHORT1 || ... || SHORT12), auto-clear at readout THERMAL = THERMAL_IN
B11: =B10+1 -> 8 | C11: MAX_CURR_VREF | D11: r/w | E11: 0x08 | F11: 0x000 | H11: MAX_CURR_VREF[11:0] | U11: uploaded at a vsync
B12: =B11+1 -> 9 | C12: DELAY_CH_EX1 | D12: r/w | E12: 0x09 | F12: 0x000 | H12: DELAY_CH6 [13:12] | J12: DELAY_CH5 [13:12] | L12: DELAY_CH4 [13:12] | N12: DELAY_CH3 [13:12] | P12: DELAY_CH2 [13:12] | R12: DELAY_CH1 [13:12] | T12: start dimming from (set value+1)th pwmclk
B13: =B12+1 -> 10 | C13: DELAY_CH_EX2 | D13: r/w | E13: 0x0A | F13: 0x000 | H13: DELAY_CH12 [13:12] | J13: DELAY_CH11 [13:12] | L13: DELAY_CH10 [13:12] | N13: DELAY_CH9 [13:12] | P13: DELAY_CH8 [13:12] | R13: DELAY_CH7 [13:12]
B14: =B13+1 -> 11 | C14: DELAY_CH1 | D14: r/w | E14: 0x0B | F14: 0x000 | H14: DELAY_CH1 [11:0]
B15: =B14+1 -> 12 | C15: DELAY_CH2 | D15: r/w | E15: 0x0C | F15: 0x000 | H15: DELAY_CH2 [11:0]
B16: =B15+1 -> 13 | C16: DELAY_CH3 | D16: r/w | E16: 0x0D | F16: 0x000 | H16: DELAY_CH3 [11:0]
B17: =B16+1 -> 14 | C17: DELAY_CH4 | D17: r/w | E17: 0x0E | F17: 0x000 | H17: DELAY_CH4 [11:0]
B18: =B17+1 -> 15 | C18: DELAY_CH5 | D18: r/w | E18: 0x0F | F18: 0x000 | H18: DELAY_CH5 [11:0]
B19: =B18+1 -> 16 | C19: DELAY_CH6 | D19: r/w | E19: 0x10 | F19: 0x000 | H19: DELAY_CH6 [11:0]
B20: =B19+1 -> 17 | C20: DELAY_CH7 | D20: r/w | E20: 0x11 | F20: 0x000 | H20: DELAY_CH7 [11:0]
B21: =B20+1 -> 18 | C21: DELAY_CH8 | D21: r/w | E21: 0x12 | F21: 0x000 | H21: DELAY_CH8 [11:0]
B22: =B21+1 -> 19 | C22: DELAY_CH9 | D22: r/w | E22: 0x13 | F22: 0x000 | H22: DELAY_CH9 [11:0]
B23: =B22+1 -> 20 | C23: DELAY_CH10 | D23: r/w | E23: 0x14 | F23: 0x000 | H23: DELAY_CH10 [11:0]
B24: =B23+1 -> 21 | C24: DELAY_CH11 | D24: r/w | E24: 0x15 | F24: 0x000 | H24: DELAY_CH11 [11:0]
B25: =B24+1 -> 22 | C25: DELAY_CH12 | D25: r/w | E25: 0x16 | F25: 0x000 | H25: DELAY_CH12 [11:0]
C26: reserved | E26: ~0x24
B27: =B25+1 -> 23 | C27: SERIAL CLK GEN | D27: r/w | E27: 0x25 | F27: 0x318 | H27: SCLK_LOW [5:0] default 12ea | N27: SCLK_HIGH [5:0] default 24ea | T27: Max 1-bit length=(SCLK_HIGH+SCLK_LOW)=127
B28: =B27+1 -> 24 | C28: SERIAL_LATENCY | D28: r/w | E28: 0x26 | F28: 0x078 | L28: G2 | M28: SERIAL_LATENCY [6:0] default= 120ea; > sclk_high + sclk_low | T28: if the bit high or low length goes over this value, then the decoder state goes to the idle (for noise pulse or cycle end)
B29: =B28+1 -> 25 | C29: MCLK_LOCK1 | D29: r/w | E29: 0x27 | F29: 0xFB0 | H29: MCLK_LOCK [11:0] | T29: 4ffb0
B30: =B29+1 -> 26 | C30: MCLK_LOCK2 | D30: r/w | E30: 0x28 | F30: 0x84F | H30: MCLK_LOCK_E | J30: FLL_RANGE [1:0] | L30: MCLK_LOCK [19:12] | T30: MCLK_LOCK_E : mclk_lock_cnt '1' disable and stop ACC input(0), '1' disable when mclk_lock_cnt==MCLK_LOCK, calculate and auto-stop/start at a vsync
B32: =B30+1 -> 27 | C32: TEMP | D32: r/w | E32: 0x29 | F32: 0x820 | H32: OFS_TEMP [3:0] | M32: DAC_RNG | N32: FLT_CTL [1:0] | R32: FLT_GAIN [1:0]
B33: =B32+1 -> 28 | C33: OSC_FLL_MAN1 | D33: r/w | E33: 0x2A | F33: 0x000 | H33: OSC_FLL_MAN [11:0]
B34: =B33+1 -> 29 | C34: OSC_FLL_MAN2 | D34: r/w | E34: 0x2B | F34: 0x808 | H34: OSC_MAN_E | P34: OSC_FLL_MAN [15:12]
B35: =B34+1 -> 30 | C35: OSC_FLL_MONITOR | D35: r/o | E35: 0x2C | F35: 0x000 | M35: OSC_FLL_FLT [6:0] | T35: monitor FLT [15:9] value of FLL control
B36: =B35+1 -> 31 | C36: VREF_FIX | D36: r/w | E36: 0x2F | F36: 0x000 | H36: VREF_FIX [11:0] | T36: next dbout때 추가 : vsync missing에서 사용
B38: 1 | C38: OP MODE | D38: r/w | E38: 0x3F | F38: 0x000 | H38: TEST_EN | I38: DDIO_DIS | J38: TEST_ANA_EN [1:0] | M38: PWM_FULL_O | N38: MCLK32_O | O38: VREF_O | S38: ADDR_EXT | T38: TEST_EN=1 && ① MCLK32_O=1 : mclk/32 clk out to DDIO pin#15 ② PWM_FULL_O=1 : PWM_OUT_CHx=1 (@CHx_EN=1) driving a high-active level to a analog part ③ VREF_O=1 : MAX_CURR_VREF [11:0] reg always out regardless of a vsync ④ DDIO_DIS=1 : DDIO blocking out to PAD TEST_EN=1, then stop OTP downloaing ADDR_EXT : 0x3F~0x3E (common accessible) '0' general reg addr accessible '1' otp address accesible
B39: =B38+1 -> 2 | C39: OTP ACCESS1 | D39: r/w | E39: 0x3A | F39: 0x000 | P39: OTP_PG_ACC_CYCLE [15:12]
B40: =B39+1 -> 3 | C40: OTP ACCESS2 | D40: r/w | E40: 0x3B | F40: 0x3FF | H40: OTP_PG_ACC_CYCLE [11:0] (default : decimal 320)
B41: =B40+1 -> 4 | C41: OTP WRITE | D41: r/w | E41: 0x3C | F41: 0x004 | P41: OTP_WSEL [3:0]
B42: =B41+1 -> 5 | C42: OTP RD/PROG | D42: r/w | E42: 0x3D | F42: 0x000 | R42: OTP_RD_S | S42: OTP_PG_S | T42: despite of normal operation, OT_RD_S can start downloaing
B43: =B42+1 -> 6 | C43: OTP PROTECT | D43: r/w | E43: 0x3E | F43: 0x5A5 | H43: PROTECT_EN (0x5A5), PROTECT_DIS (0xA5A)
B45: 1 | C45: OTP CRC | D45: r/w | E45: 0x00 | F45: 0x000 | L45: OTP_CRC_CHECKSUM [7:0]
B46: =B45+1 -> 2 | C46: OSC | D46: r/w | E46: 0x01 | F46: 0x020 | N46: OSC [5:0]
B47: =B46+1 -> 3 | C47: VREF_CTL | D47: r/w | E47: 0x02 | F47: 0x020 | N47: VREF_CTL [5:0]
B48: =B47+1 -> 4 | C48: OFS1 | D48: r/w | E48: 0x03 | F48: 0x040 | M48: ICTL_L_CH1[6:0]
B49: =B48+1 -> 5 | C49: OFS2 | D49: r/w | E49: 0x04 | F49: 0x040 | M49: ICTL_L_CH2[6:0]
B50: =B49+1 -> 6 | C50: OFS3 | D50: r/w | E50: 0x05 | F50: 0x040 | M50: ICTL_L_CH3[6:0]
B51: =B50+1 -> 7 | C51: OFS4 | D51: r/w | E51: 0x06 | F51: 0x040 | M51: ICTL_L_CH4[6:0]
B52: =B51+1 -> 8 | C52: OFS5 | D52: r/w | E52: 0x07 | F52: 0x040 | M52: ICTL_L_CH5[6:0]
B53: =B52+1 -> 9 | C53: OFS6 | D53: r/w | E53: 0x08 | F53: 0x040 | M53: ICTL_L_CH6[6:0]
B54: =B53+1 -> 10 | C54: OFS7 | D54: r/w | E54: 0x09 | F54: 0x040 | M54: ICTL_L_CH7[6:0]
B55: =B54+1 -> 11 | C55: OFS8 | D55: r/w | E55: 0x0A | F55: 0x040 | M55: ICTL_L_CH8[6:0]
B56: =B55+1 -> 12 | C56: OFS9 | D56: r/w | E56: 0x0B | F56: 0x040 | M56: ICTL_L_CH9[6:0]
B57: =B56+1 -> 13 | C57: OFS10 | D57: r/w | E57: 0x0C | F57: 0x040 | M57: ICTL_L_CH10[6:0]
B58: =B57+1 -> 14 | C58: OFS11 | D58: r/w | E58: 0x0D | F58: 0x040 | M58: ICTL_L_CH11[6:0]
B59: =B58+1 -> 15 | C59: OFS12 | D59: r/w | E59: 0x0E | F59: 0x040 | M59: ICTL_L_CH12[6:0]
B61: =B59+1 -> 16 | C61: GAIN1 | D61: r/w | E61: 0x1B | F61: 0x040 | M61: ICTL_H_CH1[6:0] | T61: max current 24/ 32/ 46/ 64mA 설정 시 작동
B62: =B61+1 -> 17 | C62: GAIN2 | D62: r/w | E62: 0x1C | F62: 0x040 | M62: ICTL_H_CH2[6:0]
B63: =B62+1 -> 18 | C63: GAIN3 | D63: r/w | E63: 0x1D | F63: 0x040 | M63: ICTL_H_CH3[6:0]
B64: =B63+1 -> 19 | C64: GAIN4 | D64: r/w | E64: 0x1E | F64: 0x040 | M64: ICTL_H_CH4[6:0]
B65: =B64+1 -> 20 | C65: GAIN5 | D65: r/w | E65: 0x1F | F65: 0x040 | M65: ICTL_H_CH5[6:0]
B66: =B65+1 -> 21 | C66: GAIN6 | D66: r/w | E66: 0x20 | F66: 0x040 | M66: ICTL_H_CH6[6:0]
A67: ` | B67: =B66+1 -> 22 | C67: GAIN7 | D67: r/w | E67: 0x21 | F67: 0x040 | M67: ICTL_H_CH7[6:0]
B68: =B67+1 -> 23 | C68: GAIN8 | D68: r/w | E68: 0x22 | F68: 0x040 | M68: ICTL_H_CH8[6:0]
B69: =B68+1 -> 24 | C69: GAIN9 | D69: r/w | E69: 0x23 | F69: 0x040 | M69: ICTL_H_CH9[6:0]
B70: =B69+1 -> 25 | C70: GAIN10 | D70: r/w | E70: 0x24 | F70: 0x040 | M70: ICTL_H_CH10[6:0]
B71: =B70+1 -> 26 | C71: GAIN11 | D71: r/w | E71: 0x25 | F71: 0x040 | M71: ICTL_H_CH11[6:0]
B72: =B71+1 -> 27 | C72: GAIN12 | D72: r/w | E72: 0x26 | F72: 0x040 | M72: ICTL_H_CH12[6:0]

Sheet Sheet1
H7: 40 | I7: mhz
H8: =1/H7 -> 0.025 | I8: us
G9: 24 | H9: =$H$8*G9 -> 0.6 | I9: us
G10: 48 | H10: =$H$8*G10 -> 1.2 | I10: us
H11: =H9+H10 -> 1.8 | I11: us | K11: =21*H11 -> 37.8 | L11: =H11*21*6 -> 226.8
H12: =1/H11*1000 -> 555.55556 | I12: khz
G13: 96 | H13: =H8*G13 -> 2.4 | I13: us
H15: 10 | I15: mhz
H16: =1/H15 -> 0.1 | I16: us
G17: 7 | H17: =$H$16*G17 -> 0.7 | I17: us
G18: 15 | H18: =$H$16*G18 -> 1.5 | I18: us
H19: =H17+H18 -> 2.2 | I19: us
H20: =1/H19*1000 -> 454.54545 | I20: khz

Sheet xd04_pwm(mp)_reg
C2: register | D2: access | E2: address | F2: default | H2: bit11 | I2: bit10 | J2: bit9 | K2: bit8 | L2: bit7 | M2: bit6 | N2: bit5 | O2: bit4 | P2: bit3 | Q2: bit2 | R2: bit1 | S2: bit0 | T2: description | U2: feature
B3: 1 | C3: RST/ID | D3: r/w | E3: 0x00 | F3: 0x000 | H3: RST | O3: ID [4:0] | T3: RST : all logics reset, auto-cleared ID #1~#31 ('0' invalid) : not writable
B4: =B3+1 -> 2 | C4: LD CONTROL | D4: r/w | E4: 0x01 | F4: 0x000 | H4: CH_SIZE [3:0] | L4: IO_MODE | N4: SCAN_NO [2:0] | Q4: OVER_TO_E | R4: PWM_RES | S4: LD_DIR | T4: LD_DIR : '0' Head Lighting, '1' Tail Lighting PWM_RES : '0' 12-bit, '1' 14-bit SCAN_NO : '0'=1, '1'=2, '2'=4, '3'=8, '4'=16, '5'=32 OVER_TO_E : pwmclk free-running, '0' not over, '1' over turn-on CH_SIZE : the number of LD DATA to be received IO_MODE : '00'=NOP (input), '01'=EXT_VSYNC (EXT_VSI/EXT_VSO), '10'=FBO (FBI/FBO), '11'= EXT_VYI/FBO | U4: LD_DIR/PWM_RES/OVER_TO_E/SCAN_NO updated at a vsync
B5: =B4+1 -> 3 | C5: FPWM_DIV | D5: r/w | E5: 0x02 | F5: 0x000 | M5: FPWM_DIV [6:0] | T5: 0' original mclk | U5: uploaded at a vsync
B6: =B5+1 -> 4 | C6: CHANNEL ENABLE1 | D6: r/w | E6: 0x03 | F6: 0x000 | P6: CH4_EN | Q6: CH3_EN | R6: CH2_EN | S6: CH1_EN
C7: reserved | E7: 0x04
B8: =B6+1 -> 5 | C8: FAULT STATUS | D8: ro | E8: 0x05 | F8: 0x000 | H8: MISS_VS | J8: OV15 | K8: UV15 | P8: THERMAL | Q8: SHORT | R8: OPEN | S8: FB | T8: when reg readout, output the current status of fault 'FB/OPEN can be asserted at the same time OPEN : detecting while PWM_OUTx is low MISS_VS : when MISS_VS_DET_E=1, auto-cleared at a vsync FB/OPEN/SHORT/THERMAL : auto-cleared after fault-(auto)-read or reg-read | U8: T/S/O/FB storage required (fault read time, 1block FB)
B9: =B8+1 -> 6 | C9: FAULT LEVEL | D9: r/w | E9: 0x06 | F9: 0x000 | I9: DEV_MAX_CURR_LEVEL [2:0] | M9: SHORT_LEVEL [2:0] | Q9: FB_LEVEL [2:0]
B10: =B9+1 -> 7 | C10: FAULT CONTROL | D10: r/w | E10: 0x07 | F10: 0x800 | H10: TIMEOUT_E | I10: OVUV15_EN | K10: MISS_VS_LOCK | L10: MISS_VS_DIMM | M10: MISS_VS_DET_E | N10: OPEN_FB_E | O10: O_DET_E | P10: S_DET_E | Q10: T_OFF_E | R10: S_OFF_E | S10: O_OFF_E | T10: when MISS_VS_LOCK & MISS_VS, stop ACC input(0) when MISS_VS_DIMM & MISS_VS, PWM_OUT_CHx=1 and max_current_vref=0x1FF fixed MISS_VS_DET_E : enable detection of missing vsync PWM_OUT_CHx = ( (MISS_VS_DIMM & MISS_VS) || (TEST_E & PWM_FULL_O) ) & CHx_EN ? 1'b1 : PWM_OUTx & ~( (O_OFF_E & OPENx) || (S_OFF_E & SHORTx || (T_OFF_E & THERMAL_IN) ) TIMEOUT_E : TIMEOUT cnt bit = 15-bit (819us) | U10: FBx = FB_INx & CHx_EN & (~OPEN_FB_E || ~OPENx & OPEN_FB_E)) FB_ALL = DFF <= 1 (FB1 || FB2 || … || FB12), auto-clear at readout FBOUT drives the real-time state of FB on pin#6, refer to 'vsync_fb' sheet OPENx = DFF <= OPEN_INx & CHx_EN & ~PWM_OUTx & O_DET_E auto_clear(readout) OPEN_ALL = OPEN1 || OPEN2 || … || OPEN12 SHORTx = SHORT_INx & CHx_EN SHORT_Ex = S_DET_E && PWM_OUTx SHORT_ALL = DFF<=1 (SHORT1 || ... || SHORT12), auto-clear at readout THERMAL = THERMAL_IN | V10: FBx = FB_INx & CHx_EN & (~OPEN_FB_E || ~OPENx & OPEN_FB_E)) OPENx는 DFF아니라 analog OPEN신호 FB_ALL = DFF <= 1 (FB1 || FB2 || … || FB12), auto-clear at readout FBOUT drives the real-time state of FB on pin#6, refer to 'vsync_fb' sheet OPENx = DFF <= OPEN_INx & CHx_EN & ~PWM_OUTx & O_DET_E auto_clear(readout) OPEN_ALL = OPEN1 || OPEN2 || … || OPEN12 SHORTx = SHORT_INx & CHx_EN SHORT_Ex = S_DET_E && PWM_OUTx SHORT_ALL = DFF<=1 (SHORT1 || ... || SHORT12), auto-clear at readout THERMAL = THERMAL_IN
B11: =B10+1 -> 8 | C11: MAX_CURR_VREF | D11: r/w | E11: 0x08 | F11: 0x000 | H11: MAX_CURR_VREF[11:0] | U11: uploaded at a vsync
B12: =B11+1 -> 9 | C12: DELAY_CH_EX1 | D12: r/w | E12: 0x09 | F12: 0x000 | L12: DELAY_CH4 [13:12] | N12: DELAY_CH3 [13:12] | P12: DELAY_CH2 [13:12] | R12: DELAY_CH1 [13:12] | T12: start dimming from (set value+1)th pwmclk
B13: =B12+1 -> 10
B14: =B13+1 -> 11 | C14: DELAY_CH1 | D14: r/w | E14: 0x0B | F14: 0x000 | H14: DELAY_CH1 [11:0]
B15: =B14+1 -> 12 | C15: DELAY_CH2 | D15: r/w | E15: 0x0C | F15: 0x000 | H15: DELAY_CH2 [11:0]
B16: =B15+1 -> 13 | C16: DELAY_CH3 | D16: r/w | E16: 0x0D | F16: 0x000 | H16: DELAY_CH3 [11:0]
B17: =B16+1 -> 14 | C17: DELAY_CH4 | D17: r/w | E17: 0x0E | F17: 0x000 | H17: DELAY_CH4 [11:0]
C18: reserved | E18: ~0x24
B19: =B17+1 -> 15 | C19: SERIAL CLK GEN | D19: r/w | E19: 0x25 | F19: 0x318 | H19: SCLK_LOW [5:0] default 12ea | N19: SCLK_HIGH [5:0] default 24ea | T19: Max 1-bit length=(SCLK_HIGH+SCLK_LOW)=127
B20: =B19+1 -> 16 | C20: SERIAL_LATENCY | D20: r/w | E20: 0x26 | F20: 0x078 | L20: G1 | M20: SERIAL_LATENCY [6:0] default= 120ea; > sclk_high + sclk_low | T20: if the bit high or low length goes over this value, then the decoder state goes to the idle (for noise pulse or cycle end)
B21: =B20+1 -> 17 | C21: MCLK_LOCK1 | D21: r/w | E21: 0x27 | F21: 0xFB0 | H21: MCLK_LOCK [11:0] | T21: 4ffb0
B22: =B21+1 -> 18 | C22: MCLK_LOCK2 | D22: r/w | E22: 0x28 | F22: 0x84F | H22: MCLK_LOCK_E | J22: FLL_RANGE [1:0] | L22: MCLK_LOCK [19:12] | T22: MCLK_LOCK_E : mclk_lock_cnt '1' disable and stop ACC input(0), '1' disable when mclk_lock_cnt==MCLK_LOCK, calculate and auto-stop/start at a vsync
B24: =B22+1 -> 19 | C24: TEMP | D24: r/w | E24: 0x29 | F24: 0x820 | H24: OFS_TEMP [3:0] | M24: DAC_RNG | N24: FLT_CTL [1:0] | R24: FLT_GAIN [1:0]
B25: =B24+1 -> 20 | C25: OSC_FLL_MAN1 | D25: r/w | E25: 0x2A | F25: 0x000 | H25: OSC_FLL_MAN [11:0]
B26: =B25+1 -> 21 | C26: OSC_FLL_MAN2 | D26: r/w | E26: 0x2B | F26: 0x808 | H26: OSC_MAN_E | P26: OSC_FLL_MAN [15:12]
B27: =B26+1 -> 22 | C27: OSC_FLL_MONITOR | D27: r/o | E27: 0x2C | F27: 0x000 | M27: OSC_FLL_FLT [6:0] | T27: monitor FLT [15:9] value of FLL control
B28: =B27+1 -> 23 | C28: VREF_FIX | D28: r/w | E28: 0x2F | F28: 0x000 | H28: VREF_FIX [11:0] | T28: next dbout때 추가 : vsync missing에서 사용
B30: 1 | C30: OP MODE | D30: r/w | E30: 0x3F | F30: 0x000 | H30: TEST_EN | I30: DDIO_DIS | J30: TEST_ANA_EN [1:0] | M30: PWM_FULL_O | N30: MCLK32_O | O30: VREF_O | S30: ADDR_EXT | T30: TEST_EN=1 && ① MCLK32_O=1 : mclk/32 clk out to DDIO pin#15 ② PWM_FULL_O=1 : PWM_OUT_CHx=1 (@CHx_EN=1) driving a high-active level to a analog part ③ VREF_O=1 : MAX_CURR_VREF [11:0] reg always out regardless of a vsync ④ DDIO_DIS=1 : DDIO blocking out to PAD TEST_EN=1, then stop OTP downloaing ADDR_EXT : 0x3F~0x3E (common accessible) '0' general reg addr accessible '1' otp address accesible
B31: =B30+1 -> 2 | C31: OTP ACCESS1 | D31: r/w | E31: 0x3A | F31: 0x000 | P31: OTP_PG_ACC_CYCLE [15:12]
B32: =B31+1 -> 3 | C32: OTP ACCESS2 | D32: r/w | E32: 0x3B | F32: 0x3FF | H32: OTP_PG_ACC_CYCLE [11:0] (default : decimal 320)
B33: =B32+1 -> 4 | C33: OTP WRITE | D33: r/w | E33: 0x3C | F33: 0x004 | P33: OTP_WSEL [3:0]
B34: =B33+1 -> 5 | C34: OTP RD/PROG | D34: r/w | E34: 0x3D | F34: 0x000 | R34: OTP_RD_S | S34: OTP_PG_S | T34: despite of normal operation, OT_RD_S can start downloaing
B35: =B34+1 -> 6 | C35: OTP PROTECT | D35: r/w | E35: 0x3E | F35: 0x5A5 | H35: PROTECT_EN (0x5A5), PROTECT_DIS (0xA5A)
B37: 1 | C37: OTP CRC | D37: r/w | E37: 0x00 | F37: 0x000 | L37: OTP_CRC_CHECKSUM [7:0]
B38: =B37+1 -> 2 | C38: OSC | D38: r/w | E38: 0x01 | F38: 0x020 | N38: OSC [5:0]
B39: =B38+1 -> 3 | C39: VREF_CTL | D39: r/w | E39: 0x02 | F39: 0x020 | N39: VREF_CTL [5:0]
B40: =B39+1 -> 4 | C40: OFS1 | D40: r/w | E40: 0x03 | F40: 0x040 | M40: ICTL_L_CH1[6:0]
B41: =B40+1 -> 5 | C41: OFS2 | D41: r/w | E41: 0x04 | F41: 0x040 | M41: ICTL_L_CH2[6:0]
B42: =B41+1 -> 6 | C42: OFS3 | D42: r/w | E42: 0x05 | F42: 0x040 | M42: ICTL_L_CH3[6:0]
B43: =B42+1 -> 7 | C43: OFS4 | D43: r/w | E43: 0x06 | F43: 0x040 | M43: ICTL_L_CH4[6:0]
B45: =B43+1 -> 8 | C45: GAIN1 | D45: r/w | E45: 0x1B | F45: 0x040 | M45: ICTL_H_CH1[6:0] | T45: max current 24/ 32/ 46/ 64mA 설정 시 작동
B46: =B45+1 -> 9 | C46: GAIN2 | D46: r/w | E46: 0x1C | F46: 0x040 | M46: ICTL_H_CH2[6:0]
B47: =B46+1 -> 10 | C47: GAIN3 | D47: r/w | E47: 0x1D | F47: 0x040 | M47: ICTL_H_CH3[6:0]
B48: =B47+1 -> 11 | C48: GAIN4 | D48: r/w | E48: 0x1E | F48: 0x040 | M48: ICTL_H_CH4[6:0]

Sheet xd_bfi(es2)_reg
C2: register | D2: access | E2: address | F2: default | H2: bit11 | I2: bit10 | J2: bit9 | K2: bit8 | L2: bit7 | M2: bit6 | N2: bit5 | O2: bit4 | P2: bit3 | Q2: bit2 | R2: bit1 | S2: bit0 | T2: description | U2: feature
B3: 1 | C3: ID | D3: r/w | E3: 0x00 | F3: 0x000 | H3: RST1 | O3: ID [4:0] | T3: RST1 : all logics reset, auto-cleared ID #1~#31 ('0' invalid) : not writable
B4: =B3+1 -> 2 | C4: LD MODE | D4: r/w | E4: 0x01 | F4: 0x000 | L4: IO_MODE | O4: LD_DIR | S4: LD_MODE | T4: LD_MODE : '0' NORMAL(BFI), '1' X8 LD_DIR : '0' Head lighten, '1' Tail lighten IO_MODE : '00'=NOP (input), '01'=EXT_VSYNC (EXT_VSI/EXT_VSO), '10'=FBO (FBI/FBO), '11'= EXT_VYI/FBO | U4: LD_MODE & LD_DIR : uploaded on internal vsync keep current dimming mode until completed
B5: =B4+1 -> 3 | C5: SF_PERIOD | D5: r/w | E5: 0x02 | F5: 0x000 | H5: SF_PERIOD [11:0] | U5: uploaded on internal vsync keep current dimming mode until completed
B6: =B5+1 -> 4 | C6: SF_SIZE | D6: r/w | E6: 0x03 | F6: 0x000 | L6: SF_SIZE [7:0]
B7: =B6+1 -> 5 | C7: CH & SF_X8_SIZE | D7: r/w | E7: 0x04 | F7: 0x000 | I7: CH_SIZE [3:0] | O7: SF_X8_SIZE [4:0] | T7: CH_SIZE : LD DATA 수신 개수
B8: =B7+1 -> 6 | C8: SF_BFI | D8: r/w | E8: 0x05 | F8: 0x000 | L8: SF_BFI [7:0] | U8: uploaded on internal vsync keep current dimming mode until completed
B9: =B8+1 -> 7 | C9: LD_FIX1 | D9: r/w | E9: 0x06 | F9: 0xFFF | H9: LD_FIX [11:0] | T9: TEST_EN 外
B10: =B9+1 -> 8 | C10: LD_FIX2 | D10: r/w | E10: 0x07 | F10: 0x007 | P10: LD_FIX [15:12] | T10: ld ref value @ vsync missing
B11: =B10+1 -> 9 | C11: MAX_CURR_VREF | D11: r/w | E11: 0x08 | F11: 0x000 | H11: MAX_CURR_VREF[11:0] | T11: keep out to ANALOG part at the rising edge of vsync | U11: uploaded on internal vsync out from the rising edge of vsync
B12: =B11+1 -> 10 | C12: CHANNEL ENABLE1 | D12: r/w | E12: 0x09 | F12: 0x000 | H12: CH12_EN | I12: CH11_EN | J12: CH10_EN | K12: CH9_EN | L12: CH8_EN | M12: CH7_EN | N12: CH6_EN | O12: CH5_EN | P12: CH4_EN | Q12: CH3_EN | R12: CH2_EN | S12: CH1_EN
B14: =B12+1 -> 11 | C14: FAULT STATUS | D14: ro | E14: 0x0B | F14: 0x000 | H14: MISS_VS | J14: OV15 | K14: UV15 | P14: THERMAL | Q14: SHORT | R14: OPEN | S14: FB | T14: OPEN detection : 전류 급등 시, headroom이 < 0.25V 로 떨어질 수 있음 그러면, FB/OPEN 이 동시에 발생하게 됨 1. LD all zero 에서 OPEN/FB 동시 발생 -> OPEN valid 2. FB duty max %에서도 OPEN/FB 동시 발생 -> OPEN valid | U14: *POR후 OPEN/SHORT detection 구현 적용할 것 1.FB max% limitation을 구현 필요 (fw) O_OFF_EN=0 이면 OPEN/FB 계속 발생 O_OFF_EN=1 이면, ch_out/OPEN/FB toggle 2.해당 XD의 FB값을 무시하고 동작 그럴려면 local read로 fault reg read 필요 3.또는 해당 XD의 OPEN ch을 off 시키면 FB는 안뜸
B15: =B14+1 -> 12 | C15: FAULT LEVEL | D15: r/w | E15: 0x0C | F15: 0x000 | I15: DEV_MAX_CURR_LEVEL [2:0] | M15: SHORT_LEVEL [2:0] | Q15: FB_LEVEL [2:0]
B16: =B15+1 -> 13 | C16: FAULT MODE | D16: r/w | E16: 0x0D | F16: 0x800 | H16: TIMEOUT_EN | I16: OVUV15_EN | L16: MISS_VS_DIMM | M16: MISS_VS_DET_E | N16: O_EN | O16: S2_EN | P16: S1_EN | Q16: T_OFF_EN | R16: S_OFF_EN | S16: O_OFF_EN | T16: TIMEOUT_E 14-bit full counting | U16: OPEN detecting always
B17: =B16+1 -> 14 | C17: DELAY_CH1 | D17: r/w | E17: 0x0E | F17: 0x000 | L17: DELAY_CH1 [7:0]
B18: =B17+1 -> 15 | C18: DELAY_CH2 | D18: r/w | E18: 0x0F | F18: 0x000 | L18: DELAY_CH2 [7:0]
B19: =B18+1 -> 16 | C19: DELAY_CH3 | D19: r/w | E19: 0x10 | F19: 0x000 | L19: DELAY_CH3 [7:0]
B20: =B19+1 -> 17 | C20: DELAY_CH4 | D20: r/w | E20: 0x11 | F20: 0x000 | L20: DELAY_CH4 [7:0]
B21: =B20+1 -> 18 | C21: DELAY_CH5 | D21: r/w | E21: 0x12 | F21: 0x000 | L21: DELAY_CH5 [7:0]
B22: =B21+1 -> 19 | C22: DELAY_CH6 | D22: r/w | E22: 0x13 | F22: 0x000 | L22: DELAY_CH6 [7:0]
B23: =B22+1 -> 20 | C23: DELAY_CH7 | D23: r/w | E23: 0x14 | F23: 0x000 | L23: DELAY_CH7 [7:0]
B24: =B23+1 -> 21 | C24: DELAY_CH8 | D24: r/w | E24: 0x15 | F24: 0x000 | L24: DELAY_CH8 [7:0]
B25: =B24+1 -> 22 | C25: DELAY_CH9 | D25: r/w | E25: 0x16 | F25: 0x000 | L25: DELAY_CH9 [7:0]
B26: =B25+1 -> 23 | C26: DELAY_CH10 | D26: r/w | E26: 0x17 | F26: 0x000 | L26: DELAY_CH10 [7:0]
B27: =B26+1 -> 24 | C27: DELAY_CH11 | D27: r/w | E27: 0x18 | F27: 0x000 | L27: DELAY_CH11 [7:0]
B28: =B27+1 -> 25 | C28: DELAY_CH12 | D28: r/w | E28: 0x19 | F28: 0x000 | L28: DELAY_CH12 [7:0]
B30: =B28+1 -> 26 | C30: SERIAL CLOCK GEN | D30: r/w | E30: 0x26 | F30: 0x1CE | H30: SCLK_LOW [5:0] default=7ea | N30: SCLK_HIGH [5:0] default=14ea | T30: bit counting은 설정값+1만큼 가능하게 확장
B31: =B30+1 -> 27 | C31: SERIAL_LATENCY | D31: r/w | E31: 0x27 | F31: 0x02D | M31: SERIAL_LATENCY [6:0] default= 45ea > sclk_high + sclk_low | T31: if the bit high or low length goes over this value, then the decoder state goes to the idle (for noise pulse or cycle end)
B32: =B31+1 -> 28 | C32: DCLK PERIOD | D32: r/w | E32: 0x28 | F32: 0x000 | H32: DCLK_RST_E | J32: DCLK_PERIOD [9:0]
B33: =B32+1 -> 29 | C33: MCLK_LOCK | D33: r/w | E33: 0x29 | F33: 0x000 | H33: MCLK_LOCK [11:0]
B34: =B33+1 -> 30 | C34: MCLK_LOCK | D34: r/w | E34: 0x2A | F34: 0x01E | H34: MCLK_LOCK_E | N34: MCLK_LOCK [17:12] | T34: MCLK_LOCK_E : '0' disable, '1' enable
B35: =B34+1 -> 31 | C35: OSC_COMP | D35: r/w | E35: 0x2B | F35: 0x00F | H35: OSC_POL | O35: OSC_COMP [4:0] | T35: OSC_POL : '0' positive, '1' negative | U35: OSC_COMP : keep current compensation value at the time of wr to some value, start newly from the value compensating at every vsync
B36: =B35+1 -> 32 | C36: OSC_COMP_TH_P | D36: r/w | E36: 0x2C | F36: 0x080 | I36: OSC_COMP_TH_P [10:0]
B37: =B36+1 -> 33 | C37: OSC_COMP_TH_N | D37: r/w | E37: 0x2D | F37: 0x200 | I37: OSC_COMP_TH_N [10:0]
B38: =B37+1 -> 34 | C38: LD CONTROL | D38: r/w | E38: 0x2E | F38: 0x840 | H38: OFS_TEMP [3:0] | M38: ICTL_GLB[2:0] | P38: BGR_CTL [3:0]
B39: =B38+1 -> 35 | C39: VREF_FIX | D39: r/w | E39: 0x2F | F39: 0x000 | H39: VREF_FIX [11:0] | T39: next dbout때 추가 : vsync missing에서 사용
B41: =1 -> 1 | C41: OP MODE | D41: r/w | E41: 0x3F | F41: 0x000 | H41: TEST_EN | I41: DDIO_DIS | J41: TEST_ANA_EN [1:0] | L41: LD_FIX_EN | N41: MCLK_O | S41: ADDR_EXT | T41: TEST_EN=1 && MCLK_O = 1 - mclk/16 clk out to DDIO pin#15 (← old x8) TEST_EN=1 && LD_FIX_EN=1 : - MAX_CURR_VREF [11:0] reg continuously out - LD_FIX [15:0] always out regardlee a vsync TEST_EN=1 && DDIO_DIS=1 : Blocking DDIO out to PAD ADDR_EXT : 0x3F~0x3E (common accessible) '0' general reg addr accessible '1' otp address accesible
B42: =B41+1 -> 2 | C42: OTP ACCESS1 | D42: r/w | E42: 0x3A | F42: 0x000 | P42: OTP_PG_ACC_CYCLE [15:12]
B43: =B42+1 -> 3 | C43: OTP ACCESS2 | D43: r/w | E43: 0x3B | F43: 0x140 | H43: OTP_PG_ACC_CYCLE [11:0] (default : decimal 320)
B44: =B43+1 -> 4 | C44: OTP WRITE | D44: r/w | E44: 0x3C | F44: 0x004 | P44: OTP_WSEL [3:0]
B45: =B44+1 -> 5 | C45: OTP RD/PROG | D45: r/w | E45: 0x3D | F45: 0x000 | R45: OTP_RD_S | S45: OTP_PG_S
B46: =B45+1 -> 6 | C46: OTP PROTECT | D46: r/w | E46: 0x3E | F46: 0x5A5 | H46: PROTECT_EN (0x5A5), PROTECT_DIS (0xA5A)
B48: 1 | C48: OTP CRC | D48: r/w | E48: 0x00 | F48: 0x000 | L48: OTP_CRC_CHECKSUM [7:0] | V48: 8
B49: =B48+1 -> 2 | C49: OSC | D49: r/w | E49: 0x01 | F49: 0x040 | M49: OSC [6:0] | T49: mclk=14.7456mhz | V49: 7
B50: =B49+1 -> 3 | C50: VREF_CTL | D50: r/w | E50: 0x02 | F50: 0x020 | N50: VREF_CTL [5:0] | V50: 5
B51: =B50+1 -> 4 | C51: OFS1 | D51: r/w | E51: 0x03 | F51: 0x040 | M51: OFS_CH1[6:0] | V51: 7
B52: =B51+1 -> 5 | C52: OFS2 | D52: r/w | E52: 0x04 | F52: 0x040 | M52: OFS_CH2[6:0] | V52: 7
B53: =B52+1 -> 6 | C53: OFS3 | D53: r/w | E53: 0x05 | F53: 0x040 | M53: OFS_CH3[6:0] | V53: 7
B54: =B53+1 -> 7 | C54: OFS4 | D54: r/w | E54: 0x06 | F54: 0x040 | M54: OFS_CH4[6:0] | V54: 7
B55: =B54+1 -> 8 | C55: OFS5 | D55: r/w | E55: 0x07 | F55: 0x040 | M55: OFS_CH5[6:0] | V55: 7
B56: =B55+1 -> 9 | C56: OFS6 | D56: r/w | E56: 0x08 | F56: 0x040 | M56: OFS_CH6[6:0] | V56: 7
B57: =B56+1 -> 10 | C57: OFS7 | D57: r/w | E57: 0x09 | F57: 0x040 | M57: OFS_CH7[6:0] | V57: 7
B58: =B57+1 -> 11 | C58: OFS8 | D58: r/w | E58: 0x0A | F58: 0x040 | M58: OFS_CH8[6:0] | V58: 7
B59: =B58+1 -> 12 | C59: OFS9 | D59: r/w | E59: 0x0B | F59: 0x040 | M59: OFS_CH9[6:0] | V59: 7
B60: =B59+1 -> 13 | C60: OFS10 | D60: r/w | E60: 0x0C | F60: 0x040 | M60: OFS_CH10[6:0] | V60: 7
B61: =B60+1 -> 14 | C61: OFS11 | D61: r/w | E61: 0x0D | F61: 0x040 | M61: OFS_CH11[6:0] | V61: 7
B62: =B61+1 -> 15 | C62: OFS12 | D62: r/w | E62: 0x0E | F62: 0x040 | M62: OFS_CH12[6:0] | V62: 7
B64: =B62+1 -> 16 | C64: GAIN1 | D64: r/w | E64: 0x1B | F64: 0x040 | M64: GAIN_CH1[6:0] | V64: 7
B65: =B64+1 -> 17 | C65: GAIN2 | D65: r/w | E65: 0x1C | F65: 0x040 | M65: GAIN_CH2[6:0] | V65: 7
B66: =B65+1 -> 18 | C66: GAIN3 | D66: r/w | E66: 0x1D | F66: 0x040 | M66: GAIN_CH3[6:0] | V66: 7
B67: =B66+1 -> 19 | C67: GAIN4 | D67: r/w | E67: 0x1E | F67: 0x040 | M67: GAIN_CH4[6:0] | V67: 7
B68: =B67+1 -> 20 | C68: GAIN5 | D68: r/w | E68: 0x1F | F68: 0x040 | M68: GAIN_CH5[6:0] | V68: 7
B69: =B68+1 -> 21 | C69: GAIN6 | D69: r/w | E69: 0x20 | F69: 0x040 | M69: GAIN_CH6[6:0] | V69: 7
A70: ` | B70: =B69+1 -> 22 | C70: GAIN7 | D70: r/w | E70: 0x21 | F70: 0x040 | M70: GAIN_CH7[6:0] | V70: 7
B71: =B70+1 -> 23 | C71: GAIN8 | D71: r/w | E71: 0x22 | F71: 0x040 | M71: GAIN_CH8[6:0] | V71: 7
B72: =B71+1 -> 24 | C72: GAIN9 | D72: r/w | E72: 0x23 | F72: 0x040 | M72: GAIN_CH9[6:0] | V72: 7
B73: =B72+1 -> 25 | C73: GAIN10 | D73: r/w | E73: 0x24 | F73: 0x040 | M73: GAIN_CH10[6:0] | V73: 7
B74: =B73+1 -> 26 | C74: GAIN11 | D74: r/w | E74: 0x25 | F74: 0x040 | M74: GAIN_CH11[6:0] | V74: 7
B75: =B74+1 -> 27 | C75: GAIN12 | D75: r/w | E75: 0x26 | F75: 0x040 | M75: GAIN_CH12[6:0] | V75: 7
V76: 188

Sheet xd_bfi(es2)_ld
B2: BFI | D2: Head Lighten
M3: #1 | BM3: #2 | DM3: #3
B4: internal vsync
B7: svsync | M7: 1 | Q7: 2 | U7: 3 | Y7: 4 | AC7: 5 | AG7: 6 | AK7: 7 | AO7: 8 | AS7: 9 | BM7: 1 | BQ7: 2 | BU7: 3 | BY7: 4 | CC7: 5 | CG7: 6 | CK7: 7 | CO7: 8 | CS7: 9 | DM7: 1 | DQ7: 2 | DU7: 3 | DY7: 4 | EC7: 5 | EG7: 6 | EK7: 7 | EO7: 8 | ES7: 9
B9: MAX_CURR_VREF
B12: CH1 dimming out
B15: CHx dimming out
B18: BFI | D18: Tail Lighten
M19: #1 | BM19: #2 | DM19: #3
B20: internal vsync
B23: svsync | M23: 1 | Q23: 2 | U23: 3 | Y23: 4 | AC23: 5 | AG23: 6 | AK23: 7 | AO23: 8 | AS23: 9 | BM23: 1 | BQ23: 2 | BU23: 3 | BY23: 4 | CC23: 5 | CG23: 6 | CK23: 7 | CO23: 8 | CS23: 9 | DM23: 1 | DQ23: 2 | DU23: 3 | DY23: 4 | EC23: 5 | EG23: 6 | EK23: 7 | EO23: 8 | ES23: 9
B25: MAX_CURR_VREF
B28: CH1 dimming out
B31: CHx dimming out
B35: X8 | D35: Head Lighten
M36: #1 | DN36: #2
B37: internal vsync
B42: svsync
B44: MAX_CURR_VREF
B47: CH1 dimming out
B50: CHx dimming out
B53: X8 | D53: Tail Lighten
M54: #1 | DN54: #2
B55: internal vsync
B60: svsync
B62: MAX_CURR_VREF
B65: CH1 dimming out
B68: CHx dimming out

Sheet xd_bfi(es2)_mclk
B2: comp range | F2: mclk | I2: frame[us] | J2: sf#[us] | K2: mclk#/sf | L2: mclk#/f | M2: mclk# range | Q2: result | T2: [us] | V2: frame | W2: hz | X2: 100 | Y2: 120
B3: step [ea] | C3: mhz/step | D3: mhz | E3: ea/step | F3: mhz | G3: dev | H3: us | I3: 100 | J3: 128 | K3: ea | L3: ea | M3: ea/total | N3: ea/step | O3: TH_N/P | P3: us | Q3: us | R3: mhz | S3: % | T3: residue/frame | W3: us | X3: =1/X2*1000000 -> 10000 | Y3: =1/Y2*1000000 -> 8333.3333
B4: 15 | C4: 0.08 | D4: =B4*C4 -> 1.2 | E4: =(1/$C$4)/Q4 -> 184.91374 | F4: =F5+D4 -> 15.9456 | G4: =(F4-F5)/F5 -> 0.081380208 | H4: =1/F4 -> 0.062713225 | I4: =1/$I$3*1000000 -> 10000 | J4: =I4/$J$3 -> 78.125 | K4: =J4/H4 -> 1245.75 | L4: =I4/H4 -> 159456 | M4: =L4-L5 -> 12000 | N4: =M4/B4 -> 800 | O4: 512 | P4: =H4*O4 -> 32.109171 | Q4: =(I4-P4)/$L$5 -> 0.067599086 | R4: =1/Q4 -> 14.793099 | S4: =(R4-R5)/R5 -> 0.0032212603 | T4: =$I$5-$K$5*Q4*$J$3 -> 32.109171 | V4: mclk_typ | W4: mhz | X4: 14.7456 | Y4: =X4 -> 14.7456
B5: 0 | C5: 0.0008 | D5: =B5*C5 -> 0 | E5: =(1/$C$4)/Q5 -> 184.32 | F5: 14.7456 | G5: =(F5-F5)/F5 -> 0 | H5: =1/F5 -> 0.06781684 | I5: =1/$I$3*1000000 -> 10000 | J5: =I5/$J$3 -> 78.125 | K5: =J5/H5 -> 1152 | L5: =I5/H5 -> 147456 | M5: =L5-L5 -> 0 | N5: 0 | O5: 0 | P5: =H5*O5 -> 0 | Q5: =(I5-P5)/$L$5 -> 0.06781684 | R5: =1/Q5 -> 14.7456 | S5: =(R5-R5)/R5 -> 0 | T5: =$I$5-$K$5*Q5*$J$3 -> 0 | W5: us | X5: =1/X4 -> 0.06781684 | Y5: =1/Y4 -> 0.06781684
B6: 15 | C6: =-C4 -> -0.08 | D6: =B6*C6 -> -1.2 | E6: =(1/$C$4)/Q6 -> 184.14599 | F6: =F5+D6 -> 13.5456 | G6: =(F6-F5)/F5 -> -0.081380208 | H6: =1/F6 -> 0.073824711 | I6: =1/$I$3*1000000 -> 10000 | J6: =I6/$J$3 -> 78.125 | K6: =J6/H6 -> 1058.25 | L6: =I6/H6 -> 135456 | M6: =L6-L5 -> -12000 | N6: =M6/B6 -> -800 | O6: -128 | P6: =H6*O6 -> -9.449563 | Q6: =(I6-P6)/$L$5 -> 0.067880924 | R6: =1/Q6 -> 14.731679 | S6: =(R5-R6)/R5 -> 0.0009440642 | T6: =$I$5-$K$5*Q6*$J$3 -> -9.449563 | V6: SF_SIZE | W6: ea | X6: 128 | Y6: 128
O7: =O4-O6 -> 640 | P7: =O7/E5 -> 3.4722222 | V7: SF_PERIOD | W7: us | X7: =X3/X6 -> 78.125 | Y7: =Y3/Y6 -> 65.104167
B9: comp range | F9: mclk | I9: frame[us] | J9: sf#[us] | K9: mclk#/sf | L9: mclk#/f | M9: mclk# range | Q9: result | T9: [us] | V9: mclk#/sf | W9: ea | X9: =X7/X5 -> 1152 | Y9: =Y7/Y5 -> 960
B10: step [ea] | C10: mhz/step | D10: mhz | E10: ea/step | F10: mhz | G10: dev | H10: us | I10: 120 | J10: 128 | K10: ea | L10: ea | M10: ea/total | N10: ea/step | O10: TH_N/P | P10: us | Q10: us | R10: mhz | S10: % | T10: residue/frame
B11: 15 | C11: 0.08 | D11: =B11*C11 -> 1.2 | E11: =(1/$C$11)/Q11 -> 185.03295 | F11: =F12+D11 -> 15.9456 | G11: =(F11-F12)/F12 -> 0.081380208 | H11: =1/F11 -> 0.062713225 | I11: =1/$I$10*1000000 -> 8333.3333 | J11: =I11/$J$10 -> 65.104167 | K11: =J11/H11 -> 1038.125 | L11: =I11/H11 -> 132880 | M11: =L11-L12 -> 10000 | N11: =M11/B11 -> 666.66667 | O11: =O4 -> 512 | P11: =H11*O11 -> 32.109171 | Q11: =(I11-P11)/$L$12 -> 0.067555535 | R11: =1/Q11 -> 14.802636 | S11: =(R11-R12)/R12 -> 0.0038680044 | T11: =$I$12-$K$12*Q11*$J$10 -> 32.109171 | V11: dev@120℃ test | W11: % | X11: =M28 -> -0.021647544 | Y11: =M28 -> -0.021647544
B12: 0 | C12: 0.0008 | D12: =B12*C12 -> 0 | E12: =(1/$C$11)/Q12 -> 184.32 | F12: 14.7456 | G12: =(F12-F12)/F12 -> 0 | H12: =1/F12 -> 0.06781684 | I12: =1/$I$10*1000000 -> 8333.3333 | J12: =I12/$J$10 -> 65.104167 | K12: =J12/H12 -> 960 | L12: =I12/H12 -> 122880 | M12: =L12-L12 -> 0 | N12: 0 | O12: 0 | P12: =H12*O12 -> 0 | Q12: =(I12-P12)/$L$12 -> 0.06781684 | R12: =1/Q12 -> 14.7456 | S12: =(R12-R12)/R12 -> 0 | T12: =$I$12-$K$12*Q12*$J$10 -> 0 | V12: mclk_min | W12: mhz | X12: =X4+X4*X11 -> 14.426394 | Y12: =X12 -> 14.426394
B13: 15 | C13: =-C11 -> -0.08 | D13: =B13*C13 -> -1.2 | E13: =(1/$C$11)/Q13 -> 184.11123 | F13: =F12+D13 -> 13.5456 | G13: =(F13-F12)/F12 -> -0.081380208 | H13: =1/F13 -> 0.073824711 | I13: =1/$I$10*1000000 -> 8333.3333 | J13: =I13/$J$10 -> 65.104167 | K13: =J13/H13 -> 881.875 | L13: =I13/H13 -> 112880 | M13: =L13-L12 -> -10000 | N13: =M13/B13 -> -666.66667 | O13: =O6 -> -128 | P13: =H13*O13 -> -9.449563 | Q13: =(I13-P13)/$L$12 -> 0.067893741 | R13: =1/Q13 -> 14.728898 | S13: =(R12-R13)/R12 -> 0.0011326632 | T13: =$I$12-$K$12*Q13*$J$10 -> -9.449563 | W13: us | X13: =1/X12 -> 0.069317392 | Y13: =X13 -> 0.069317392
O14: =O11-O13 -> 640 | P14: =O14/E12 -> 3.4722222
V15: dev | W15: mhz | X15: =X4-X12 -> 0.31920602 | Y15: =X15 -> 0.31920602
V16: 0.08mhz/step | W16: ea | X16: =X15/0.08 -> 3.9900753 | Y16: =X16 -> 3.9900753
V19: target
B20: es1 metal revision osc temp test result | V20: up for deviation | W20: % | X20: 0.017 | Y20: 0.017
B21: -20℃ | C21: min | D21: avg | E21: max | G21: 28℃ | H21: min | I21: avg | J21: max | L21: 120℃ | M21: min | N21: avg | O21: max | W21: mhz | X21: =X4+X4*X20 -> 14.996275 | Y21: =Y4+Y4*Y20 -> 14.996275
B22: mhz | C22: 1.87382 | D22: 1.88801 | E22: 1.90643 | G22: mhz | H22: 1.84788 | I22: 1.85379 | J22: 1.86576 | L22: mhz | M22: 1.81366 | N22: 1.81762 | O22: 1.82232
B23: us | C23: =1/C22 -> 0.53366919 | D23: =1/D22 -> 0.52965821 | E23: =1/E22 -> 0.52454063 | G23: us | H23: =1/H22 -> 0.54116068 | I23: =1/I22 -> 0.53943543 | J23: =1/J22 -> 0.53597462 | L23: us | M23: =1/M22 -> 0.55137126 | N23: =1/N22 -> 0.55017 | O23: =1/O22 -> 0.54875104 | V23: estimation@120℃ | W23: % | X23: =X11+X11*0.1 -> -0.023812298 | Y23: =Y11+Y11*0.1 -> -0.023812298
B24: 8 | C24: =C23/$B$24 -> 0.066708649 | D24: =D23/$B$24 -> 0.066207276 | E24: =E23/$B$24 -> 0.065567579 | G24: 8 | H24: =H23/$G$24 -> 0.067645085 | I24: =I23/$G$24 -> 0.067429428 | J24: =J23/$G$24 -> 0.066996827 | L24: 8 | M24: =M23/$L$24 -> 0.068921408 | N24: =N23/$L$24 -> 0.06877125 | O24: =O23/$L$24 -> 0.06859388 | W24: mhz | X24: =X21+X21*X23 -> 14.639179 | Y24: =Y21+Y21*Y23 -> 14.639179
B25: mhz | C25: =1/C24 -> 14.99056 | D25: =1/D24 -> 15.10408 | E25: =1/E24 -> 15.25144 | G25: mhz | H25: =1/H24 -> 14.78304 | I25: =1/I24 -> 14.83032 | J25: =1/J24 -> 14.92608 | L25: mhz | M25: =1/M24 -> 14.50928 | N25: =1/N24 -> 14.54096 | O25: =1/O24 -> 14.57856 | W25: us | X25: =1/X24 -> 0.06830984 | Y25: =1/Y24 -> 0.06830984
B26: % | C26: =(C25-I25)/I25 -> 0.010804892 | D26: =(D25-D25)/D25 -> 0 | E26: =(E25-I25)/I25 -> 0.028395881 | G26: % | H26: =(H25-I25)/I25 -> -0.0031880634 | I26: =(I25-I25)/I25 -> 0 | J26: =(J25-I25)/I25 -> 0.0064570421 | L26: % | M26: =(M25-I25)/I25 -> -0.021647544 | N26: =(N25-N25)/N25 -> 0 | O26: =(O25-D25)/D25 -> -0.034793248 | V26: residue | W26: us | X26: =X6*X9*X25-X3 -> 72.695724 | Y26: =Y6*Y9*Y25-Y3 -> 60.57977
B28: ref 대비 % | C28: =(C25-$I$25)/$I$25 -> 0.010804892 | D28: =(D25-$I$25)/$I$25 -> 0.01845948 | E28: =(E25-$I$25)/$I$25 -> 0.028395881 | G28: % | H28: =(H25-$I$25)/$I$25 -> -0.0031880634 | I28: =(I25-$I$25)/$I$25 -> 0 | J28: =(J25-$I$25)/$I$25 -> 0.0064570421 | L28: % | M28: =(M25-$I$25)/$I$25 -> -0.021647544 | N28: =(N25-$I$25)/$I$25 -> -0.019511379 | O28: =(O25-$I$25)/$I$25 -> -0.016976033 | V28: estimation@-20℃ | W28: % | X28: =E28+E28*0.1 -> 0.031235469 | Y28: =E28+E28*0.1 -> 0.031235469
B29: max var [mhz] | E29: =E25-H25 -> 0.4684 | M29: =M25-J25 -> -0.4168 | W29: mhz | X29: =X21+X21*X28 -> 15.464691 | Y29: =Y21+Y21*Y28 -> 15.464691
W30: us | X30: =1/X29 -> 0.064663433 | Y30: =1/Y29 -> 0.064663433
V32: final target | W32: (in case of without osc_comp)
V33: min | W33: mhz | X33: =X24 -> 14.639179 | Y33: =Y24 -> 14.639179
V34: typ | W34: mhz | X34: =X21 -> 14.996275 | Y34: =Y21 -> 14.996275
V35: max | W35: mhz | X35: =X29 -> 15.464691 | Y35: =Y29 -> 15.464691

Sheet ext_vs&fb
B2: ES1
D24: External VSYNC
D25: 1 | E25: VSYNCO = EXT_VS_E && ~TEST_E && VSYNCI
D26: 2 | E26: EXT_VS_OEN (tri-state output enable, active-low) = ~(EXT_VS_E && ~TEST_E)
D27: 3 | E27: internal VSYNC = command VSYNC || external VSYNC
E28: external VSYNC = filtered VSYNCI
D30: FBO drives the real-time state of FB on pin#6
D31: 1 | E31: FBO_OEN (tri-state output enable, active-low) =
E32: ~( ( (FB_IN1 & CH1_EN & (~OPEN_FB_E || ~I_OPEN1 & OPEN_FB_E)) || ... || (FB_IN12 & CH12_EN & (~OPEN_FB_E || ~I_OPEN12 & OPEN_FB_E)) || (~FBI) ) && FBO_E )
E33: (note) FBO_E=1 일 때, FBI pin을 사용하지 않는다면 Pullup or Open시켜야 함 (GND 연결 불가)
D34: 2 | E34: FBI_PS = FBO_E
D35: 3 | E35: FBI_OEN = HIGH (always disabled)
B37: ES2
C60: FBO_OEN | E60: = ~ ( ( ( FB_IN1 & CH1_EN & (~OPEN_FB_E || ~I_OPEN1 & OPEN_FB_E) ) || ... || ( FB_IN12 & CH12_EN & (~OPEN_FB_E || ~I_OPEN12 & OPEN_FB_E) ) || ( ~FBI_VSO && IO_MODE==10 ) ) && ( IO_MODE==10 || IO_MODE==11 ) )
C61: VSO_OEN | E61: = ~ ( ( IO_MODE==01) )
C62: VSO | E62: = VSI
F64: IO_MODE | G64: FBI | H64: FBO | I64: VSI | J64: VSO | K64: remark
F65: 00 | G65: nop | H65: nop | I65: nop | J65: nop | K65: default input state possible to GND; PU@IO_MODE=10, 그 외는 PU/PD 없음
F66: 01 | G66: nop | H66: nop | I66: used | J66: used
F67: 10 | G67: used | H67: used | I67: nop | J67: nop
F68: 11 | G68: nop | H68: used | I68: used | J68: nop
C71: 120
C72: =1/14.75 -> 0.06779661
C73: =C71*C72 -> 8.1355932
C74: 0.04
C75: =C73/C74 -> 203.38983

Sheet package
D4: ch | F4: ch | H4: ch | J4: ch | L4: ch | N4: ch | W4: ch | Y4: ch | AA4: VSS | AC4: VSS | AE4: ch | AG4: ch
D5: 1 | F5: 3 | H5: 5 | J5: 7 | L5: 9 | N5: 11 | W5: 1 | Y5: 1 | AE5: 3 | AG5: 3
D6: 24 | F6: 23 | H6: 22 | J6: 21 | L6: 20 | N6: 19 | W6: 24 | Y6: 23 | AA6: 22 | AC6: 21 | AE6: 20 | AG6: 19
B8: VDD | C8: 1 | O8: 18 | P8: VDD | U8: VDD | V8: 1 | AH8: 18 | AI8: VDD
B12: VSS | C12: 2 | O12: 17 | P12: VDD | U12: VSS | V12: 2 | AH12: 17 | AI12: VDD
B16: VSS | C16: 3 | O16: 16 | P16: VSS | U16: VSS | V16: 3 | AH16: 16 | AI16: VSS
B20: VSS | C20: 4 | O20: 15 | P20: VSS | U20: VSS | V20: 4 | AH20: 15 | AI20: VSS
B24: FBO | C24: 5 | O24: 14 | P24: FBI | U24: FBO | V24: 5 | AH24: 14 | AI24: VSI
B25: VSI | P25: VSO
B26: FBO | P26: VSI | U26: VSS | AI26: VSS
B29: DIO | C29: 6 | O29: 13 | P29: DDIO | U29: DIO | V29: 6 | AH29: 13 | AI29: DDIO
D32: 7 | F32: 8 | H32: 9 | J32: 10 | L32: 11 | N32: 12 | W32: 7 | Y32: 8 | AA32: 9 | AC32: 10 | AE32: 11 | AG32: 12
D33: ch | F33: ch | H33: ch | J33: ch | L33: ch | N33: ch | W33: ch | Y33: ch | AE33: ch | AG33: ch
D34: 2 | F34: 4 | H34: 6 | J34: 8 | L34: 10 | N34: 12 | W34: 2 | Y34: 2 | AA34: VSS | AC34: VSS | AE34: 4 | AG34: 4
