Workbook
Name OLE_LINK288: Command!#REF!

Sheet History
B2: Date (YYYY-MM-DD) | C2: Version | D2: Editor | E2: Chapter | F2: Contents
B3: 45854 | C3: 0.1 | D3: YS.KIM | E3: All | F3: Initial version released
B4: 45855 | C4: 0.1.1 | D4: K.LEE | E4: GPIOx CFG | F4: Modified GPIO configuration bits
B5: 45856 | C5: 0.1.2 | D5: BC.CHO | E5: BCUK_SOFT_START[1:0] TIMEOUT SIO1 SSC_TRI SPRD_EN SETUP1 | F5: removed BCUK_SOFT_START[1:0] register add (TBD) in TIMEOUT command & register SIO1[1:0] register modified to SIO[1:0] SSC_TRI register modified to SSC_MODE SPRD_EN register modified to SSC_EN[1:0] SETUP1 register bit position changed
B6: 45860 | C6: 0.1.3 | D6: BC.CHO | E6: VIO_MON VIO_MON_EN READ_VIO_MON All | F6: add VIO_MON[9:0] register add VIO_MON_EN register add READ_VIO_MON command modified command encoding bit & register address bit
B7: 45924 | C7: 0.2 | D7: YS.KIM BC.CHO WS.KANG | E7: SETUP3 STATUS2 SETUP4 Testmode Reg | F7: CLK_INV_EN bit and VB_IN_OV_FLT_EN bit added on SETUP3 VB_IN_OV bit added on STATUS2 add SETUP4 register, SET_SETUP4 & READ_SETUP4 command add first contents testmode register (Control & E-fuse)
B8: 45957 | C8: 0.3 | D8: YS.KIM YJ.LEE | E8: CMD_SET1 ~ CMD_SET16 SETUP3 | F8: New Registers and commnads are added. CMD_SET1 ~ CMD_SET16 modified VB_IN_OV_FLT_EN as VB_IN_OV2_FLT_EN
B9: 45973 | C9: 0.3.1 | D9: SM.LEE | E9: SETUP4 | F9: Merged SETUP4 register changes from GT - ADC_FREQ register added to SETUP4 - SETUP4 register bit position changed - Updated SETUP4 register description
B10: 45975 | C10: 0.3.2 | D10: BC.CHO | E10: Testmode Reg | F10: add TEST_E in 0xE1 add OTP_CRC[7:0] in 0xFD changed Register category name in Testmode Reg
B11: 45980 | C11: 0.3.3 | D11: BC.CHO | E11: Testmode Reg DTB_Table | F11: add TM_F_SS_RESET_SEL, TM_F_SS_RESET_EN in 0xE1 changed from TM_F_LP_SEL to TM_GO_STBY in 0xE5 changed from TM_F_LP_ENABLE to TM_GO_LOWPOWER in 0xE5 removed CP_CLK_8MHz, DTB_OSC_TOP_CLK, DTB_MCLK in DTB_Table add I_SIO_SING_DIN_N in DTB_Table (DIN_N in DTB1 & DTB2 both)
B12: 45980 | C12: 0.3.4 | D12: BC.CHO | E12: CMD_SET1 ~ CMD_SET16 | F12: modified command encoding 8bit - 8'hD0 ~ 8'hDF → 8'h70 ~ 8'h7F
B13: 45981 | C13: 0.3.5 | D13: JK.CHOI | E13: Normal Reg Testmode Reg | F13: add ADC_CLK_POL in 0x0A.SETUP4 moved 0x0A to 0xE8(ADC related 3-register) add CHIP_ID_1~4 in 0xEE to 0xF1
B14: 45982 | C14: 0.3.6 | D14: BC.CHO | E14: SETUP3 SETUP4 | F14: modified access type in SETUP3 register from R to RW - CAN_CFG_EN, CAN_TX_POL, CAN_RX_POL, CAN_LPRX_POL - VB_IN_OV2_FLT_EN modified access type in SETUP4 register from R to RW - LP_WFLT_SEL, CAN_LPRX_EN, CAN_RX_EN, CAN_TX_EN modified default value in SETUP4 register from 0 to 1 - LP_WFLT_SEL, CAN_LPRX_EN, CAN_RX_EN, CAN_TX_EN
... B20: 46003 | C20: 0.4.2 | D20: CH.YE | E20: Testmode Reg | F20: Modify i2c address 0xFA,0xE8

Sheet Command
B2: Command | C2: Command | D2: Data bits | J2: 7 | K2: 6 | L2: 5 | M2: 4 | N2: 3 | O2: 2 | P2: 1 | Q2: 0 | S2: 7 | T2: 6 | U2: 5 | V2: 4 | W2: 3 | X2: 2 | Y2: 1 | Z2: 0
C3: Encoding | G3: * Command Encoding description
B4: RESET | C4: =_xlfn.CONCAT("0x",BIN2HEX(_xlfn.CONCAT(J4,K4,L4,M4,N4,O4,P4,Q4,),2)) -> 0xF0 | D4: 0 | G4: [7:5] | H4: 3'b111 | I4: Write command | J4: 1 | K4: 1 | L4: 1 | M4: 1 | N4: 0 | O4: 0 | P4: 0 | Q4: 0 | R4: =BIN2HEX(_xlfn.CONCAT(L4,M4,N4,O4,P4,Q4),2) -> 30 | S4: 1 | T4: 1 | U4: 1 | V4: 1 | W4: 0 | X4: 0 | Y4: 1 | Z4: 1 | AA4: =BIN2HEX(_xlfn.CONCAT(U4,V4,W4,X4,Y4,Z4),2) -> 33
B5: GOLOWPOWER | C5: =_xlfn.CONCAT("0x",BIN2HEX(_xlfn.CONCAT(J5,K5,L5,M5,N5,O5,P5,Q5,),2)) -> 0xF2 | D5: 0 | H5: 3'b001 | I5: Read command | J5: 1 | K5: 1 | L5: 1 | M5: 1 | N5: 0 | O5: 0 | P5: 1 | Q5: 0 | R5: =BIN2HEX(_xlfn.CONCAT(L5,M5,N5,O5,P5,Q5),2) -> 32 | S5: 1 | T5: 1 | U5: 1 | V5: 1 | W5: 0 | X5: 1 | Y5: 0 | Z5: 0 | AA5: =BIN2HEX(_xlfn.CONCAT(U5,V5,W5,X5,Y5,Z5),2) -> 34
B6: CLRERROR | C6: =_xlfn.CONCAT("0x",BIN2HEX(_xlfn.CONCAT(J6,K6,L6,M6,N6,O6,P6,Q6,),2)) -> 0xF7 | D6: 0 | J6: 1 | K6: 1 | L6: 1 | M6: 1 | N6: 0 | O6: 1 | P6: 1 | Q6: 1 | R6: =BIN2HEX(_xlfn.CONCAT(L6,M6,N6,O6,P6,Q6),2) -> 37 | S6: 1 | T6: 1 | U6: 1 | V6: 1 | W6: 1 | X6: 0 | Y6: 0 | Z6: 0 | AA6: =BIN2HEX(_xlfn.CONCAT(U6,V6,W6,X6,Y6,Z6),2) -> 38
B7: SET_SETUP1 | C7: =_xlfn.CONCAT("0x",BIN2HEX(_xlfn.CONCAT(J7,K7,L7,M7,N7,O7,P7,Q7,),2)) -> 0xE7 | D7: 12 | G7: [5:0] | H7: Register Address | J7: 1 | K7: 1 | L7: 1 | M7: 0 | N7: 0 | O7: 1 | P7: 1 | Q7: 1 | R7: =BIN2HEX(_xlfn.CONCAT(L7,M7,N7,O7,P7,Q7),2) -> 27 | S7: 1 | T7: 1 | U7: 1 | V7: 1 | W7: 1 | X7: 1 | Y7: 0 | Z7: 0 | AA7: =BIN2HEX(_xlfn.CONCAT(U7,V7,W7,X7,Y7,Z7),2) -> 3C
B8: SET_SETUP2 | C8: =_xlfn.CONCAT("0x",BIN2HEX(_xlfn.CONCAT(J8,K8,L8,M8,N8,O8,P8,Q8,),2)) -> 0xE8 | D8: 12 | J8: 1 | K8: 1 | L8: 1 | M8: 0 | N8: 1 | O8: 0 | P8: 0 | Q8: 0 | R8: =BIN2HEX(_xlfn.CONCAT(L8,M8,N8,O8,P8,Q8),2) -> 28 | S8: 1 | T8: 1 | U8: 0 | V8: 0 | W8: 0 | X8: 1 | Y8: 1 | Z8: 0 | AA8: =BIN2HEX(_xlfn.CONCAT(U8,V8,W8,X8,Y8,Z8),2) -> 06
B9: SET_SETUP3 | C9: =_xlfn.CONCAT("0x",BIN2HEX(_xlfn.CONCAT(J9,K9,L9,M9,N9,O9,P9,Q9,),2)) -> 0xE9 | D9: 12 | J9: 1 | K9: 1 | L9: 1 | M9: 0 | N9: 1 | O9: 0 | P9: 0 | Q9: 1 | R9: =BIN2HEX(_xlfn.CONCAT(L9,M9,N9,O9,P9,Q9),2) -> 29 | S9: 1 | T9: 1 | U9: 0 | V9: 0 | W9: 0 | X9: 1 | Y9: 1 | Z9: 1 | AA9: =BIN2HEX(_xlfn.CONCAT(U9,V9,W9,X9,Y9,Z9),2) -> 07
B10: SET_SETUP4 | C10: =_xlfn.CONCAT("0x",BIN2HEX(_xlfn.CONCAT(J10,K10,L10,M10,N10,O10,P10,Q10,),2)) -> 0xEA | D10: 12 | J10: 1 | K10: 1 | L10: 1 | M10: 0 | N10: 1 | O10: 0 | P10: 1 | Q10: 0 | R10: =BIN2HEX(_xlfn.CONCAT(L10,M10,N10,O10,P10,Q10),2) -> 2A | S10: 1 | T10: 1 | U10: 0 | V10: 0 | W10: 1 | X10: 0 | Y10: 0 | Z10: 0 | AA10: =BIN2HEX(_xlfn.CONCAT(U10,V10,W10,X10,Y10,Z10),2) -> 08
B11: SET_TIMEOUT | C11: =_xlfn.CONCAT("0x",BIN2HEX(_xlfn.CONCAT(J11,K11,L11,M11,N11,O11,P11,Q11,),2)) -> 0xEB | D11: 12 | J11: 1 | K11: 1 | L11: 1 | M11: 0 | N11: 1 | O11: 0 | P11: 1 | Q11: 1 | R11: =BIN2HEX(_xlfn.CONCAT(L11,M11,N11,O11,P11,Q11),2) -> 2B | S11: 1 | T11: 1 | U11: 1 | V11: 0 | W11: 0 | X11: 0 | Y11: 0 | Z11: 0 | AA11: =BIN2HEX(_xlfn.CONCAT(U11,V11,W11,X11,Y11,Z11),2) -> 20
B12: SET_CMD_SET1 | C12: 0x70 | D12: 12
B13: SET_CMD_SET2 | C13: 0x71 | D13: 12
B14: SET_CMD_SET3 | C14: 0x72 | D14: 12
B15: SET_CMD_SET4 | C15: 0x73 | D15: 12
B16: SET_CMD_SET5 | C16: 0x74 | D16: 12
B17: SET_CMD_SET6 | C17: 0x75 | D17: 12
B18: SET_CMD_SET7 | C18: 0x76 | D18: 12
B19: SET_CMD_SET8 | C19: 0x77 | D19: 12
B20: SET_CMD_SET9 | C20: 0x78 | D20: 12
B21: SET_CMD_SET10 | C21: 0x79 | D21: 12
B22: SET_CMD_SET11 | C22: 0x7A | D22: 12
B23: SET_CMD_SET12 | C23: 0x7B | D23: 12
... B27: SET_CMD_SET16 | C27: 0x7F | D27: 12
B28: READ_STATUS1 | C28: =_xlfn.CONCAT("0x",BIN2HEX(_xlfn.CONCAT(J28,K28,L28,M28,N28,O28,P28,Q28,),2)) -> 0x20 | D28: 12 | J28: 0 | K28: 0 | L28: 1 | M28: 0 | N28: 0 | O28: 0 | P28: 0 | Q28: 0 | R28: =BIN2HEX(_xlfn.CONCAT(L28,M28,N28,O28,P28,Q28),2) -> 20 | S28: 1 | T28: 1 | U28: 0 | V28: 0 | W28: 1 | X28: 0 | Y28: 1 | Z28: 0 | AA28: =BIN2HEX(_xlfn.CONCAT(U28,V28,W28,X28,Y28,Z28),2) -> 0A
B29: READ_STATUS2 | C29: =_xlfn.CONCAT("0x",BIN2HEX(_xlfn.CONCAT(J29,K29,L29,M29,N29,O29,P29,Q29,),2)) -> 0x21 | D29: 12 | J29: 0 | K29: 0 | L29: 1 | M29: 0 | N29: 0 | O29: 0 | P29: 0 | Q29: 1 | R29: =BIN2HEX(_xlfn.CONCAT(L29,M29,N29,O29,P29,Q29),2) -> 21 | S29: 1 | T29: 1 | U29: 0 | V29: 0 | W29: 1 | X29: 0 | Y29: 1 | Z29: 1 | AA29: =BIN2HEX(_xlfn.CONCAT(U29,V29,W29,X29,Y29,Z29),2) -> 0B
B30: READ_STATUS3 | C30: =_xlfn.CONCAT("0x",BIN2HEX(_xlfn.CONCAT(J30,K30,L30,M30,N30,O30,P30,Q30,),2)) -> 0x22 | D30: 12 | J30: 0 | K30: 0 | L30: 1 | M30: 0 | N30: 0 | O30: 0 | P30: 1 | Q30: 0 | R30: =BIN2HEX(_xlfn.CONCAT(L30,M30,N30,O30,P30,Q30),2) -> 22 | S30: 1 | T30: 1 | U30: 0 | V30: 0 | W30: 1 | X30: 1 | Y30: 1 | Z30: 1 | AA30: =BIN2HEX(_xlfn.CONCAT(U30,V30,W30,X30,Y30,Z30),2) -> 0F
B31: READ_TEMP | C31: =_xlfn.CONCAT("0x",BIN2HEX(_xlfn.CONCAT(J31,K31,L31,M31,N31,O31,P31,Q31,),2)) -> 0x23 | D31: 12 | J31: 0 | K31: 0 | L31: 1 | M31: 0 | N31: 0 | O31: 0 | P31: 1 | Q31: 1 | R31: =BIN2HEX(_xlfn.CONCAT(L31,M31,N31,O31,P31,Q31),2) -> 23 | S31: 1 | T31: 1 | U31: 0 | V31: 1 | W31: 0 | X31: 0 | Y31: 0 | Z31: 0 | AA31: =BIN2HEX(_xlfn.CONCAT(U31,V31,W31,X31,Y31,Z31),2) -> 10
B32: READ_VEXT_GPIO1 | C32: =_xlfn.CONCAT("0x",BIN2HEX(_xlfn.CONCAT(J32,K32,L32,M32,N32,O32,P32,Q32,),2)) -> 0x24 | D32: 12 | J32: 0 | K32: 0 | L32: 1 | M32: 0 | N32: 0 | O32: 1 | P32: 0 | Q32: 0 | R32: =BIN2HEX(_xlfn.CONCAT(L32,M32,N32,O32,P32,Q32),2) -> 24 | S32: 1 | T32: 1 | U32: 0 | V32: 1 | W32: 0 | X32: 0 | Y32: 0 | Z32: 1 | AA32: =BIN2HEX(_xlfn.CONCAT(U32,V32,W32,X32,Y32,Z32),2) -> 11
B33: READ_VEXT_GPIO2 | C33: =_xlfn.CONCAT("0x",BIN2HEX(_xlfn.CONCAT(J33,K33,L33,M33,N33,O33,P33,Q33,),2)) -> 0x25 | D33: 12 | J33: 0 | K33: 0 | L33: 1 | M33: 0 | N33: 0 | O33: 1 | P33: 0 | Q33: 1 | R33: =BIN2HEX(_xlfn.CONCAT(L33,M33,N33,O33,P33,Q33),2) -> 25 | S33: 1 | T33: 1 | U33: 0 | V33: 1 | W33: 0 | X33: 0 | Y33: 1 | Z33: 0 | AA33: =BIN2HEX(_xlfn.CONCAT(U33,V33,W33,X33,Y33,Z33),2) -> 12
B34: READ_VIO_MON | C34: =_xlfn.CONCAT("0x",BIN2HEX(_xlfn.CONCAT(J34,K34,L34,M34,N34,O34,P34,Q34,),2)) -> 0x26 | D34: 12 | J34: 0 | K34: 0 | L34: 1 | M34: 0 | N34: 0 | O34: 1 | P34: 1 | Q34: 0 | R34: =BIN2HEX(_xlfn.CONCAT(L34,M34,N34,O34,P34,Q34),2) -> 26 | S34: 1 | T34: 1 | U34: 0 | V34: 1 | W34: 0 | X34: 0 | Y34: 1 | Z34: 1 | AA34: =BIN2HEX(_xlfn.CONCAT(U34,V34,W34,X34,Y34,Z34),2) -> 13
B35: READ_SETUP1 | C35: =_xlfn.CONCAT("0x",BIN2HEX(_xlfn.CONCAT(J35,K35,L35,M35,N35,O35,P35,Q35,),2)) -> 0x27 | D35: 12 | J35: 0 | K35: 0 | L35: 1 | M35: 0 | N35: 0 | O35: 1 | P35: 1 | Q35: 1 | R35: =BIN2HEX(_xlfn.CONCAT(L35,M35,N35,O35,P35,Q35),2) -> 27 | S35: 1 | T35: 1 | U35: 0 | V35: 1 | W35: 0 | X35: 1 | Y35: 0 | Z35: 0 | AA35: =BIN2HEX(_xlfn.CONCAT(U35,V35,W35,X35,Y35,Z35),2) -> 14
B36: READ_SETUP2 | C36: =_xlfn.CONCAT("0x",BIN2HEX(_xlfn.CONCAT(J36,K36,L36,M36,N36,O36,P36,Q36,),2)) -> 0x28 | D36: 12 | J36: 0 | K36: 0 | L36: 1 | M36: 0 | N36: 1 | O36: 0 | P36: 0 | Q36: 0 | R36: =BIN2HEX(_xlfn.CONCAT(L36,M36,N36,O36,P36,Q36),2) -> 28 | S36: 1 | T36: 1 | U36: 0 | V36: 1 | W36: 0 | X36: 1 | Y36: 0 | Z36: 1 | AA36: =BIN2HEX(_xlfn.CONCAT(U36,V36,W36,X36,Y36,Z36),2) -> 15
B37: READ_SETUP3 | C37: =_xlfn.CONCAT("0x",BIN2HEX(_xlfn.CONCAT(J37,K37,L37,M37,N37,O37,P37,Q37,),2)) -> 0x29 | D37: 12 | J37: 0 | K37: 0 | L37: 1 | M37: 0 | N37: 1 | O37: 0 | P37: 0 | Q37: 1 | R37: =BIN2HEX(_xlfn.CONCAT(L37,M37,N37,O37,P37,Q37),2) -> 29 | S37: 1 | T37: 1 | U37: 0 | V37: 1 | W37: 0 | X37: 1 | Y37: 1 | Z37: 0 | AA37: =BIN2HEX(_xlfn.CONCAT(U37,V37,W37,X37,Y37,Z37),2) -> 16
B38: READ_SETUP4 | C38: =_xlfn.CONCAT("0x",BIN2HEX(_xlfn.CONCAT(J38,K38,L38,M38,N38,O38,P38,Q38,),2)) -> 0x2A | D38: 12 | J38: 0 | K38: 0 | L38: 1 | M38: 0 | N38: 1 | O38: 0 | P38: 1 | Q38: 0 | R38: =BIN2HEX(_xlfn.CONCAT(L38,M38,N38,O38,P38,Q38),2) -> 2A | S38: 1 | T38: 1 | U38: 0 | V38: 1 | W38: 0 | X38: 1 | Y38: 1 | Z38: 1 | AA38: =BIN2HEX(_xlfn.CONCAT(U38,V38,W38,X38,Y38,Z38),2) -> 17
B39: READ_TIMEOUT | C39: =_xlfn.CONCAT("0x",BIN2HEX(_xlfn.CONCAT(J39,K39,L39,M39,N39,O39,P39,Q39,),2)) -> 0x2B | D39: 12 | J39: 0 | K39: 0 | L39: 1 | M39: 0 | N39: 1 | O39: 0 | P39: 1 | Q39: 1 | R39: =BIN2HEX(_xlfn.CONCAT(L39,M39,N39,O39,P39,Q39),2) -> 2B | S39: 1 | T39: 1 | U39: 0 | V39: 1 | W39: 1 | X39: 0 | Y39: 0 | Z39: 0 | AA39: =BIN2HEX(_xlfn.CONCAT(U39,V39,W39,X39,Y39,Z39),2) -> 18
B40: READ_CMD_SET1 | C40: 0x30 | D40: 12 | J40: 0 | K40: 0 | L40: 0 | M40: 0 | N40: 0 | O40: 0 | P40: 0 | Q40: 0 | R40: =BIN2HEX(_xlfn.CONCAT(L40,M40,N40,O40,P40,Q40),2) -> 00 | S40: 1 | T40: 1 | U40: 0 | V40: 1 | W40: 1 | X40: 0 | Y40: 0 | Z40: 1 | AA40: =BIN2HEX(_xlfn.CONCAT(U40,V40,W40,X40,Y40,Z40),2) -> 19
B41: READ_CMD_SET2 | C41: 0x31 | D41: 12 | J41: 0 | K41: 0 | L41: 0 | M41: 0 | N41: 0 | O41: 0 | P41: 0 | Q41: 0 | R41: =BIN2HEX(_xlfn.CONCAT(L41,M41,N41,O41,P41,Q41),2) -> 00 | S41: 1 | T41: 1 | U41: 0 | V41: 1 | W41: 1 | X41: 0 | Y41: 1 | Z41: 0 | AA41: =BIN2HEX(_xlfn.CONCAT(U41,V41,W41,X41,Y41,Z41),2) -> 1A
B42: READ_CMD_SET3 | C42: 0x32 | D42: 12 | J42: 0 | K42: 0 | L42: 0 | M42: 0 | N42: 0 | O42: 0 | P42: 0 | Q42: 0 | R42: =BIN2HEX(_xlfn.CONCAT(L42,M42,N42,O42,P42,Q42),2) -> 00
B43: READ_CMD_SET4 | C43: 0x33 | D43: 12 | J43: 0 | K43: 0 | L43: 0 | M43: 0 | N43: 0 | O43: 0 | P43: 0 | Q43: 0 | R43: =BIN2HEX(_xlfn.CONCAT(L43,M43,N43,O43,P43,Q43),2) -> 00
B44: READ_CMD_SET5 | C44: 0x34 | D44: 12 | J44: 0 | K44: 0 | L44: 0 | M44: 0 | N44: 0 | O44: 0 | P44: 0 | Q44: 0 | R44: =BIN2HEX(_xlfn.CONCAT(L44,M44,N44,O44,P44,Q44),2) -> 00
B45: READ_CMD_SET6 | C45: 0x35 | D45: 12 | J45: 0 | K45: 0 | L45: 0 | M45: 0 | N45: 0 | O45: 0 | P45: 0 | Q45: 0 | R45: =BIN2HEX(_xlfn.CONCAT(L45,M45,N45,O45,P45,Q45),2) -> 00
B46: READ_CMD_SET7 | C46: 0x36 | D46: 12 | J46: 0 | K46: 0 | L46: 0 | M46: 0 | N46: 0 | O46: 0 | P46: 0 | Q46: 0 | R46: =BIN2HEX(_xlfn.CONCAT(L46,M46,N46,O46,P46,Q46),2) -> 00
B47: READ_CMD_SET8 | C47: 0x37 | D47: 12 | J47: 0 | K47: 0 | L47: 0 | M47: 0 | N47: 0 | O47: 0 | P47: 0 | Q47: 0 | R47: =BIN2HEX(_xlfn.CONCAT(L47,M47,N47,O47,P47,Q47),2) -> 00
B48: READ_CMD_SET9 | C48: 0x38 | D48: 12 | J48: 0 | K48: 0 | L48: 0 | M48: 0 | N48: 0 | O48: 0 | P48: 0 | Q48: 0 | R48: =BIN2HEX(_xlfn.CONCAT(L48,M48,N48,O48,P48,Q48),2) -> 00
B49: READ_CMD_SET10 | C49: 0x39 | D49: 12 | J49: 0 | K49: 0 | L49: 0 | M49: 0 | N49: 0 | O49: 0 | P49: 0 | Q49: 0 | R49: =BIN2HEX(_xlfn.CONCAT(L49,M49,N49,O49,P49,Q49),2) -> 00
B50: READ_CMD_SET11 | C50: 0x3A | D50: 12 | J50: 0 | K50: 0 | L50: 0 | M50: 0 | N50: 0 | O50: 0 | P50: 0 | Q50: 0 | R50: =BIN2HEX(_xlfn.CONCAT(L50,M50,N50,O50,P50,Q50),2) -> 00
B51: READ_CMD_SET12 | C51: 0x3B | D51: 12 | J51: 0 | K51: 0 | L51: 0 | M51: 0 | N51: 0 | O51: 0 | P51: 0 | Q51: 0 | R51: =BIN2HEX(_xlfn.CONCAT(L51,M51,N51,O51,P51,Q51),2) -> 00
B52: READ_CMD_SET13 | C52: 0x3C | D52: 12 | J52: 0 | K52: 0 | L52: 0 | M52: 0 | N52: 0 | O52: 0 | P52: 0 | Q52: 0 | R52: =BIN2HEX(_xlfn.CONCAT(L52,M52,N52,O52,P52,Q52),2) -> 00
B53: READ_CMD_SET14 | C53: 0x3D | D53: 12 | J53: 0 | K53: 0 | L53: 0 | M53: 0 | N53: 0 | O53: 0 | P53: 0 | Q53: 0 | R53: =BIN2HEX(_xlfn.CONCAT(L53,M53,N53,O53,P53,Q53),2) -> 00
... B55: READ_CMD_SET16 | C55: 0x3F | D55: 12 | J55: 0 | K55: 0 | L55: 0 | M55: 0 | N55: 0 | O55: 0 | P55: 0 | Q55: 0 | R55: =BIN2HEX(_xlfn.CONCAT(L55,M55,N55,O55,P55,Q55),2) -> 00
C56: =_xlfn.CONCAT("0x",BIN2HEX(_xlfn.CONCAT(J56,K56,L56,M56,N56,O56,P56,Q56,),2)) -> 0x00 | D56: 12 | J56: 0 | K56: 0 | L56: 0 | M56: 0 | N56: 0 | O56: 0 | P56: 0 | Q56: 0 | R56: =BIN2HEX(_xlfn.CONCAT(L56,M56,N56,O56,P56,Q56),2) -> 00
C57: =_xlfn.CONCAT("0x",BIN2HEX(_xlfn.CONCAT(J57,K57,L57,M57,N57,O57,P57,Q57,),2)) -> 0x00 | D57: 12 | J57: 0 | K57: 0 | L57: 0 | M57: 0 | N57: 0 | O57: 0 | P57: 0 | Q57: 0 | R57: =BIN2HEX(_xlfn.CONCAT(L57,M57,N57,O57,P57,Q57),2) -> 00
C58: =_xlfn.CONCAT("0x",BIN2HEX(_xlfn.CONCAT(J58,K58,L58,M58,N58,O58,P58,Q58,),2)) -> 0x00 | D58: 12 | J58: 0 | K58: 0 | L58: 0 | M58: 0 | N58: 0 | O58: 0 | P58: 0 | Q58: 0 | R58: =BIN2HEX(_xlfn.CONCAT(L58,M58,N58,O58,P58,Q58),2) -> 00
C59: =_xlfn.CONCAT("0x",BIN2HEX(_xlfn.CONCAT(J59,K59,L59,M59,N59,O59,P59,Q59,),2)) -> 0x00 | D59: 12 | J59: 0 | K59: 0 | L59: 0 | M59: 0 | N59: 0 | O59: 0 | P59: 0 | Q59: 0 | R59: =BIN2HEX(_xlfn.CONCAT(L59,M59,N59,O59,P59,Q59),2) -> 00
C60: =_xlfn.CONCAT("0x",BIN2HEX(_xlfn.CONCAT(J60,K60,L60,M60,N60,O60,P60,Q60,),2)) -> 0x00 | D60: 12 | J60: 0 | K60: 0 | L60: 0 | M60: 0 | N60: 0 | O60: 0 | P60: 0 | Q60: 0 | R60: =BIN2HEX(_xlfn.CONCAT(L60,M60,N60,O60,P60,Q60),2) -> 00
C61: =_xlfn.CONCAT("0x",BIN2HEX(_xlfn.CONCAT(J61,K61,L61,M61,N61,O61,P61,Q61,),2)) -> 0x00 | D61: 12 | J61: 0 | K61: 0 | L61: 0 | M61: 0 | N61: 0 | O61: 0 | P61: 0 | Q61: 0 | R61: =BIN2HEX(_xlfn.CONCAT(L61,M61,N61,O61,P61,Q61),2) -> 00
C62: =_xlfn.CONCAT("0x",BIN2HEX(_xlfn.CONCAT(J62,K62,L62,M62,N62,O62,P62,Q62,),2)) -> 0x00 | D62: 12 | J62: 0 | K62: 0 | L62: 0 | M62: 0 | N62: 0 | O62: 0 | P62: 0 | Q62: 0 | R62: =BIN2HEX(_xlfn.CONCAT(L62,M62,N62,O62,P62,Q62),2) -> 00
C63: =_xlfn.CONCAT("0x",BIN2HEX(_xlfn.CONCAT(J63,K63,L63,M63,N63,O63,P63,Q63,),2)) -> 0x00 | D63: 12 | J63: 0 | K63: 0 | L63: 0 | M63: 0 | N63: 0 | O63: 0 | P63: 0 | Q63: 0 | R63: =BIN2HEX(_xlfn.CONCAT(L63,M63,N63,O63,P63,Q63),2) -> 00
C64: =_xlfn.CONCAT("0x",BIN2HEX(_xlfn.CONCAT(J64,K64,L64,M64,N64,O64,P64,Q64,),2)) -> 0x00 | D64: 12 | J64: 0 | K64: 0 | L64: 0 | M64: 0 | N64: 0 | O64: 0 | P64: 0 | Q64: 0 | R64: =BIN2HEX(_xlfn.CONCAT(L64,M64,N64,O64,P64,Q64),2) -> 00
C65: =_xlfn.CONCAT("0x",BIN2HEX(_xlfn.CONCAT(J65,K65,L65,M65,N65,O65,P65,Q65,),2)) -> 0x00 | D65: 12 | J65: 0 | K65: 0 | L65: 0 | M65: 0 | N65: 0 | O65: 0 | P65: 0 | Q65: 0 | R65: =BIN2HEX(_xlfn.CONCAT(L65,M65,N65,O65,P65,Q65),2) -> 00
C66: =_xlfn.CONCAT("0x",BIN2HEX(_xlfn.CONCAT(J66,K66,L66,M66,N66,O66,P66,Q66,),2)) -> 0x00 | D66: 12 | J66: 0 | K66: 0 | L66: 0 | M66: 0 | N66: 0 | O66: 0 | P66: 0 | Q66: 0 | R66: =BIN2HEX(_xlfn.CONCAT(L66,M66,N66,O66,P66,Q66),2) -> 00
C67: =_xlfn.CONCAT("0x",BIN2HEX(_xlfn.CONCAT(J67,K67,L67,M67,N67,O67,P67,Q67,),2)) -> 0x00 | D67: 12 | J67: 0 | K67: 0 | L67: 0 | M67: 0 | N67: 0 | O67: 0 | P67: 0 | Q67: 0 | R67: =BIN2HEX(_xlfn.CONCAT(L67,M67,N67,O67,P67,Q67),2) -> 00
... C73: =_xlfn.CONCAT("0x",BIN2HEX(_xlfn.CONCAT(J73,K73,L73,M73,N73,O73,P73,Q73,),2)) -> 0x00 | D73: 12 | J73: 0 | K73: 0 | L73: 0 | M73: 0 | N73: 0 | O73: 0 | P73: 0 | Q73: 0 | R73: =BIN2HEX(_xlfn.CONCAT(L73,M73,N73,O73,P73,Q73),2) -> 00

Sheet Register Table
B2: Address | C2: Name | D2: Bit 11 | E2: Bit 10 | F2: Bit 9 | G2: Bit 8 | H2: Bit 7 | I2: Bit 6 | J2: Bit 5 | K2: Bit 4 | L2: Bit 3 | M2: Bit 2 | N2: Bit 1 | O2: Bit 0 | P2: Default Value (bin) | Q2: Default Value (hex)
B3: 0x00 | C3: =VLOOKUP(B3,'Register Description'!$B$1:$C$220,2,FALSE) -> STATUS1 | D3: IC_STATE[3:0] (TBD) | H3: NA | I3: RFREQ_STATUS | J3: MASTER_MODE | K3: DEV_ADDR[2:0] | N3: SIO[1:0] | P3: =_xlfn.CONCAT('Register Description'!F22,'Register Description'!G22,'Register Description'!H22,'Register Description'!I22,"_",'Register Description'!J22,'Register Description'!K22,'Register Description'!L22,'Register Description'!M22,"_",'Register Description'!N22,'Register Description'!O22,'Register Description'!P22,'Register Description'!Q22) -> 0000_0000_0000 | Q3: =_xlfn.CONCAT("0x",BIN2HEX(_xlfn.CONCAT('Register Description'!F22,'Register Description'!G22,'Register Description'!H22,'Register Description'!I22),1),BIN2HEX(_xlfn.CONCAT('Register Description'!J22,'Register Description'!K22,'Register Description'!L22,'Register Description'!M22),1),BIN2HEX(_xlfn.CONCAT('Register Description'!N22,'Register Description'!O22,'Register Description'!P22,'Register Description'!Q22),1)) -> 0x000
B4: 0x01 | C4: =VLOOKUP(B4,'Register Description'!$B$1:$C$220,2,FALSE) -> STATUS2 | D4: 필요시, CAN_STATUS | E4: VB_IN_OV | F4: POR | G4: OTPCRC_FLT | H4: BUCK_OV | I4: BUCK_UV | J4: BUCK_UV_CRIT | K4: BUCK_OC | L4: BOOT_UV | M4: TW | N4: VC_OV | O4: VDD5_UV | P4: =_xlfn.CONCAT('Register Description'!F33,'Register Description'!G33,'Register Description'!H33,'Register Description'!I33,"_",'Register Description'!J33,'Register Description'!K33,'Register Description'!L33,'Register Description'!M33,"_",'Register Description'!N33,'Register Description'!O33,'Register Description'!P33,'Register Description'!Q33) -> 0010_0000_0000 | Q4: =_xlfn.CONCAT("0x",BIN2HEX(_xlfn.CONCAT('Register Description'!F33,'Register Description'!G33,'Register Description'!H33,'Register Description'!I33),1),BIN2HEX(_xlfn.CONCAT('Register Description'!J33,'Register Description'!K33,'Register Description'!L33,'Register Description'!M33),1),BIN2HEX(_xlfn.CONCAT('Register Description'!N33,'Register Description'!O33,'Register Description'!P33,'Register Description'!Q33),1)) -> 0x200
B5: 0x02 | C5: =VLOOKUP(B5,'Register Description'!$B$1:$C$220,2,FALSE) -> STATUS3 | D5: GPIO2_FALLING_DET | E5: GPIO2_RISING_DET | F5: GPIO2_STATUS | G5: GPIO1_FALLING_DET | H5: GPIO1_RISING_DET | I5: GPIO1_STATUS | J5: GPIO0_FALLING_DET | K5: GPIO0_RISING_DET | L5: GPIO0_STATUS | M5: T_OUT (TBD) | N5: CRC_FLT | O5: COM_FLT | P5: =_xlfn.CONCAT('Register Description'!F50,'Register Description'!G50,'Register Description'!H50,'Register Description'!I50,"_",'Register Description'!J50,'Register Description'!K50,'Register Description'!L50,'Register Description'!M50,"_",'Register Description'!N50,'Register Description'!O50,'Register Description'!P50,'Register Description'!Q50) -> 0000_0000_0000 | Q5: =_xlfn.CONCAT("0x",BIN2HEX(_xlfn.CONCAT('Register Description'!F50,'Register Description'!G50,'Register Description'!H50,'Register Description'!I50),1),BIN2HEX(_xlfn.CONCAT('Register Description'!J50,'Register Description'!K50,'Register Description'!L50,'Register Description'!M50),1),BIN2HEX(_xlfn.CONCAT('Register Description'!N50,'Register Description'!O50,'Register Description'!P50,'Register Description'!Q50),1)) -> 0x000
B6: 0x03 | C6: =VLOOKUP(B6,'Register Description'!$B$1:$C$220,2,FALSE) -> TEMP | D6: NA | E6: NA | F6: TEMPERATURE[9:0] | P6: =_xlfn.CONCAT('Register Description'!F68,'Register Description'!G68,'Register Description'!H68,'Register Description'!I68,"_",'Register Description'!J68,'Register Description'!K68,'Register Description'!L68,'Register Description'!M68,"_",'Register Description'!N68,'Register Description'!O68,'Register Description'!P68,'Register Description'!Q68) -> 0000_0000_0000 | Q6: =_xlfn.CONCAT("0x",BIN2HEX(_xlfn.CONCAT('Register Description'!F68,'Register Description'!G68,'Register Description'!H68,'Register Description'!I68),1),BIN2HEX(_xlfn.CONCAT('Register Description'!J68,'Register Description'!K68,'Register Description'!L68,'Register Description'!M68),1),BIN2HEX(_xlfn.CONCAT('Register Description'!N68,'Register Description'!O68,'Register Description'!P68,'Register Description'!Q68),1)) -> 0x000
B7: 0x04 | C7: =VLOOKUP(B7,'Register Description'!$B$1:$C$220,2,FALSE) -> VEXT_GPIO1 | D7: NA | E7: NA | F7: VEXT_GPIO1[9:0] | P7: =_xlfn.CONCAT('Register Description'!F75,'Register Description'!G75,'Register Description'!H75,'Register Description'!I75,"_",'Register Description'!J75,'Register Description'!K75,'Register Description'!L75,'Register Description'!M75,"_",'Register Description'!N75,'Register Description'!O75,'Register Description'!P75,'Register Description'!Q75) -> 0000_0000_0000 | Q7: =_xlfn.CONCAT("0x",BIN2HEX(_xlfn.CONCAT('Register Description'!F75,'Register Description'!G75,'Register Description'!H75,'Register Description'!I75),1),BIN2HEX(_xlfn.CONCAT('Register Description'!J75,'Register Description'!K75,'Register Description'!L75,'Register Description'!M75),1),BIN2HEX(_xlfn.CONCAT('Register Description'!N75,'Register Description'!O75,'Register Description'!P75,'Register Description'!Q75),1)) -> 0x000
B8: 0x05 | C8: =VLOOKUP(B8,'Register Description'!$B$1:$C$220,2,FALSE) -> VEXT_GPIO2 | D8: NA | E8: NA | F8: VEXT_GPIO2[9:0] | P8: =_xlfn.CONCAT('Register Description'!F82,'Register Description'!G82,'Register Description'!H82,'Register Description'!I82,"_",'Register Description'!J82,'Register Description'!K82,'Register Description'!L82,'Register Description'!M82,"_",'Register Description'!N82,'Register Description'!O82,'Register Description'!P82,'Register Description'!Q82) -> 0000_0000_0000 | Q8: =_xlfn.CONCAT("0x",BIN2HEX(_xlfn.CONCAT('Register Description'!F75,'Register Description'!G75,'Register Description'!H75,'Register Description'!I75),1),BIN2HEX(_xlfn.CONCAT('Register Description'!J75,'Register Description'!K75,'Register Description'!L75,'Register Description'!M75),1),BIN2HEX(_xlfn.CONCAT('Register Description'!N75,'Register Description'!O75,'Register Description'!P75,'Register Description'!Q75),1)) -> 0x000
B9: 0x06 | C9: VIO_MON | D9: NA | E9: NA | F9: VIO_MON[9:0] | P9: =_xlfn.CONCAT('Register Description'!F89,'Register Description'!G89,'Register Description'!H89,'Register Description'!I89,"_",'Register Description'!J89,'Register Description'!K89,'Register Description'!L89,'Register Description'!M89,"_",'Register Description'!N89,'Register Description'!O89,'Register Description'!P89,'Register Description'!Q89) -> 0000_0000_0000 | Q9: =_xlfn.CONCAT("0x",BIN2HEX(_xlfn.CONCAT('Register Description'!F89,'Register Description'!G89,'Register Description'!H89,'Register Description'!I89),1),BIN2HEX(_xlfn.CONCAT('Register Description'!J89,'Register Description'!K89,'Register Description'!L89,'Register Description'!M89),1),BIN2HEX(_xlfn.CONCAT('Register Description'!N89,'Register Description'!O89,'Register Description'!P89,'Register Description'!Q89),1)) -> 0x000
B10: 0x07 | C10: =VLOOKUP(B10,'Register Description'!$B$1:$C$220,2,FALSE) -> SETUP1 | D10: NA | E10: SSC _MODE | F10: SSC_EN[1:0] | H10: BUCK_OC_FLT_EN | I10: FM_FREQ[2:0] | L10: BUCK_OC _FILTER_TIME[1:0] | N10: BUCK_DISCHARGE | O10: BUCK_EN | P10: =_xlfn.CONCAT('Register Description'!F97,'Register Description'!G97,'Register Description'!H97,'Register Description'!I97,"_",'Register Description'!J97,'Register Description'!K97,'Register Description'!L97,'Register Description'!M97,"_",'Register Description'!N97,'Register Description'!O97,'Register Description'!P97,'Register Description'!Q97) -> 0001_1011_1101 | Q10: =_xlfn.CONCAT("0x",BIN2HEX(_xlfn.CONCAT('Register Description'!F97,'Register Description'!G97,'Register Description'!H97,'Register Description'!I97),1),BIN2HEX(_xlfn.CONCAT('Register Description'!J97,'Register Description'!K97,'Register Description'!L97,'Register Description'!M97),1),BIN2HEX(_xlfn.CONCAT('Register Description'!N97,'Register Description'!O97,'Register Description'!P97,'Register Description'!Q97),1)) -> 0x1BD
B11: 0x08 | C11: =VLOOKUP(B11,'Register Description'!$B$1:$C$220,2,FALSE) -> SETUP2 | D11: GPIO2 _OUT | E11: GPIO2_OUT_TYPE | F11: GPIO2_VEXT_EN | G11: GPIO2_MODE | H11: GPIO1 _OUT | I11: GPIO1_OUT_TYPE | J11: GPIO1_VEXT_EN | K11: GPIO1_MODE | L11: GPIO0 _OUT | M11: GPIO0_OUT_TYPE | N11: GPIO0_BUCK_CTRL_EN | O11: GPIO0_MODE | P11: =_xlfn.CONCAT('Register Description'!F111,'Register Description'!G111,'Register Description'!H111,'Register Description'!I111,"_",'Register Description'!J111,'Register Description'!K111,'Register Description'!L111,'Register Description'!M111,"_",'Register Description'!N111,'Register Description'!O111,'Register Description'!P111,'Register Description'!Q111) -> 0000_0000_0011 | Q11: =_xlfn.CONCAT("0x",BIN2HEX(_xlfn.CONCAT('Register Description'!F111,'Register Description'!G111,'Register Description'!H111,'Register Description'!I111),1),BIN2HEX(_xlfn.CONCAT('Register Description'!J111,'Register Description'!K111,'Register Description'!L111,'Register Description'!M111),1),BIN2HEX(_xlfn.CONCAT('Register Description'!N111,'Register Description'!O111,'Register Description'!P111,'Register Description'!Q111),1)) -> 0x003
B12: 0x09 | C12: =VLOOKUP(B12,'Register Description'!$B$1:$C$220,2,FALSE) -> SETUP3 | D12: CAN_CFG_EN | E12: CAN_TX_POL | F12: CAN_RX_POL | G12: CAN_LPRX_POL | H12: VB_IN_OV2_FLT_EN | I12: CLK_INV_EN | J12: VIO_MON_EN | K12: CAN_BYPASS_TX_EN | L12: CAN_BYPASS_RX_EN | M12: GPIO2_PD_EN | N12: GPIO1_PD_EN | O12: GPIO0_PD_EN | P12: =_xlfn.CONCAT('Register Description'!F130,'Register Description'!G130,'Register Description'!H130,'Register Description'!I130,"_",'Register Description'!J130,'Register Description'!K130,'Register Description'!L130,'Register Description'!M130,"_",'Register Description'!N130,'Register Description'!O130,'Register Description'!P130,'Register Description'!Q130) -> 0111_1000_0000 | Q12: =_xlfn.CONCAT("0x",BIN2HEX(_xlfn.CONCAT('Register Description'!F130,'Register Description'!G130,'Register Description'!H130,'Register Description'!I130),1),BIN2HEX(_xlfn.CONCAT('Register Description'!J130,'Register Description'!K130,'Register Description'!L130,'Register Description'!M130),1),BIN2HEX(_xlfn.CONCAT('Register Description'!N130,'Register Description'!O130,'Register Description'!P130,'Register Description'!Q130),1)) -> 0x780
B13: 0x0A | C13: =VLOOKUP(B13,'Register Description'!$B$1:$C$220,2,FALSE) -> SETUP4 | D13: RSVD | E13: RSVD | F13: RSVD | G13: ADC_CLK_POL | H13: ADC_FREQ[1:0] | J13: CAN_PUP_EN | K13: CAN_PDN_EN | L13: LP_WFLT_SEL | M13: CAN_LPRX_EN | N13: CAN_RX_EN | O13: CAN_TX_EN | P13: =_xlfn.CONCAT('Register Description'!F149,'Register Description'!G149,'Register Description'!H149,'Register Description'!I149,"_",'Register Description'!J149,'Register Description'!K149,'Register Description'!L149,'Register Description'!M149,"_",'Register Description'!N149,'Register Description'!O149,'Register Description'!P149,'Register Description'!Q149) -> 0000_0111_1111 | Q13: =_xlfn.CONCAT("0x",BIN2HEX(_xlfn.CONCAT('Register Description'!F149,'Register Description'!G149,'Register Description'!H149,'Register Description'!I149),1),BIN2HEX(_xlfn.CONCAT('Register Description'!J149,'Register Description'!K149,'Register Description'!L149,'Register Description'!M149),1),BIN2HEX(_xlfn.CONCAT('Register Description'!N149,'Register Description'!O149,'Register Description'!P149,'Register Description'!Q149),1)) -> 0x07F
B14: 0x0B | C14: =VLOOKUP(B14,'Register Description'!$B$1:$C$220,2,FALSE) -> TIMEOUT | D14: TIMEOUT[11:0](TBD) | P14: =_xlfn.CONCAT('Register Description'!F163,'Register Description'!G163,'Register Description'!H163,'Register Description'!I163,"_",'Register Description'!J163,'Register Description'!K163,'Register Description'!L163,'Register Description'!M163,"_",'Register Description'!N163,'Register Description'!O163,'Register Description'!P163,'Register Description'!Q163) -> 1000_0000_0000 | Q14: =_xlfn.CONCAT("0x",BIN2HEX(_xlfn.CONCAT('Register Description'!F163,'Register Description'!G163,'Register Description'!H163,'Register Description'!I163),1),BIN2HEX(_xlfn.CONCAT('Register Description'!J163,'Register Description'!K163,'Register Description'!L163,'Register Description'!M163),1),BIN2HEX(_xlfn.CONCAT('Register Description'!N163,'Register Description'!O163,'Register Description'!P163,'Register Description'!Q163),1)) -> 0x800
B15: 0x0C | C15: =VLOOKUP(B15,'Register Description'!$B$1:$C$220,2,FALSE) -> CMD_SET1 | D15: COM_DIR1 | E15: DATA_LENGTH1[2:0] | H15: CMD1[7:0] | P15: =_xlfn.CONCAT('Register Description'!F170,'Register Description'!G170,'Register Description'!H170,'Register Description'!I170,"_",'Register Description'!J170,'Register Description'!K170,'Register Description'!L170,'Register Description'!M170,"_",'Register Description'!N170,'Register Description'!O170,'Register Description'!P170,'Register Description'!Q170) -> 0000_0000_0000 | Q15: =_xlfn.CONCAT("0x",BIN2HEX(_xlfn.CONCAT('Register Description'!F170,'Register Description'!G170,'Register Description'!H170,'Register Description'!I170),1),BIN2HEX(_xlfn.CONCAT('Register Description'!J170,'Register Description'!K170,'Register Description'!L170,'Register Description'!M170),1),BIN2HEX(_xlfn.CONCAT('Register Description'!N170,'Register Description'!O170,'Register Description'!P170,'Register Description'!Q170),1)) -> 0x000
B16: 0x0D | C16: =VLOOKUP(B16,'Register Description'!$B$1:$C$220,2,FALSE) -> CMD_SET2 | D16: COM_DIR2 | E16: DATA_LENGTH2[2:0] | H16: CMD2[7:0] | P16: =_xlfn.CONCAT('Register Description'!F179,'Register Description'!G179,'Register Description'!H179,'Register Description'!I179,"_",'Register Description'!J179,'Register Description'!K179,'Register Description'!L179,'Register Description'!M179,"_",'Register Description'!N179,'Register Description'!O179,'Register Description'!P179,'Register Description'!Q179) -> 0000_0000_0000 | Q16: =_xlfn.CONCAT("0x",BIN2HEX(_xlfn.CONCAT('Register Description'!F179,'Register Description'!G179,'Register Description'!H179,'Register Description'!I179),1),BIN2HEX(_xlfn.CONCAT('Register Description'!J179,'Register Description'!K179,'Register Description'!L179,'Register Description'!M179),1),BIN2HEX(_xlfn.CONCAT('Register Description'!N179,'Register Description'!O179,'Register Description'!P179,'Register Description'!Q179),1)) -> 0x000
B17: 0x0E | C17: =VLOOKUP(B17,'Register Description'!$B$1:$C$220,2,FALSE) -> CMD_SET3 | D17: COM_DIR3 | E17: DATA_LENGTH3[2:0] | H17: CMD3[7:0] | P17: =_xlfn.CONCAT('Register Description'!F188,'Register Description'!G188,'Register Description'!H188,'Register Description'!I188,"_",'Register Description'!J188,'Register Description'!K188,'Register Description'!L188,'Register Description'!M188,"_",'Register Description'!N188,'Register Description'!O188,'Register Description'!P188,'Register Description'!Q188) -> 0000_0000_0000 | Q17: =_xlfn.CONCAT("0x",BIN2HEX(_xlfn.CONCAT('Register Description'!F188,'Register Description'!G188,'Register Description'!H188,'Register Description'!I188),1),BIN2HEX(_xlfn.CONCAT('Register Description'!J188,'Register Description'!K188,'Register Description'!L188,'Register Description'!M188),1),BIN2HEX(_xlfn.CONCAT('Register Description'!N188,'Register Description'!O188,'Register Description'!P188,'Register Description'!Q188),1)) -> 0x000
B18: 0x0F | C18: =VLOOKUP(B18,'Register Description'!$B$1:$C$220,2,FALSE) -> CMD_SET4 | D18: COM_DIR4 | E18: DATA_LENGTH4[2:0] | H18: CMD4[7:0] | P18: =_xlfn.CONCAT('Register Description'!F197,'Register Description'!G197,'Register Description'!H197,'Register Description'!I197,"_",'Register Description'!J197,'Register Description'!K197,'Register Description'!L197,'Register Description'!M197,"_",'Register Description'!N197,'Register Description'!O197,'Register Description'!P197,'Register Description'!Q197) -> 0000_0000_0000 | Q18: =_xlfn.CONCAT("0x",BIN2HEX(_xlfn.CONCAT('Register Description'!F197,'Register Description'!G197,'Register Description'!H197,'Register Description'!I197),1),BIN2HEX(_xlfn.CONCAT('Register Description'!J197,'Register Description'!K197,'Register Description'!L197,'Register Description'!M197),1),BIN2HEX(_xlfn.CONCAT('Register Description'!N197,'Register Description'!O197,'Register Description'!P197,'Register Description'!Q197),1)) -> 0x000
B19: 0x10 | C19: =VLOOKUP(B19,'Register Description'!$B$1:$C$220,2,FALSE) -> CMD_SET5 | D19: COM_DIR5 | E19: DATA_LENGTH5[2:0] | H19: CMD5[7:0] | P19: =_xlfn.CONCAT('Register Description'!F206,'Register Description'!G206,'Register Description'!H206,'Register Description'!I206,"_",'Register Description'!J206,'Register Description'!K206,'Register Description'!L206,'Register Description'!M206,"_",'Register Description'!N206,'Register Description'!O206,'Register Description'!P206,'Register Description'!Q206) -> 0000_0000_0000 | Q19: =_xlfn.CONCAT("0x",BIN2HEX(_xlfn.CONCAT('Register Description'!F206,'Register Description'!G206,'Register Description'!H206,'Register Description'!I206),1),BIN2HEX(_xlfn.CONCAT('Register Description'!J206,'Register Description'!K206,'Register Description'!L206,'Register Description'!M206),1),BIN2HEX(_xlfn.CONCAT('Register Description'!N206,'Register Description'!O206,'Register Description'!P206,'Register Description'!Q206),1)) -> 0x000
B20: 0x11 | C20: =VLOOKUP(B20,'Register Description'!$B$1:$C$522,2,FALSE) -> CMD_SET6 | D20: COM_DIR6 | E20: DATA_LENGTH6[2:0] | H20: CMD6[7:0] | P20: =_xlfn.CONCAT('Register Description'!F215,'Register Description'!G215,'Register Description'!H215,'Register Description'!I215,"_",'Register Description'!J215,'Register Description'!K215,'Register Description'!L215,'Register Description'!M215,"_",'Register Description'!N215,'Register Description'!O215,'Register Description'!P215,'Register Description'!Q215) -> 0000_0000_0000 | Q20: =_xlfn.CONCAT("0x",BIN2HEX(_xlfn.CONCAT('Register Description'!F215,'Register Description'!G215,'Register Description'!H215,'Register Description'!I215),1),BIN2HEX(_xlfn.CONCAT('Register Description'!J215,'Register Description'!K215,'Register Description'!L215,'Register Description'!M215),1),BIN2HEX(_xlfn.CONCAT('Register Description'!N215,'Register Description'!O215,'Register Description'!P215,'Register Description'!Q215),1)) -> 0x000
B21: 0x12 | C21: =VLOOKUP(B21,'Register Description'!$B$1:$C$522,2,FALSE) -> CMD_SET7 | D21: COM_DIR7 | E21: DATA_LENGTH7[2:0] | H21: CMD7[7:0] | P21: =_xlfn.CONCAT('Register Description'!F224,'Register Description'!G224,'Register Description'!H224,'Register Description'!I224,"_",'Register Description'!J224,'Register Description'!K224,'Register Description'!L224,'Register Description'!M224,"_",'Register Description'!N224,'Register Description'!O224,'Register Description'!P224,'Register Description'!Q224) -> 0000_0000_0000 | Q21: =_xlfn.CONCAT("0x",BIN2HEX(_xlfn.CONCAT('Register Description'!F224,'Register Description'!G224,'Register Description'!H224,'Register Description'!I224),1),BIN2HEX(_xlfn.CONCAT('Register Description'!J224,'Register Description'!K224,'Register Description'!L224,'Register Description'!M224),1),BIN2HEX(_xlfn.CONCAT('Register Description'!N224,'Register Description'!O224,'Register Description'!P224,'Register Description'!Q224),1)) -> 0x000
B22: 0x13 | C22: =VLOOKUP(B22,'Register Description'!$B$1:$C$522,2,FALSE) -> CMD_SET8 | D22: COM_DIR8 | E22: DATA_LENGTH8[2:0] | H22: CMD8[7:0] | P22: =_xlfn.CONCAT('Register Description'!F233,'Register Description'!G233,'Register Description'!H233,'Register Description'!I233,"_",'Register Description'!J233,'Register Description'!K233,'Register Description'!L233,'Register Description'!M233,"_",'Register Description'!N233,'Register Description'!O233,'Register Description'!P233,'Register Description'!Q233) -> 0000_0000_0000 | Q22: =_xlfn.CONCAT("0x",BIN2HEX(_xlfn.CONCAT('Register Description'!F233,'Register Description'!G233,'Register Description'!H233,'Register Description'!I233),1),BIN2HEX(_xlfn.CONCAT('Register Description'!J233,'Register Description'!K233,'Register Description'!L233,'Register Description'!M233),1),BIN2HEX(_xlfn.CONCAT('Register Description'!N233,'Register Description'!O233,'Register Description'!P233,'Register Description'!Q233),1)) -> 0x000
B23: 0x14 | C23: =VLOOKUP(B23,'Register Description'!$B$1:$C$522,2,FALSE) -> CMD_SET9 | D23: COM_DIR9 | E23: DATA_LENGTH9[2:0] | H23: CMD9[7:0] | P23: =_xlfn.CONCAT('Register Description'!F242,'Register Description'!G242,'Register Description'!H242,'Register Description'!I242,"_",'Register Description'!J242,'Register Description'!K242,'Register Description'!L242,'Register Description'!M242,"_",'Register Description'!N242,'Register Description'!O242,'Register Description'!P242,'Register Description'!Q242) -> 0000_0000_0000 | Q23: =_xlfn.CONCAT("0x",BIN2HEX(_xlfn.CONCAT('Register Description'!F242,'Register Description'!G242,'Register Description'!H242,'Register Description'!I242),1),BIN2HEX(_xlfn.CONCAT('Register Description'!J242,'Register Description'!K242,'Register Description'!L242,'Register Description'!M242),1),BIN2HEX(_xlfn.CONCAT('Register Description'!N242,'Register Description'!O242,'Register Description'!P242,'Register Description'!Q242),1)) -> 0x000
B24: 0x15 | C24: =VLOOKUP(B24,'Register Description'!$B$1:$C$522,2,FALSE) -> CMD_SET10 | D24: COM_DIR10 | E24: DATA_LENGTH10[2:0] | H24: CMD10[7:0] | P24: =_xlfn.CONCAT('Register Description'!F251,'Register Description'!G251,'Register Description'!H251,'Register Description'!I251,"_",'Register Description'!J251,'Register Description'!K251,'Register Description'!L251,'Register Description'!M251,"_",'Register Description'!N251,'Register Description'!O251,'Register Description'!P251,'Register Description'!Q251) -> 0000_0000_0000 | Q24: =_xlfn.CONCAT("0x",BIN2HEX(_xlfn.CONCAT('Register Description'!F251,'Register Description'!G251,'Register Description'!H251,'Register Description'!I251),1),BIN2HEX(_xlfn.CONCAT('Register Description'!J251,'Register Description'!K251,'Register Description'!L251,'Register Description'!M251),1),BIN2HEX(_xlfn.CONCAT('Register Description'!N251,'Register Description'!O251,'Register Description'!P251,'Register Description'!Q251),1)) -> 0x000
B25: 0x16 | C25: =VLOOKUP(B25,'Register Description'!$B$1:$C$522,2,FALSE) -> CMD_SET11 | D25: COM_DIR11 | E25: DATA_LENGTH11[2:0] | H25: CMD11[7:0] | P25: =_xlfn.CONCAT('Register Description'!F260,'Register Description'!G260,'Register Description'!H260,'Register Description'!I260,"_",'Register Description'!J260,'Register Description'!K260,'Register Description'!L260,'Register Description'!M260,"_",'Register Description'!N260,'Register Description'!O260,'Register Description'!P260,'Register Description'!Q260) -> 0000_0000_0000 | Q25: =_xlfn.CONCAT("0x",BIN2HEX(_xlfn.CONCAT('Register Description'!F260,'Register Description'!G260,'Register Description'!H260,'Register Description'!I260),1),BIN2HEX(_xlfn.CONCAT('Register Description'!J260,'Register Description'!K260,'Register Description'!L260,'Register Description'!M260),1),BIN2HEX(_xlfn.CONCAT('Register Description'!N260,'Register Description'!O260,'Register Description'!P260,'Register Description'!Q260),1)) -> 0x000
B26: 0x17 | C26: =VLOOKUP(B26,'Register Description'!$B$1:$C$522,2,FALSE) -> CMD_SET12 | D26: COM_DIR12 | E26: DATA_LENGTH12[2:0] | H26: CMD12[7:0] | P26: =_xlfn.CONCAT('Register Description'!F269,'Register Description'!G269,'Register Description'!H269,'Register Description'!I269,"_",'Register Description'!J269,'Register Description'!K269,'Register Description'!L269,'Register Description'!M269,"_",'Register Description'!N269,'Register Description'!O269,'Register Description'!P269,'Register Description'!Q269) -> 0000_0000_0000 | Q26: =_xlfn.CONCAT("0x",BIN2HEX(_xlfn.CONCAT('Register Description'!F269,'Register Description'!G269,'Register Description'!H269,'Register Description'!I269),1),BIN2HEX(_xlfn.CONCAT('Register Description'!J269,'Register Description'!K269,'Register Description'!L269,'Register Description'!M269),1),BIN2HEX(_xlfn.CONCAT('Register Description'!N269,'Register Description'!O269,'Register Description'!P269,'Register Description'!Q269),1)) -> 0x000
B27: 0x18 | C27: =VLOOKUP(B27,'Register Description'!$B$1:$C$522,2,FALSE) -> CMD_SET13 | D27: COM_DIR13 | E27: DATA_LENGTH13[2:0] | H27: CMD13[7:0] | P27: =_xlfn.CONCAT('Register Description'!F278,'Register Description'!G278,'Register Description'!H278,'Register Description'!I278,"_",'Register Description'!J278,'Register Description'!K278,'Register Description'!L278,'Register Description'!M278,"_",'Register Description'!N278,'Register Description'!O278,'Register Description'!P278,'Register Description'!Q278) -> 0000_0000_0000 | Q27: =_xlfn.CONCAT("0x",BIN2HEX(_xlfn.CONCAT('Register Description'!F278,'Register Description'!G278,'Register Description'!H278,'Register Description'!I278),1),BIN2HEX(_xlfn.CONCAT('Register Description'!J278,'Register Description'!K278,'Register Description'!L278,'Register Description'!M278),1),BIN2HEX(_xlfn.CONCAT('Register Description'!N278,'Register Description'!O278,'Register Description'!P278,'Register Description'!Q278),1)) -> 0x000
B28: 0x19 | C28: =VLOOKUP(B28,'Register Description'!$B$1:$C$522,2,FALSE) -> CMD_SET14 | D28: COM_DIR14 | E28: DATA_LENGTH14[2:0] | H28: CMD14[7:0] | P28: =_xlfn.CONCAT('Register Description'!F287,'Register Description'!G287,'Register Description'!H287,'Register Description'!I287,"_",'Register Description'!J287,'Register Description'!K287,'Register Description'!L287,'Register Description'!M287,"_",'Register Description'!N287,'Register Description'!O287,'Register Description'!P287,'Register Description'!Q287) -> 0000_0000_0000 | Q28: =_xlfn.CONCAT("0x",BIN2HEX(_xlfn.CONCAT('Register Description'!F287,'Register Description'!G287,'Register Description'!H287,'Register Description'!I287),1),BIN2HEX(_xlfn.CONCAT('Register Description'!J287,'Register Description'!K287,'Register Description'!L287,'Register Description'!M287),1),BIN2HEX(_xlfn.CONCAT('Register Description'!N287,'Register Description'!O287,'Register Description'!P287,'Register Description'!Q287),1)) -> 0x000
B29: 0x1A | C29: =VLOOKUP(B29,'Register Description'!$B$1:$C$522,2,FALSE) -> CMD_SET15 | D29: COM_DIR15 | E29: DATA_LENGTH15[2:0] | H29: CMD15[7:0] | P29: =_xlfn.CONCAT('Register Description'!F296,'Register Description'!G296,'Register Description'!H296,'Register Description'!I296,"_",'Register Description'!J296,'Register Description'!K296,'Register Description'!L296,'Register Description'!M296,"_",'Register Description'!N296,'Register Description'!O296,'Register Description'!P296,'Register Description'!Q296) -> 0000_0000_0000 | Q29: =_xlfn.CONCAT("0x",BIN2HEX(_xlfn.CONCAT('Register Description'!F296,'Register Description'!G296,'Register Description'!H296,'Register Description'!I296),1),BIN2HEX(_xlfn.CONCAT('Register Description'!J296,'Register Description'!K296,'Register Description'!L296,'Register Description'!M296),1),BIN2HEX(_xlfn.CONCAT('Register Description'!N296,'Register Description'!O296,'Register Description'!P296,'Register Description'!Q296),1)) -> 0x000
B30: 0x1B | C30: =VLOOKUP(B30,'Register Description'!$B$1:$C$522,2,FALSE) -> CMD_SET16 | D30: COM_DIR16 | E30: DATA_LENGTH16[2:0] | H30: CMD16[7:0] | P30: =_xlfn.CONCAT('Register Description'!F305,'Register Description'!G305,'Register Description'!H305,'Register Description'!I305,"_",'Register Description'!J305,'Register Description'!K305,'Register Description'!L305,'Register Description'!M305,"_",'Register Description'!N305,'Register Description'!O305,'Register Description'!P305,'Register Description'!Q305) -> 0000_0000_0000 | Q30: =_xlfn.CONCAT("0x",BIN2HEX(_xlfn.CONCAT('Register Description'!F305,'Register Description'!G305,'Register Description'!H305,'Register Description'!I305),1),BIN2HEX(_xlfn.CONCAT('Register Description'!J305,'Register Description'!K305,'Register Description'!L305,'Register Description'!M305),1),BIN2HEX(_xlfn.CONCAT('Register Description'!N305,'Register Description'!O305,'Register Description'!P305,'Register Description'!Q305),1)) -> 0x000
C31: =VLOOKUP(B31,'Register Description'!$B$1:$C$220,2,FALSE) -> #N/A
C32: =VLOOKUP(B32,'Register Description'!$B$1:$C$220,2,FALSE) -> #N/A
C33: =VLOOKUP(B33,'Register Description'!$B$1:$C$220,2,FALSE) -> #N/A
C34: =VLOOKUP(B34,'Register Description'!$B$1:$C$220,2,FALSE) -> #N/A
C35: =VLOOKUP(B35,'Register Description'!$B$1:$C$220,2,FALSE) -> #N/A
C36: =VLOOKUP(B36,'Register Description'!$B$1:$C$220,2,FALSE) -> #N/A
C37: =VLOOKUP(B37,'Register Description'!$B$1:$C$220,2,FALSE) -> #N/A
C38: =VLOOKUP(B38,'Register Description'!$B$1:$C$220,2,FALSE) -> #N/A
C39: =VLOOKUP(B39,'Register Description'!$B$1:$C$220,2,FALSE) -> #N/A
C40: =VLOOKUP(B40,'Register Description'!$B$1:$C$220,2,FALSE) -> #N/A
C41: =VLOOKUP(B41,'Register Description'!$B$1:$C$220,2,FALSE) -> #N/A
C42: =VLOOKUP(B42,'Register Description'!$B$1:$C$220,2,FALSE) -> #N/A
... C50: =VLOOKUP(B50,'Register Description'!$B$1:$C$220,2,FALSE) -> #N/A

Sheet Register Description
E3: Description
E9: Reset Source
E10: POR : release at VDD5 > VPOR_VDD5
E11: SWRES : RESET command by MCU
E13: Action items
E14: 1. CAN BUS 관련 Configure / Status register 검토
B20: Address | C20: Name | F20: Bit 11 | G20: Bit 10 | H20: Bit 9 | I20: Bit 8 | J20: Bit 7 | K20: Bit 6 | L20: Bit 5 | M20: Bit 4 | N20: Bit 3 | O20: Bit 2 | P20: Bit 1 | Q20: Bit 0 | S20: Comment
B21: 0x00 | C21: STATUS1 | E21: Content | F21: IC_STATE[3:0] (TBD) | J21: RSVD | K21: RFREQ_STATUS | L21: MASTER_MODE | M21: DEV_ADDR[2:0] | P21: SIO[1:0]
E22: Reset Value | F22: 0 | G22: 0 | H22: 0 | I22: 0 | J22: 0 | K22: 0 | L22: 0 | M22: 0 | N22: 0 | O22: 0 | P22: 0 | Q22: 0
E23: Reset Source | F23: POR, SWRES
E24: Access | F24: R | J24: R | K24: R | L24: R | M24: R | P24: R
E25: Bit Description | F25: IC_STATE : | H25: Represent current IC state. 0x0 : POWER_OFF (default) 0x1 : LOW_POWER 0x2 : NORMAL 0x3 : FAULT …......................
F26: RFREQ_STATUS : | H26: RFREQ pin value 0: No Open or Short (internal BUCK using) 1: Open or Short (external BUCK using)
F27: MASTER_MODE : | H27: Device Master Mode status 1: ADDR0 pin hi-z as master 0: ADDR0 pin not hi-z as slave
F28: DEV_ADDR : | H28: Device Address configured by ADDR0/ADDR1/ADDR2 pins
F29: SIO : | H29: Communication mode of SIO. 0x0 : LVDS / 0x1 : OPEN / 0x2 : MCU / 0x3 : UART Value is set automatically at startup and after reset.
B31: Address | C31: Name | F31: Bit 11 | G31: Bit 10 | H31: Bit 9 | I31: Bit 8 | J31: Bit 7 | K31: Bit 6 | L31: Bit 5 | M31: Bit 4 | N31: Bit 3 | O31: Bit 2 | P31: Bit 1 | Q31: Bit 0
B32: 0x01 | C32: STATUS2 | E32: Content | F32: 필요시, CAN_STATUS | G32: VB_IN_OV | H32: POR | I32: OTPCRC_FLT | J32: BUCK_OV | K32: BUCK_UV | L32: BUCK_UV_CRIT | M32: BUCK_OC | N32: BOOT_UV | O32: TW | P32: VC_OV | Q32: VDD5_UV
E33: Reset Value | F33: 0 | G33: 0 | H33: 1 | I33: 0 | J33: 0 | K33: 0 | L33: 0 | M33: 0 | N33: 0 | O33: 0 | P33: 0 | Q33: 0
E34: Reset Source | F34: POR, SWRES
E35: Access | F35: R | G35: RC | H35: RC | I35: RC | J35: RC | K35: RC | L35: RC | M35: RC | N35: RC | O35: RC | P35: RC | Q35: RC
E36: Bit Description | F36: VB_IN_OV : | H36: 1 : Battery input Over-Voltage flag (VB > ???)
F37: POR : | H37: 1 : POR occurred
F38: OTPCRC_FLT : | H38: 1 : This is set during startup and working when a mismatch between the OTP values and the internal CRC is detected
F39: BUCK_OV : | H39: 1 : BUCK Over-Voltage flag (VVIO > 5.6V)
F40: BUCK_UV : | H40: 1 : BUCK Under-Voltage flag (VVIO < 4.5V)
F41: BUCK_UV_CRIT : | H41: 1 : BUCK Critical Under-Voltage flag (VVIO < 4.0V)
F42: BUCK_OC : | H42: 1 : BUCK Over-Current flag (IVBCK_IO > 4.5A)
F43: BOOT_UV | H43: 1 : BOOT CAP Under-Voltage flag (VBOOT < 2.6V)
F44: TW : | H44: 1 : Over temperature warning flag is raised if the detection condition, TJ > 125°C (@Typ)
F45: VC_OV : | H45: 1 : Compensation Voltage Over-Voltage flag (IVBCK_IO > 4.5A or VBOOT < 2.6V or VBCK_IO pin open)
F46: VDD5_UV : | H46: 1 : VDD5 Under-Voltage flag (VDD5 < 3.9V)
B48: Address | C48: Name | F48: Bit 11 | G48: Bit 10 | H48: Bit 9 | I48: Bit 8 | J48: Bit 7 | K48: Bit 6 | L48: Bit 5 | M48: Bit 4 | N48: Bit 3 | O48: Bit 2 | P48: Bit 1 | Q48: Bit 0
B49: 0x02 | C49: STATUS3 | E49: Content | F49: GPIO2_FALLING_DET | G49: GPIO2_RISING_DET | H49: GPIO2_STATUS | I49: GPIO1_FALLING_DET | J49: GPIO1_RISING_DET | K49: GPIO1_STATUS | L49: GPIO0_FALLING_DET | M49: GPIO0_RISING_DET | N49: GPIO0_STATUS | O49: T_OUT | P49: CRC_FLT | Q49: COM_FLT
E50: Reset Value | F50: 0 | G50: 0 | H50: 0 | I50: 0 | J50: 0 | K50: 0 | L50: 0 | M50: 0 | N50: 0 | O50: 0 | P50: 0 | Q50: 0
E51: Reset Source | F51: POR, SWRES
E52: Access | F52: RC | G52: RC | H52: R | I52: RC | J52: RC | K52: R | L52: RC | M52: RC | N52: R | O52: RC | P52: RC | Q52: RC
E53: Bit Description | F53: GPIO2_FALLING_DET : | H53: 1 : GPIO2 input falling edge detected flag
F54: GPIO2_RISING_DET : | H54: 1 : GPIO2 input rising edge detected flag
F55: GPIO2_STATUS : | H55: GPIO2 input live status
F56: GPIO1_FALLING_DET : | H56: 1 : GPIO1 input falling edge detected flag
F57: GPIO1_RISING_DET : | H57: 1 : GPIO1 input rising edge detected flag
F58: GPIO1_STATUS : | H58: GPIO1 input live status
F59: GPIO0_FALLING_DET : | H59: 1 : GPIO0 input falling edge detected flag
F60: GPIO0_RISING_DET : | H60: 1 : GPIO0 input rising edge detected flag
F61: GPIO0_STATUS : | H61: GPIO0 input live status
F62: T_OUT : | H62: 1 : Communication upstream time out flag
F63: CRC_FLT : | H63: 1 : Communication CRC fault flag
F64: COM_FLT : | H64: 1 : Communication fault flag
B66: Address | C66: Name | F66: Bit 11 | G66: Bit 10 | H66: Bit 9 | I66: Bit 8 | J66: Bit 7 | K66: Bit 6 | L66: Bit 5 | M66: Bit 4 | N66: Bit 3 | O66: Bit 2 | P66: Bit 1 | Q66: Bit 0
B67: 0x03 | C67: TEMP | E67: Content | F67: RSVD | G67: RSVD | H67: TEMPERATURE[9:0]
E68: Reset Value | F68: 0 | G68: 0 | H68: 0 | I68: 0 | J68: 0 | K68: 0 | L68: 0 | M68: 0 | N68: 0 | O68: 0 | P68: 0 | Q68: 0
E69: Reset Source | F69: POR, SWRES
E70: Access | F70: R | G70: R | H70: R
E71: Bit Description | F71: TEMPERATURE : | H71: Temperature ADC data
B73: Address | C73: Name | F73: Bit 11 | G73: Bit 10 | H73: Bit 9 | I73: Bit 8 | J73: Bit 7 | K73: Bit 6 | L73: Bit 5 | M73: Bit 4 | N73: Bit 3 | O73: Bit 2 | P73: Bit 1 | Q73: Bit 0
B74: 0x04 | C74: VEXT_GPIO1 | E74: Content | F74: RSVD | G74: RSVD | H74: VEXT_GPIO1[9:0]
E75: Reset Value | F75: 0 | G75: 0 | H75: 0 | I75: 0 | J75: 0 | K75: 0 | L75: 0 | M75: 0 | N75: 0 | O75: 0 | P75: 0 | Q75: 0
E76: Reset Source | F76: POR, SWRES
E77: Access | F77: R | G77: R | H77: R
E78: Bit Description | F78: VEXT_GPIO1 : | H78: GPIO1 pin voltage ADC data
B80: Address | C80: Name | F80: Bit 11 | G80: Bit 10 | H80: Bit 9 | I80: Bit 11 | J80: Bit 7 | K80: Bit 6 | L80: Bit 5 | M80: Bit 4 | N80: Bit 3 | O80: Bit 2 | P80: Bit 1 | Q80: Bit 0
B81: 0x05 | C81: VEXT_GPIO2 | E81: Content | F81: RSVD | G81: RSVD | H81: VEXT_GPIO2[9:0] | S81: BIST FAIL 항목 검토 필요
E82: Reset Value | F82: 0 | G82: 0 | H82: 0 | I82: 0 | J82: 0 | K82: 0 | L82: 0 | M82: 0 | N82: 0 | O82: 0 | P82: 0 | Q82: 0
E83: Reset Source | F83: POR, SWRES
E84: Access | F84: R | G84: R | H84: R
E85: Bit Description | F85: VEXT_GPIO2 : | H85: GPIO2 pin voltage ADC data
B87: Address | C87: Name | F87: Bit 11 | G87: Bit 10 | H87: Bit 9 | I87: Bit 11 | J87: Bit 7 | K87: Bit 6 | L87: Bit 5 | M87: Bit 4 | N87: Bit 3 | O87: Bit 2 | P87: Bit 1 | Q87: Bit 0
B88: 0x06 | C88: VIO_MON | E88: Content | F88: RSVD | G88: RSVD | H88: VIO_MON[9:0]
E89: Reset Value | F89: 0 | G89: 0 | H89: 0 | I89: 0 | J89: 0 | K89: 0 | L89: 0 | M89: 0 | N89: 0 | O89: 0 | P89: 0 | Q89: 0
E90: Reset Source | F90: POR, SWRES
E91: Access | F91: R | G91: R | H91: R
E92: Bit Description | F92: VIO_MON : | H92: VIO voltage ADC data
B95: Address | C95: Name | F95: Bit 11 | G95: Bit 10 | H95: Bit 9 | I95: Bit 8 | J95: Bit 7 | K95: Bit 6 | L95: Bit 5 | M95: Bit 4 | N95: Bit 3 | O95: Bit 2 | P95: Bit 1 | Q95: Bit 0
B96: 0x07 | C96: SETUP1 | E96: Content | F96: RSVD | G96: SSC_MODE | H96: SSC_EN[1:0] | J96: BUCK_OC_FLT_EN | K96: FM_FREQ[2:0] | N96: BUCK_OC _FILTER_TIME[1:0] | P96: BUCK_DISCHARGE | Q96: BUCK_EN
E97: Reset Value | F97: 0 | G97: 0 | H97: 0 | I97: 1 | J97: 1 | K97: 0 | L97: 1 | M97: 1 | N97: 1 | O97: 1 | P97: 0 | Q97: 1
E98: Reset Source | F98: POR, SWRES
E99: Access | F99: R | G99: RW | H99: RW | J99: RW | K99: RW | N99: RW | P99: RW | Q99: RW
E100: Bit Description | F100: SSC_MODE | H100: 0 : SSC Tri-Angle (default) 1 : SSC Pseudo Random
F101: SSC_EN : | H101: Spread-Spectrum switching frequency modulation enable/disable 0x0 : SSC function disable 0x1 : SSC function enable & 0 ~ +10% (default) 0x2 : SSC function enable & -5% ~ +5% 0x3 : SSC function enable & -10% ~ 0%
F102: BUCK_OC_FLT_EN : | H102: 0 : BUCK OC fault reaction (state transition) disable 1 : BUCK OC fault reaction (state transition) enable (default)
F103: FM_FREQ : | H103: Spread spectrum frequency modulation (based MCLK = 16MHz) 0x0 : MCLK / 256 0x1 : MCLK / 128 0x2 : MCLK / 64 0x3 : MCLK / 32 (default / 512kHz input clk => 1ms 1-period) 0x4 : MCLK / 16 0x5 : MCLK / 8 0x6 : MCLK / 4 0x7 : MCLK / 2
F104: BUCK_OC_FILTER_TIME : | H104: BUCK OC fault debounce filter time 0x0 = 125us / 0x1 = 250us / 0x2 = 500us / 0x3 = 1ms(default)
F105: BUCK_DISCHARGE | H105: 0: BUCK DISCHARGE disable (default) 1: BUCK DISCHARGE enable
F106: BUCK_EN : | H106: 0 : BUCK output disable 1 : BUCK output enable (default)
B109: Address | C109: Name | F109: Bit 11 | G109: Bit 10 | H109: Bit 9 | I109: Bit 8 | J109: Bit 7 | K109: Bit 6 | L109: Bit 5 | M109: Bit 4 | N109: Bit 3 | O109: Bit 2 | P109: Bit 1 | Q109: Bit 0
B110: 0x08 | C110: SETUP2 | E110: Content | F110: GPIO2 _OUT | G110: GPIO2_OUT_TYPE | H110: GPIO2_VEXT_EN | I110: GPIO2_MODE | J110: GPIO1 _OUT | K110: GPIO1_OUT_TYPE | L110: GPIO1_VEXT_EN | M110: GPIO1_MODE | N110: GPIO0 _OUT | O110: GPIO0_OUT_TYPE | P110: GPIO0_BUCK_CTRL_EN | Q110: GPIO0_MODE
E111: Reset Value | F111: 0 | G111: 0 | H111: 0 | I111: 0 | J111: 0 | K111: 0 | L111: 0 | M111: 0 | N111: 0 | O111: 0 | P111: 1 | Q111: 1
E112: Reset Source | F112: POR, SWRES
E113: Access | F113: RW | G113: RW | H113: RW | I113: RW | J113: RW | K113: RW | L113: RW | M113: RW | N113: RW | O113: RW | P113: RW | Q113: RW
E114: Bit Description | F114: GPIO2_OUT : | H114: 0 : GPIO2 pin output make 'Low' (default) 1 : GPIO2 pin output make 'High'
F115: GPIO2_OUT_TYPE : | H115: 0 : Push-Pull output (default) 1 : Open-Drain output
F116: GPIO2_VEXT_EN : | H116: GPIO2 External voltage ADC monitor enable / disable 0 : disable (default) 1 : enable (configuration of the GPIO2_MODE bit is disregarded.)
F117: GPIO2_MODE : | H117: GPIO2 pin Mode configuration 0 : input mode (default) 1 : output mode
F118: GPIO1_OUT : | H118: 0 : GPIO1 pin output make 'Low' (default) 1 : GPIO1 pin output make 'High'
F119: GPIO1_OUT_TYPE : | H119: 0 : Push-Pull output (default) 1 : Open-Drain output
F120: GPIO1_VEXT_EN : | H120: GPIO1 External voltage ADC monitor enable / disable 0 : disable (default) 1 : enable (configuration of the GPIO1_MODE bit is disregarded.)
F121: GPIO1_MODE : | H121: GPIO1 pin Mode configuration 0 : input mode (default) 1 : output mode
F122: GPIO0_OUT : | H122: 0 : GPIO0 pin output make 'Low' (default) 1 : GPIO0 pin output make 'High'
F123: GPIO0_OUT_TYPE : | H123: 0 : Push-Pull output (default) 1 : Open-Drain output
...

Sheet Testmode Reg. Table
B2: ADDR | C2: Register | D2: Reset Type | E2: Read Write | F2: D15 | G2: D14 | H2: D13 | I2: D12 | J2: D11 | K2: D10 | L2: D9 | M2: D8 | N2: D7 | O2: D6 | P2: D5 | Q2: D4 | R2: D3 | S2: D2 | T2: D1 | U2: D0 | V2: DEFAULT bin | W2: DEFAULT
F3: I2C@TESTMODE
B4: TEST CONTROL
B5: 0xE0 | C5: TEST_CONTROL1 | D5: POR | E5: RW | F5: dumy | G5: dumy | H5: dumy | I5: dumy | J5: TM_LP_MASK | K5: TM_IDDQ_ALL | L5: TM_IDDQ_LDO_1P5V | M5: TM_IDDQ_LDO_VDD | N5: TM_FM_DAC_EN | O5: TM_FM_DAC_DATA | P5: TM_TSD_OT | Q5: TM_TSD_VCTAT | R5: TM_ATB_BIAS_EN | S5: TM_ATB1_SEL[2:0] | W5: =_xlfn.CONCAT("0x",BIN2HEX(MID(V5,1,4),1),BIN2HEX(MID(V5,6,4),1),BIN2HEX(MID(V5,11,4),1)) -> 0x000
B6: 0xE1 | C6: TEST_CONTROL2 | D6: POR | E6: RW | F6: dumy | G6: dumy | H6: dumy | I6: dumy | J6: TEST_E | K6: TM_F_SS_RESET_SEL | L6: TM_F_SS_RESET_EN | M6: TM_COMP_MSK | N6: TM_OTA_OFFSET | O6: TM_OTA_GM_DOWN_EN | P6: TM_CP_EN | Q6: TM_CP_DISABLE | R6: TM_BUCK_SS_DISABLE | S6: TM_BUCK_SS_LATCH_EN | T6: TM_GATE_FORCE_OFF | U6: TM_GATE_FORCE_ON | W6: =_xlfn.CONCAT("0x",BIN2HEX(MID(V6,1,4),1),BIN2HEX(MID(V6,6,4),1),BIN2HEX(MID(V6,11,4),1)) -> 0x000
B7: 0xE2 | C7: TEST_CONTROL3 | D7: POR | E7: RW | F7: dumy | G7: dumy | H7: dumy | I7: dumy | J7: TM_FSW_SWEEP_EN | K7: TM_BUCK_ATB1_EN | L7: TM_BUCK_ATB1_SEL[1:0] | N7: TM_ILIM_REDUCE | O7: TM_BUCK_ATB2_EN | P7: TM_BUCK_ATB2_SEL[1:0] | R7: TM_PFM_OS[1:0] | T7: TM_PFM_WEAK | U7: TM_PFM_DIS | W7: =_xlfn.CONCAT("0x",BIN2HEX(MID(V7,1,4),1),BIN2HEX(MID(V7,6,4),1),BIN2HEX(MID(V7,11,4),1)) -> 0x000
B8: 0xE3 | C8: TEST_CONTROL4 | D8: POR | E8: RW | F8: dumy | G8: dumy | H8: dumy | I8: dumy | J8: TM_LF_CLK_SEL[1:0] | L8: TM_SE_P_TX_IN_TEST | M8: TM_SE_N_TX_IN_TEST | N8: TM_LVDS_TX_IN_TEST | O8: TM_SIO_TEST_EN[2:0] | R8: TM_HIZ_RES_SW_ON | S8: TM_CLK_DIV_CON[2:0] | W8: =_xlfn.CONCAT("0x",BIN2HEX(MID(V8,1,4),1),BIN2HEX(MID(V8,6,4),1),BIN2HEX(MID(V8,11,4),1)) -> 0x000
B9: 0xE4 | C9: TEST_CONTROL5 | D9: POR | E9: RW | F9: dumy | G9: dumy | H9: dumy | I9: dumy | J9: TM_ENABLE_LOCK | K9: TM_HF_FM_FREQ[2:0] | N9: TM_HF_CLK_SEL[1:0] | P9: TM_HF_DUTY_EN | Q9: TM_HFP_EN | R9: TM_HF_EN | S9: TM_HF_MODE | T9: TM_LF_DUTY_EN | U9: TM_LFP_EN | W9: =_xlfn.CONCAT("0x",BIN2HEX(MID(V9,1,4),1),BIN2HEX(MID(V9,6,4),1),BIN2HEX(MID(V9,11,4),1)) -> 0x000
B10: 0xE5 | C10: TEST_CONTROL6 | D10: POR | E10: RW | F10: dumy | G10: dumy | H10: dumy | I10: dumy | J10: TM_F_RFREQ_SEL | K10: TM_GO_STBY | L10: TM_F_OSC_SEL | M10: TM_F_BUCK_SEL | N10: TM_F_FSW_SEL | O10: DTB1_MUX_EN | P10: DTB1_MUX_SEL | Q10: DTB1_MUX[4:0] | W10: =_xlfn.CONCAT("0x",BIN2HEX(MID(V10,1,4),1),BIN2HEX(MID(V10,6,4),1),BIN2HEX(MID(V10,11,4),1)) -> 0x000
B11: 0xE6 | C11: TEST_CONTROL7 | D11: POR | E11: RW | F11: dumy | G11: dumy | H11: dumy | I11: dumy | J11: TM_F_RFREQ_STATUS | K11: TM_GO_LOWPOWER | L11: TM_F_OSC_TOP_EN_D | M11: TM_F_BUCK_EN | N11: TM_F_FSW_450K_EN | O11: DTB2_MUX_EN | P11: DTB2_MUX_SEL | Q11: DTB2_MUX[4:0] | W11: =_xlfn.CONCAT("0x",BIN2HEX(MID(V11,1,4),1),BIN2HEX(MID(V11,6,4),1),BIN2HEX(MID(V11,11,4),1)) -> 0x000
B12: 0xE7 | C12: TEST_CONTROL8 | D12: POR | E12: RW | F12: dumy | G12: dumy | H12: dumy | I12: dumy | J12: TM_GAIN_TMON_EN | K12: DTB_BUCK_SEL[2:0] | N12: TM_IDDQ_1P5V_PWRSW_ON | O12: TM_ATB_2_SPARE_EN | P12: TM_ATB_2_SPARE_SEL[1:0] | R12: TM_ATB_1_BUF_EN | S12: TM_ATB_1_EN | T12: TM_ATB_2_BUF_EN | U12: TM_ATB_2_EN | W12: =_xlfn.CONCAT("0x",BIN2HEX(MID(V12,1,4),1),BIN2HEX(MID(V12,6,4),1),BIN2HEX(MID(V12,11,4),1)) -> 0x000
B13: 0xE8 | C13: TEST_CONTROL9 | D13: POR | E13: RW | F13: dumy | G13: dumy | H13: dumy | I13: dumy | J13: RSVD | K13: RSVD | L13: RSVD | M13: TM_ANA_TEST_EN | N13: RSVD | O13: TM_EXT_CLK_SEL | P13: TM_VIO_SEL | Q13: TM_VIO_MUX_EN | R13: TM_ADC_IN_SEL[1:0] | T13: TM_ADC_IN_CTL | U13: TM_ADC_EN | V13: 0000_0000_0000 | W13: =_xlfn.CONCAT("0x",BIN2HEX(MID(V13,1,4),1),BIN2HEX(MID(V13,6,4),1),BIN2HEX(MID(V13,11,4),1)) -> 0x000
B14: 0xE9 | C14: TEST_CONTROL10 | D14: POR | E14: RW | F14: dumy | G14: dumy | H14: dumy | I14: dumy | J14: RSVD | K14: RSVD | L14: RSVD | M14: RSVD | N14: RSVD | O14: RSVD | P14: RSVD | Q14: RSVD | R14: RSVD | S14: RSVD | T14: RSVD | U14: RSVD | V14: 0000_0000_0000 | W14: =_xlfn.CONCAT("0x",BIN2HEX(MID(V14,1,4),1),BIN2HEX(MID(V14,6,4),1),BIN2HEX(MID(V14,11,4),1)) -> 0x000
B15: 0xEA | C15: TEST_CONTROL11 | D15: POR | E15: RW | F15: dumy | G15: dumy | H15: dumy | I15: dumy | J15: RSVD | K15: RSVD | L15: RSVD | M15: RSVD | N15: RSVD | O15: RSVD | P15: RSVD | Q15: RSVD | R15: RSVD | S15: RSVD | T15: RSVD | U15: RSVD | V15: 0000_0000_0000 | W15: =_xlfn.CONCAT("0x",BIN2HEX(MID(V15,1,4),1),BIN2HEX(MID(V15,6,4),1),BIN2HEX(MID(V15,11,4),1)) -> 0x000
B17: OTP CONTRTOL
B18: 0xEB | C18: OTP_CONTROL1 | D18: POR | E18: RW | F18: dumy | G18: dumy | H18: dumy | I18: dumy | J18: OTP_WSEL [3:0] | P18: OTP_RSEL[1:0] | R18: OTP_PG | S18: OTP_CRC_START | U18: OTP_RD | V18: 0100_0000_0000 | W18: =_xlfn.CONCAT("0x",BIN2HEX(MID(V18,1,4),1),BIN2HEX(MID(V18,6,4),1),BIN2HEX(MID(V18,11,4),1)) -> 0x400
B19: 0xEC | C19: OTP_CONTROL2 | D19: POR | E19: RW | F19: dumy | G19: dumy | H19: dumy | I19: dumy | J19: OTP_PG_ACC_CYCLE [11:0] | V19: 0001_1001_0000 | W19: =_xlfn.CONCAT("0x",BIN2HEX(MID(V19,1,4),1),BIN2HEX(MID(V19,6,4),1),BIN2HEX(MID(V19,11,4),1)) -> 0x190
B20: 0xED | C20: OTP_CONTROL3 | D20: POR | E20: RW | F20: dumy | G20: dumy | H20: dumy | I20: dumy | J20: PROTECT [11:0] | V20: 0101_1010_0101 | W20: =_xlfn.CONCAT("0x",BIN2HEX(MID(V20,1,4),1),BIN2HEX(MID(V20,6,4),1),BIN2HEX(MID(V20,11,4),1)) -> 0x5A5
B22: TRIM CONTROL | X22: Total Bit | Y22: Not Use # | Z22: Spare # | AA22: Use #
B23: 0xEE | C23: OTP1_MIRROR1 | D23: POR | E23: RW | F23: dumy | G23: dumy | H23: dumy | I23: dumy | J23: CHIP_ID_1[11:0] | V23: 0000_0000_0000 | W23: =_xlfn.CONCAT("0x",BIN2HEX(MID(V23,1,4),1),BIN2HEX(MID(V23,6,4),1),BIN2HEX(MID(V23,11,4),1)) -> 0x000 | X23: 12
B24: 0xEF | C24: OTP1_MIRROR2 | D24: POR | E24: RW | F24: dumy | G24: dumy | H24: dumy | I24: dumy | J24: CHIP_ID_2[11:0] | V24: 0000_0000_0000 | W24: =_xlfn.CONCAT("0x",BIN2HEX(MID(V24,1,4),1),BIN2HEX(MID(V24,6,4),1),BIN2HEX(MID(V24,11,4),1)) -> 0x000 | X24: 12
B25: 0xF0 | C25: OTP1_MIRROR3 | D25: POR | E25: RW | F25: dumy | G25: dumy | H25: dumy | I25: dumy | J25: CHIP_ID_3[11:0] | V25: 0000_0000_0000 | W25: =_xlfn.CONCAT("0x",BIN2HEX(MID(V25,1,4),1),BIN2HEX(MID(V25,6,4),1),BIN2HEX(MID(V25,11,4),1)) -> 0x000 | X25: 12
B26: 0xF1 | C26: OTP1_MIRROR4 | D26: POR | E26: RW | F26: dumy | G26: dumy | H26: dumy | I26: dumy | J26: CHIP_ID_4[11:0] | V26: 0000_0000_0000 | W26: =_xlfn.CONCAT("0x",BIN2HEX(MID(V26,1,4),1),BIN2HEX(MID(V26,6,4),1),BIN2HEX(MID(V26,11,4),1)) -> 0x000 | X26: 12
B27: 0xF2 | C27: OTP1_MIRROR5 | D27: POR | E27: RW | F27: dumy | G27: dumy | H27: dumy | I27: dumy | J27: TRIM_BG_LVL[3:0] | N27: TRIM_VLDO_CORE[2:0] | Q27: TRIM_BG[4:0] | W27: =_xlfn.CONCAT("0x",BIN2HEX(MID(V27,1,4),1),BIN2HEX(MID(V27,6,4),1),BIN2HEX(MID(V27,11,4),1)) -> 0x000 | X27: 12
B28: 0xF3 | C28: OTP1_MIRROR6 | D28: POR | E28: RW | F28: dumy | G28: dumy | H28: dumy | I28: dumy | J28: TRIM_LP_OSC[3:0] | N28: TRIM_IREF[3:0] | R28: TRIM_IPTAT[3:0] | W28: =_xlfn.CONCAT("0x",BIN2HEX(MID(V28,1,4),1),BIN2HEX(MID(V28,6,4),1),BIN2HEX(MID(V28,11,4),1)) -> 0x000 | X28: 12
B29: 0xF4 | C29: OTP1_MIRROR7 | D29: POR | E29: RW | F29: dumy | G29: dumy | H29: dumy | I29: dumy | J29: TRIM_32M_OSC_TEMP[3:0] | N29: TRIM_32MOSC[7:0] | W29: =_xlfn.CONCAT("0x",BIN2HEX(MID(V29,1,4),1),BIN2HEX(MID(V29,6,4),1),BIN2HEX(MID(V29,11,4),1)) -> 0x000 | X29: 12
B30: 0xF5 | C30: OTP1_MIRROR8 | D30: POR | E30: RW | F30: dumy | G30: dumy | H30: dumy | I30: dumy | J30: na | K30: TRIM_GAIN_TMON[2:0] | N30: TRIM_OFST_TMON[3:0] | R30: TRIM_OSC_BIAS[3:0] | W30: =_xlfn.CONCAT("0x",BIN2HEX(MID(V30,1,4),1),BIN2HEX(MID(V30,6,4),1),BIN2HEX(MID(V30,11,4),1)) -> 0x000 | X30: 12 | Y30: 1
B31: 0xF6 | C31: OTP1_MIRROR9 | D31: POR | E31: RW | F31: dumy | G31: dumy | H31: dumy | I31: dumy | J31: TRIM_ILIM[3:0] | N31: na | O31: TRIM_BUCK_RC[2:0] | R31: na | S31: TRIM_BUCK_CC[2:0] | W31: =_xlfn.CONCAT("0x",BIN2HEX(MID(V31,1,4),1),BIN2HEX(MID(V31,6,4),1),BIN2HEX(MID(V31,11,4),1)) -> 0x000 | X31: 12 | Y31: 2
B32: 0xF7 | C32: OTP1_MIRROR10 | D32: POR | E32: RW | F32: dumy | G32: dumy | H32: dumy | I32: dumy | J32: TRIM_BUCK_SS_CLK_SEL[1:0] | L32: TRIM_CURR_SLP[1:0] | N32: TRIM_PRE_DRV[1:0] | P32: TRIM_LVDS_RX_RES[1:0] | R32: na | S32: TRIM_LVDS_TX[2:0] | W32: =_xlfn.CONCAT("0x",BIN2HEX(MID(V32,1,4),1),BIN2HEX(MID(V32,6,4),1),BIN2HEX(MID(V32,11,4),1)) -> 0x000 | X32: 12 | Y32: 1
B33: 0xF8 | C33: OTP1_MIRROR11 | D33: POR | E33: RW | F33: dumy | G33: dumy | H33: dumy | I33: dumy | J33: na | K33: na | L33: na | M33: ADC_OFFSET[8:0] | V33: 0000_0000_0000 | W33: =_xlfn.CONCAT("0x",BIN2HEX(MID(V33,1,4),1),BIN2HEX(MID(V33,6,4),1),BIN2HEX(MID(V33,11,4),1)) -> 0x000 | X33: 12 | Y33: 3
B34: 0xF9 | C34: OTP1_MIRROR12 | D34: POR | E34: RW | F34: dumy | G34: dumy | H34: dumy | I34: dumy | J34: SPARE_1[6] | K34: SPARE_1[5] | L34: SPARE_1[4] | M34: SPARE_1[3] | N34: SPARE_1[2] | O34: SPARE_1[1] | P34: SPARE_1[0] | Q34: ADC_GAIN[4:0] | V34: 0000_0001_0000 | W34: =_xlfn.CONCAT("0x",BIN2HEX(MID(V34,1,4),1),BIN2HEX(MID(V34,6,4),1),BIN2HEX(MID(V34,11,4),1)) -> 0x010 | X34: 12 | Z34: 7
B35: 0xFA | C35: OTP1_MIRROR13 | D35: POR | E35: RW | F35: dumy | G35: dumy | H35: dumy | I35: dumy | J35: DLY_OFF[3:0] | N35: DLY_ON[4:0] | S35: RXD_DUTY_CCTL[2:0] | W35: =_xlfn.CONCAT("0x",BIN2HEX(MID(V35,1,4),1),BIN2HEX(MID(V35,6,4),1),BIN2HEX(MID(V35,11,4),1)) -> 0x000 | X35: 12 | Y35: 1
B36: 0xFB | C36: OTP1_MIRROR14 | D36: POR | E36: RW | F36: dumy | G36: dumy | H36: dumy | I36: dumy | J36: VPP_CTL[3:0] | N36: na | O36: NCU_CTL[2:0] | R36: na | S36: PCU_CTL[2:0] | W36: =_xlfn.CONCAT("0x",BIN2HEX(MID(V36,1,4),1),BIN2HEX(MID(V36,6,4),1),BIN2HEX(MID(V36,11,4),1)) -> 0x000 | X36: 12 | Y36: 2
B37: 0xFC | C37: OTP1_MIRROR15 | D37: POR | E37: RW | F37: dumy | G37: dumy | H37: dumy | I37: dumy | J37: na | K37: HYS_RCON[2:0] | N37: ID_CTL | O37: HYS_DCON[2:0] | R37: na | S37: RXD_DUTY_CCTL2[2:0] | W37: =_xlfn.CONCAT("0x",BIN2HEX(MID(V37,1,4),1),BIN2HEX(MID(V37,6,4),1),BIN2HEX(MID(V37,11,4),1)) -> 0x000 | X37: 12 | Y37: 2
B38: 0xFD | C38: OTP2_MIRROR16 | D38: POR | E38: RW | F38: dumy | G38: dumy | H38: dumy | I38: dumy | J38: SPARE_2[6] | K38: SPARE_2[5] | L38: SPARE_2[4] | M38: SPARE_2[3] | N38: SPARE_2[2] | O38: SPARE_2[1] | P38: SPARE_2[0] | Q38: na | R38: HYSL_RCON[1:0] | T38: HYSL_DCON[1:0] | W38: =_xlfn.CONCAT("0x",BIN2HEX(MID(V38,1,4),1),BIN2HEX(MID(V38,6,4),1),BIN2HEX(MID(V38,11,4),1)) -> 0x000 | X38: 12 | Z38: 8
B39: 0xFE | C39: OTP2_MIRROR17 | D39: POR | E39: RW | F39: dumy | G39: dumy | H39: dumy | I39: dumy | J39: OTP_CRC[7:0] | R39: SPARE_3[3] | S39: SPARE_3[2] | T39: SPARE_3[1] | U39: SPARE_3[0] | V39: 0000_0000_0000 | W39: =_xlfn.CONCAT("0x",BIN2HEX(MID(V39,1,4),1),BIN2HEX(MID(V39,6,4),1),BIN2HEX(MID(V39,11,4),1)) -> 0x000 | X39: 12 | Z39: 4
W40: Bit # | X40: =SUM(X23:X39) -> 204 | Y40: =SUM(Y23:Y39) -> 12 | Z40: =SUM(Z23:Z39) -> 19 | AA40: =X40-Y40 -> 192
W42: efuse # | X42: =X40/$W$43 -> 3.1875 | AA42: =AA40/$W$43 -> 3
W43: 64

Sheet Testmode Reg Description
E3: Description
E9: Reset Source
E10: POR : release at VDD5 > VPOR_VDD5
E11: SWRES : RESET command by MCU
E13: Action items
E14: 1. CAN BUS 관련 Configure / Status register 검토
B20: Address | C20: Name | F20: Bit 11 | G20: Bit 10 | H20: Bit 9 | I20: Bit 8 | J20: Bit 7 | K20: Bit 6 | L20: Bit 5 | M20: Bit 4 | N20: Bit 3 | O20: Bit 2 | P20: Bit 1 | Q20: Bit 0 | S20: Comment
B21: 0xE0 | C21: TEST_CONTROL1 | E21: Content | F21: TM_LP_MASK | G21: TM_IDDQ_ALL | H21: TM_IDDQ_LDO_1P5V | I21: TM_IDDQ_LDO_VDD | J21: TM_FM_DAC_EN | K21: TM_FM_DAC_DATA | L21: TM_TSD_OT | M21: TM_TSD_VCTAT | N21: TM_ATB_BIAS_EN | O21: TM_ATB1_SEL[2:0]
E22: Reset Value | F22: 0 | G22: 0 | H22: 0 | I22: 0 | J22: 0 | K22: 0 | L22: 0 | M22: 0 | N22: 0 | O22: 0 | P22: 0 | Q22: 0
E23: Reset Source | F23: POR, SWRES
E24: Access | F24: RW | G24: RW | H24: RW | I24: RW | J24: RW | K24: RW | L24: RW | M24: RW | N24: RW | O24: RW | P24: RW | Q24: RW
E25: Bit Description | F25: TM_LP_MASK | H25: Masking Register for LP OSC (If enable this signal, when enter LP mode, LP OSC block is not disable)
F26: TM_IDDQ_ALL | H26: IDDQ Signal to disable All block
F27: TM_IDDQ_LDO_1P5V | H27: IDDQ Signal to disable 1.5V LDO block
F28: TM_IDDQ_LDO_VDD | H28: IDDQ Signal to disable 5.0V LDO block
F29: TM_FM_DAC_EN | H29: For test SSC Function (If enable this signal, SSC function set only Max or Min value)
F30: TM_FM_DAC_DATA | H30: For test SSC Function (0 : SSC Min / 1 : SSC Max)
F31: TM_TSD_OT | H31: TSD_TEST_Enable signal (ATB1_IN)
F32: TM_TSD_VCTAT | H32: TSD_TEST_Enable signal (ATB1_OUT)
F33: TM_ATB_BIAS_EN | H33: BIAS Block Test mode Path enable signal
F34: TM_ATB1_SEL[2:0] | H34: BIAS Block ATB Items [2:0] 000 : ATB_IBP530nA 001 : VBG_1p2_lvl 010 : IREF_TEST_3uA 011 : VREF_1p2V 100 : IPTAT_TEST_1uA 101 : ATB1_TSD_IN 110 : ATB1_TSD_OUT 111 : VREF_2p5v
B36: Address | C36: Name | F36: Bit 11 | G36: Bit 10 | H36: Bit 9 | I36: Bit 8 | J36: Bit 7 | K36: Bit 6 | L36: Bit 5 | M36: Bit 4 | N36: Bit 3 | O36: Bit 2 | P36: Bit 1 | Q36: Bit 0
B37: 0xE1 | C37: TEST_CONTROL2 | E37: Content | F37: TEST_E | G37: TM_F_SS_RESET_SEL | H37: TM_F_SS_RESET_EN | I37: TM_COMP_MSK | J37: TM_OTA_OFFSET | K37: TM_OTA_GM_DOWN_EN | L37: TM_CP_EN | M37: TM_CP_DISABLE | N37: TM_BUCK_SS_DISABLE | O37: TM_BUCK_SS_LATCH_EN | P37: TM_GATE_FORCE_OFF | Q37: TM_GATE_FORCE_ON
E38: Reset Value | F38: 0 | G38: 0 | H38: 0 | I38: 0 | J38: 0 | K38: 0 | L38: 0 | M38: 0 | N38: 0 | O38: 0 | P38: 0 | Q38: 0
E39: Reset Source | F39: POR, SWRES
E40: Access | F40: RW | G40: RW | H40: RW | I40: RW | J40: RW | K40: RW | L40: RW | M40: RW | N40: RW | O40: RW | P40: RW | Q40: RW
E41: Bit Description | F41: TEST_E | H41: Test Mode Register Lock Disable Function Register (0 : Lock All TM Register , 1 : Unlock All TM Register)
F42: TM_F_SS_RESET_SEL | H42: Work Around Point - SS_RESET_SEL Control BIT 0 : internal singal use (default) / 1 : TM_F_SS_RESET_EN
F43: TM_F_SS_RESET_EN | H43: Work Around Point - TM_F_SS_RESET_EN Control BIT
F44: TM_COMP_MSK | H44: Output of the HV OCP_COMP is blocked (Iout < approximately 3A)
F45: TM_OTA_OFFSET | H45: Internal OTA is connected as a unit-gain buffer
F46: TM_OTA_GM_DOWN_EN | H46: Gm of the internal OTA decreases. (80uS->60uS)
F47: TM_CP_EN | H47: Charge pump is enabled. (With 8MHz frequency)
F48: TM_CP_DISABLE | H48: Charge pump is disabled.
F49: TM_BUCK_SS_DISABLE | H49: Soft-start is disabled.
F50: TM_BUCK_SS_LATCH_EN | H50: At the end of the soft-start, the soft-start output is not connected to VDD5
F51: TM_GATE_FORCE_OFF | H51: The internal power switch is turned OFF.
F52: TM_GATE_FORCE_ON | H52: The internal power switch is turned ON. (However, it may be turned off by the OCP_COMP.)
B54: Address | C54: Name | F54: Bit 11 | G54: Bit 10 | H54: Bit 9 | I54: Bit 8 | J54: Bit 7 | K54: Bit 6 | L54: Bit 5 | M54: Bit 4 | N54: Bit 3 | O54: Bit 2 | P54: Bit 1 | Q54: Bit 0
B55: 0xE2 | C55: TEST_CONTROL3 | E55: Content | F55: TM_FSW_SWEEP_EN | G55: TM_BUCK_ATB1_EN | H55: TM_BUCK_ATB1_SEL[1:0] | J55: TM_ILIM_REDUCE | K55: TM_BUCK_ATB2_EN | L55: TM_BUCK_ATB2_SEL[1:0] | N55: TM_PFM_OS[1:0] | P55: TM_PFM_WEAK | Q55: TM_PFM_DIS
E56: Reset Value | F56: 0 | G56: 0 | H56: 0 | I56: 0 | J56: 0 | K56: 0 | L56: 0 | M56: 0 | N56: 0 | O56: 0 | P56: 0 | Q56: 0
E57: Reset Source | F57: POR, SWRES
E58: Access | F58: RW | G58: RW | H58: RW | I58: RW | J58: RW | K58: RW | L58: RW | M58: RW | N58: RW | O58: RW | P58: RW | Q58: RW
E59: Bit Description | F59: TM_FSW_SWEEP_EN | H59: The frequency is swept during the soft-start (550kHz -> 1.1MHz -> 2.2MHz)
F60: TM_BUCK_ATB1_EN | H60: BUCK_ATB1 is enabled.
F61: TM_BUCK_ATB1_SEL[1:0] | H61: Select the input of BUCK_ATB1 00 : Vc 01 : SoftStart 10 : VOUT_2p6v 11 : TM_I_RAMP
F62: TM_ILIM_REDUCE | H62: The threshold of ILIM is reduced. (4.5A -> 450mA)
F63: TM_BUCK_ATB2_EN | H63: BUCK_ATB2 is enabled.
F64: TM_BUCK_ATB2_SEL[1:0] | H64: Select the input of BUCK_ATB1 00 : FB_int 01 : IBP_2uA 10 : NC 11 : NC
F65: TM_PFM_OS[1:0] | H65: PFM-mode threshold is trimmed
F66: TM_PFM_WEAK | H66: The PFM-mode threshold is lowered
F67: TM_PFM_DIS | H67: PFM mode is disabled (Operates in PWM mode)
B70: Address | C70: Name | F70: Bit 11 | G70: Bit 10 | H70: Bit 9 | I70: Bit 8 | J70: Bit 7 | K70: Bit 6 | L70: Bit 5 | M70: Bit 4 | N70: Bit 3 | O70: Bit 2 | P70: Bit 1 | Q70: Bit 0
B71: 0xE3 | C71: TEST_CONTROL4 | E71: Content | F71: TM_LF_CLK_SEL[1:0] | H71: TM_SE_P_TX_IN_TEST | I71: TM_SE_N_TX_IN_TEST | J71: TM_LVDS_TX_IN_TEST | K71: TM_SIO_TEST_EN[2:0] | N71: TM_HIZ_RES_SW_ON | O71: TM_CLK_DIV_CON[2:0]
E72: Reset Value | F72: 0 | G72: 0 | H72: 0 | I72: 0 | J72: 0 | K72: 0 | L72: 0 | M72: 0 | N72: 0 | O72: 0 | P72: 0 | Q72: 0
E73: Reset Source | F73: POR, SWRES
E74: Access | F74: RW | G74: RW | H74: RW | I74: RW | J74: RW | K74: RW | L74: RW | M74: RW | N74: RW | O74: RW | P74: RW | Q74: RW
E75: Bit Description | F75: TM_LF_CLK_SEL[1:0] | H75: SSC Low Freq Clock Selection 00 : 16MHz (default) 01 : 8MHz 10 : 4MHz 11 : 2MHz
F76: TM_SE_P_TX_IN_TEST | H76: "Set signal ""o_SIO_SING_DOUT_P"" level for SE EC Test (when o_TM_SIO_TEST_EN : 010) 0 : Low (Set "o_SIO_SING_DOUT_P" is 0) 1 : High (Set "o_SIO_SING_DOUT_P" is 1)
F77: TM_SE_N_TX_IN_TEST | H77: "Set signal ""o_SIO_SING_DOUT_N"" level for SE EC Test (when o_TM_SIO_TEST_EN : 011) 0 : Low (Set "o_SIO_SING_DOUT_N" is 0) 1 : High (Set "o_SIO_SING_DOUT_N" is 1)
F78: TM_LVDS_TX_IN_TEST | H78: "Set signal ""o_SIO_DIFF_OUT"" level for LVDS EC Test (when o_TM_SIO_TEST_EN : 001) 0 : Low (Set "o_SIO_DIFF_OUT" is 0 => P : Low ~1.05V / N : High ~ 1.35V) 1 : High (Set "o_SIO_DIFF_OUT" is 1 => P : High ~1.35V / N : Low ~ 1.05V)
F79: TM_SIO_TEST_EN[2:0] | H79: 000 : Default - No Active 001 : active o_TM_LVDS_TX_IN_TEST (for LVDS TX Current level in EC para) 010 : active o_TM_SE_P_TX_IN_TEST (for SE P Driver PU/PD res in EC para) 011 : active o_TM_SE_N_TX_IN_TEST (for SE N Driver PU/PD res in EC para) 100 : active SIO_SE_P_INPUT_LEVEL_MEASURE (for SE P RX input high / low level check in EC para) 101 : active SIO_SE_N_INPUT_LEVEL_MEASURE (for SE N RX input high / low level check in EC para) 110 : active SIO_LVDS_RX_RES_MEASURE (for LVDS RX Switch ON in EC para) 111 : active SIO_LVDS_PD_RES_MEASURE (for LVDS PD Res Switch ON in EC Para)
F80: TM_HIZ_RES_SW_ON | H80: Internal RES Array for ADDR_MODE_DETECT_Sequnce_Control_Switch 0 : disable 1 : enable (check for EC para Hi-Z Status level measure : 2.5V)
F81: TM_CLK_DIV_CON[2:0] | H81: Option (OSC CLK Digital Divider @50kohm, 2.2MHz) 000 : No divided (2.2MHz - Default) 001 : 1/2 divided (1.1MHz) 010 : 1/4 divided (550kHz) 011 : 1/8 divided (275kHz) 1XX : X2 multied (4.4MHz)
B84: Address | C84: Name | F84: Bit 11 | G84: Bit 10 | H84: Bit 9 | I84: Bit 8 | J84: Bit 7 | K84: Bit 6 | L84: Bit 5 | M84: Bit 4 | N84: Bit 3 | O84: Bit 2 | P84: Bit 1 | Q84: Bit 0
B85: 0xE4 | C85: TEST_CONTROL5 | E85: Content | F85: TM_ENABLE_LOCK | G85: TM_HF_FM_FREQ[2:0] | J85: TM_HF_CLK_SEL[1:0] | L85: TM_HF_DUTY_EN | M85: TM_HFP_EN | N85: TM_HF_EN | O85: TM_HF_MODE | P85: TM_LF_DUTY_EN | Q85: TM_LFP_EN
E86: Reset Value | F86: 0 | G86: 0 | H86: 0 | I86: 0 | J86: 0 | K86: 0 | L86: 0 | M86: 0 | N86: 0 | O86: 0 | P86: 0 | Q86: 0
E87: Reset Source | F87: POR, SWRES
E88: Access | F88: RW | G88: RW | H88: RW | I88: RW | J88: RW | K88: RW | L88: RW | M88: RW | N88: RW | O88: RW | P88: RW | Q88: RW
E89: Bit Description | F89: TM_ENABLE_LOCK | H89: STANDBY_VINT setting 0 : Low 1 : High (TEST MODE 들어가서 STANDBY_VINT를 무조건 HIGH로 만드는 신호)
F90: TM_HF_FM_FREQ[2:0] | H90: Spread Spectrum High Frequnecy modulation level control 3-bit 000 : Fm_Freq is 1/256 of i_MCLK Frequency 001 : Fm_Freq is 1/128 of i_MCLK Frequency 010 : Fm_Freq is 1/64 of i_MCLK Frequency 011 : Fm_Freq is 1/32 of i_MCLK Frequency => 62.5kHz default (Single Step 기준, total 8 steps) 100 : Fm_Freq is 1/16 of i_MCLK Frequency 101 : Fm_Freq is 1/8 of i_MCLK Frequency 110 : Fm_Freq is 1/4 of i_MCLK Frequency 111 : Fm_Freq is 1/2 of i_MCLK Frequency
F91: TM_HF_CLK_SEL[1:0] | H91: HF Clock Selection 00 : 2MHz (Default) 01 : 1MHz 10 : 500kHz 11 : 250kHz
F92: TM_HF_DUTY_EN | H92: Duty function of High Frequency Spread Spectrum 0 : disable 1 : enable
F93: TM_HFP_EN | H93: Periodic function of High Frequency Spread Spectrum 0 : disable 1 : enable
F94: TM_HF_EN | H94: Enable of High Frequency Spread Spectrum 0 : disable 1 : enable
F95: TM_HF_MODE | H95: Mode of High Frequency Spread Spectrum 0 : Tri-Angle 1 : Pseudo Random
F96: TM_LF_DUTY_EN | H96: Duty function of Low Frequency Spread Spectrum 0 : disable 1 : enable
F97: TM_LFP_EN | H97: Periodic function of Low Frequency Spread Spectrum 0 : disable 1 : enable
B100: Address | C100: Name | F100: Bit 11 | G100: Bit 10 | H100: Bit 9 | I100: Bit 8 | J100: Bit 7 | K100: Bit 6 | L100: Bit 5 | M100: Bit 4 | N100: Bit 3 | O100: Bit 2 | P100: Bit 1 | Q100: Bit 0
B101: 0xE5 | C101: TEST_CONTROL6 | E101: Content | F101: TM_F_RFREQ_SEL | G101: TM_GO_STBY | H101: TM_F_OSC_SEL | I101: TM_F_BUCK_SEL | J101: TM_F_FSW_SEL | K101: DTB1_MUX_EN | L101: DTB1_MUX_SEL | M101: DTB1_MUX[4:0]
E102: Reset Value | F102: 0 | G102: 0 | H102: 0 | I102: 0 | J102: 0 | K102: 0 | L102: 0 | M102: 0 | N102: 0 | O102: 0 | P102: 0 | Q102: 0
E103: Reset Source | F103: POR, SWRES
E104: Access | F104: RW | G104: RW | H104: RW | I104: RW | J104: RW | K104: RW | L104: RW | M104: RW | N104: RW | O104: RW | P104: RW | Q104: RW
E105: Bit Description | F105: TM_F_RFREQ_SEL | H105: Work Around Point - RFREQ_SEL MUX SEL Control BIT 0 : internal singal use (default) 1 : TM_F_RFREQ_STATUS
F106: TM_GO_STBY | H106: Do not use EC Version
F107: TM_F_OSC_SEL | H107: Work Around Point - OSC_TOP_EN Mux SEL Control BIT 0 : internal singal use (default) 1 : TM_F_OSC_TOP_EN_D
F108: TM_F_BUCK_SEL | H108: Work Around Point - BUCK_EN Mux SEL Control BIT 0 : internal singal use (default) 1 : TM_F_BUCK_EN
F109: TM_F_FSW_SEL | H109: Work Around Point - FSW_Signal Mux SEL Control BIT 0 : internal singal use (default) 1 : TM_F_FSW_450K_EN
F110: DTB1_MUX_EN | H110: DTB1_Mux Enable Signal
F111: DTB1_MUX_SEL | H111: DTB1_Mux Selection signal 0 : Output mode 1 : input mode
F112: DTB1_MUX[4:0] | H112: Check DTB Table
B115: Address | C115: Name | F115: Bit 11 | G115: Bit 10 | H115: Bit 9 | I115: Bit 8 | J115: Bit 7 | K115: Bit 6 | L115: Bit 5 | M115: Bit 4 | N115: Bit 3 | O115: Bit 2 | P115: Bit 1 | Q115: Bit 0
B116: 0xE6 | C116: TEST_CONTROL7 | E116: Content | F116: TM_F_RFREQ_STATUS | G116: TM_GO_LOWPOWER | H116: TM_F_OSC_TOP_EN_D | I116: TM_F_ BUCK_EN | J116: TM_F_FSW _450K_EN | K116: DTB2_MUX_EN | L116: DTB2_MUX_SEL | M116: DTB2_MUX[4:0]
E117: Reset Value | F117: 0 | G117: 0 | H117: 0 | I117: 0 | J117: 0 | K117: 0 | L117: 0 | M117: 0 | N117: 0 | O117: 0 | P117: 0 | Q117: 0
E118: Reset Source | F118: POR, SWRES
E119: Access | F119: RW | G119: RW | H119: RW | I119: RW | J119: RW | K119: RW | L119: RW | M119: RW | N119: RW | O119: RW | P119: RW | Q119: RW
E120: Bit Description | F120: TM_F_RFREQ_STATUS | H120: Work Around Point - RFREQ_STATUS MUX SEL Control BIT
F121: TM_GO_LOWPOWER | H121: Go Low Power Control Register 0 : Disable (default) 1 : Go to Low power Trigger
F122: TM_F_OSC_TOP_EN_D | H122: Work Around Point - OSC_TOP_EN Mux EN Control BIT
F123: TM_F_BUCK_EN | H123: Work Around Point - BUCK_EN Mux EN Control BIT
...

Sheet DTB_Table
A1: GPIO_1 | B1: DTB1_MUX_SEL | D1: GPIO_2 | E1: DTB2_MUX_SEL
A2: DTB1_MUX<4:0> | B2: 0 | C2: 1 | D2: DTB2_MUX<4:0> | E2: 0 | F2: 1
A3: 0 | B3: TM_ENTRY | C3: DTB1_INPUT (OSC_TOP_2.2MHz) | D3: 0 | E3: I_ADDR_0_SING_RX_OUT | F3: DTB2_INPUT (LP_OSC_100kHZ)
A4: 1 | B4: TEST_MODE_EN | D4: 1 | E4: I_ADDR_1_SING_RX_OUT
A5: 2 | B5: NORMAL_EN | D5: 2 | E5: I_ADDR_2_SING_RX_OUT
A6: 3 | B6: DTB_EN1P2 | D6: 3 | E6: I_ADDR_0_HI_Z_STATUS
A7: 4 | B7: DTB_ENSNS | D7: 4 | E7: MS_MODE_DETECT_DONE
A8: 5 | B8: DTB_TSD_OUT | D8: 5 | E8: ADDR_DETECT_DONE
A9: 6 | B9: TM_I2C_SCL_DI | D9: 6 | E9: MASTER_MODE
A10: 7 | B10: TM_I2C_SDA_DO | D10: 7 | E10: TM_I2C_SDA_DI
A11: 8 | B11: DTB_BUCK_OUT | D11: 8 | E11: I_VB_IN_OV
A12: 9 | B12: DTB_RFREQ_OPEN_CHECK | D12: 9 | E12: DTB_RFREQ_SHORT_CHECK
A13: 10 | B13: DTB_SSC_DAC<0> | D13: 10 | E13: DTB_SSC_DAC<1>
A14: 11 | B14: DTB_SSC_VREF<0> | D14: 11 | E14: DTB_SSC_VREF<1>
A15: 12 | B15: I_SIO_DIFF_IN | D15: 12 | E15: O_SIO_DIFF_OUT
... A34: 31 | B34: VDD5_UVLO_B | D34: 31 | E34: TIE_L
A37: ** DTB OUT의 경우에는 Test mode에 진입했을 때만, 측정하는 아이템이기에, TEST MODE EN = 0 이 되면 Register Setting이 풀리게 처리
A38: ** DTB IN의 경우에는, Work Around point 이기에, Test mode를 나가더라도, Register Setting을 해놓은게 유지가 되어야, Normal mode 에서도 사용 가능하게 처리

Sheet TEST pins
B2: I_TM_PAD | C2: GPIO0 | D2: ADDR2 | E2: TEST MODE | F2: Pin use | G2: PAD | H2: Direction | I2: Connection Register (Digital Name) | K2: Need to Control @ Digital | L2: Need to Masking @ Digtial
B3: 1 | C3: 0 | D3: 0 | E3: I2C mode | F3: I2C_SDA | G3: ADDR0 | H3: IN/OUT | I3: IN : i_TM_I2C_SDA_DI | J3: OUT : o_TM_I2C_SDA_DO | L3: <IN> i_ADDR_0_SING_RX_OUT | M3: <OUT> i_TM_I2C_SDA_DI i_ADDR_0_SING_RX_OUT
F4: I2C_SCL | G4: ADDR1 | H4: IN | I4: IN : i_TM_I2C_SCL_DI | L4: i_ADDR_1_SING_RX_OUT
F5: EXT_clk | G5: GPIO2 | H5: IN | I5: IN : i_GPIO_2_D_IN | K5: o_GPIO_2_MODE : Low (Input) | L5: Do not use this PAD @ I2C communication
A6: TM 할당 | F6: CLK_sel | G6: X | H6: X | I6: Don't Use (IN Test mode, IF "o_TM_LP_MASK_d5v" signal is high, OSC 32M Output(MCLK) is not stop @ LP MODE
B7: 1 | C7: 1 | D7: 0 | E7: SCAN mode | F7: Scan_reset | G7: ADDR0 | H7: IN | I7: I_ADDR_0_SING_RX_OUT | K7: Input: I_ADDR_2_SING_RX_OUT = 1'b0 I_ADDR0_HI_Z_STATUS = 1'b0 Output: O_ADDR_DETECT_DONE = 1'b1 | L7: i_TM_I2C_SDA_DI
F8: Scan clk | G8: SIO_N | H8: IN | I8: I_SIO_SING_DIN_N | K8: Input: SIO_DIFF_IN = 1'b0 output: SIO_SING_DOUT_P = 1'b0 SIO_SING_DOUT_N = 1'b0 SIO_OUTPUT_ACTIVE = 1'b0 (input mode) SIO_OUTPUT_ACTIVE_DELAY = 1'b0 SIO_DIFF_OUT = 1'b0 SIO_IF_MD [1:0] = 2'b00 SIO_IF_MD_DET_DONE = 1'b1
F9: Scan_en | G9: ADDR1 | H9: IN | I9: I_ADDR_1_SING_RX_OUT | K9: Input: I_ADDR_2_SING_RX_OUT = 1'b0 I_ADDR0_HI_Z_STATUS = 1'b0 Output: O_ADDR_DETECT_DONE = 1'b1 | L9: i_TM_I2C_SCL_DI
F10: Scan_SI | G10: SIO_P | H10: IN | I10: I_SIO_SING_DIN_P | K10: Input: SIO_DIFF_IN = 1'b0 output: SIO_SING_DOUT_P = 1'b0 SIO_SING_DOUT_N = 1'b0 SIO_OUTPUT_ACTIVE = 1'b0 (input mode) SIO_OUTPUT_ACTIVE_DELAY = 1'b0 SIO_DIFF_OUT = 1'b0 SIO_IF_MD [1:0] = 2'b00 SIO_IF_MD_DET_DONE = 1'b1
A11: 변경 | F11: Scan_SO | G11: GPIO2 | H11: OUT | I11: OUT : O_GPIO_2_D_OUT | K11: Input: I_GPIO_2_D_IN = 1'b0 Output: O_GPIO_2_PD = 1'b0 O_GPIO_2_OUTPUT_TYPE = 1'b0 O_GPIO_2_MODE = 1'b1 O_GPIO_2_VEXT_EN = 1'b0
F12: Scan_comp | G12: GPIO1 | H12: IN | I12: IN : I_GPIO_1_D_IN | K12: Input: Output: O_GPIO_1_D_OUT = 1'b0 O_GPIO_1_PD = 1'b0 O_GPIO_1_OUTPUT_TYPE = 1'b0 O_GPIO_1_MODE = 1'b0 O_GPIO_1_VEXT_EN = 1'b0
B13: 1 | C13: 0 | D13: 1 | E13: CAN protocol test mode | F13: TX | G13: GPIO2 | H13: OUT | I13: OUT : o_GPIO_2_D_OUT | K13: o_GPIO_2_MODE : High (Output)
F14: RX | G14: GPIO1 | H14: IN | I14: IN : i_GPIO_1_D_IN | K14: o_GPIO_1_MODE : Low (Input)
A15: 변경 | B15: 1 | C15: 1 | D15: 1 | E15: SIO test mode | F15: SIO_P | G15: GPIO2 | H15: IN/OUT | I15: IN : i_GPIO_2_D_IN | J15: OUT : o_GPIO_2_D_OUT | K15: IN : o_GPIO_2_MODE : Low (Input) / Connect GPIO_2_D_IN ~ SIO_SING_DOUT_P OUT : o_GPIO_2_MODE : High (Output) / Connect SIO_SING_DIN_P ~ GPIO_2_D_OUT | L15: ID804 처럼 활용하는 mode (ID804는 SIO가 2port이기에)
F16: SIO_N | G16: GPIO1 | H16: IN/OUT | I16: IN : i_GPIO_1_D_IN | J16: OUT : o_GPIO_1_D_OUT | K16: IN : o_GPIO_1_MODE : Low (Input) / Connect GPIO_1_D_IN ~ SIO_SING_DOUT_P OUT : o_GPIO_1_MODE : High (Output) / Connect SIO_SING_DIN_P ~ GPIO_1_D_OUT | L16: ID804 처럼 활용하는 mode (ID804는 SIO가 2port이기에)
B18: Common things | E18: 1. TM PAD High => I_TM_PAD "High" => Digital check => few clk counts => Real TM PAD high check => o_TM_ENTRY "High"
E19: 2. Through I2C communication, check Password => o_TEST_MODE_EN "High" , but do not latch "o_TM_ENTRY" signal to high (If we want to out of Test mode, makes TM PAD "Low")
E20: 3. IF TM PAD Low => o_TM_ENTRY and o_TEST_MODE_EN are "Low" (Test mode Kill trigger? Out Forcing? by TM PAD)
E49: ADDR_0 | F49: I2C/SCAN
E50: ADDR_1 | F50: I2C/SCAN
E51: ADDR_2 | F51: TEST MODE SEL (I2C /Scan/ Can/ SIO)
E52: GPIO_0 | F52: TEST MODE SEL (I2C /Scan/ Can/ SIO)
E53: GPIO_1 | F53: Multi Purpose (BIAS / BUCK ATB Path 1 / DTB Path 1)
E54: GPIO_2 | F54: Multi Purpose (BIAS / BUCK ATB Path 2 / DTB Path 2)

Sheet Sheet2

Sheet Sheet1
B2: 수정 필요
B3: 1 | C3: VSEN TSD 1개로 통합 | D3: O
B4: 2 | C4: 전원 BIST 레지스터 추가 (박홍섭 책임 메일 참고) ㄴ active / inactive 1bit - W ㄴ OV / UV 선택 1bit - W ㄴ OV/UV 결과가 BIST Function에 의한 결과이다 1bit - R | D4: O
B5: 3 | C5: WDO / RSO loop back error bit 추가 | D5: O
B6: 4 | C6: 여기에는 일단 auto랑 manual 모드를 선택하는걸 없애고 단순히 dual_sup mode를 활성화하는 비트만 있으면 될 것 같음. DUAL_SUP_SEL 비트를 지워주시고, DUAL_SUP_MODE 를 à DUAL_SUP_MODE_EN으로 바꾸고 1이면 듀얼서플라이 활성화, 0이면 듀얼서플라이 비활성화(파워소스 VB로 고정) 이렇게 하는걸로 변경하시죠 | D6: O
B8: 5 | C8: PWM Freq 5 10 15 20 KHz 추가 / HLSD PWM 삭제 | D8: O
B9: 6 | C9: 드라이버 slew fast / slow 선택 레지스터 추가 | D9: O
B10: 7 | C10: SMPS Spread spectrum 선택 추가 (1(default)/2/4/8 KHz) | D10: O
B12: 8 | C12: RCUV / RCOV 레지스터 추가 | D12: O
B13: 9 | C13: 0x08_IC_CFG3 | BIT 12 = VB_OV2_DRV_RST à VB_OV_DRV_RST 로 변경 필요. 그리고 POR값은 1로 설정 필요 | D13: O
B14: 10 | C14: HS SCG를 HS OC로 명명하기로 했으므로 0x31_DRV_CFG2 | BIT 0 = HS_SCG_FILTER_TIME  HS_OC_FILTER_TIME 으로 변경 필요 | D14: O
B15: 11 | C15: DUAL_SUP_MODE 디폴트 0 -> 1 로 변경 | D15: O
B16: 12 | C16: LIN_ERR (IC_STAT6) 삭제 | D16: O
... B20: 16 | C20: BIST_TO 삭제 | D20: O
C21: JIRA 51 내용 추가
C22: CRC 트리거 & CRC_ERR 레지스터 추가
C23: LOCK 레지스터 추가 (자이라 78)
C24: LSD7 풋노트 폴트리액션 테이블에 추가 (자이라 36)

Sheet Register Description (2)
D2: Reset Source
D3: 1. POR : VB_IN < VPOR_TH
D4: 2. STBY : IC go to STANDBY mode
D5: 3. RSO : RSO Pin output or input 'L'
A9: Address | B9: Name | E9: Bit 15 | F9: Bit 14 | G9: Bit 13 | H9: Bit 12 | I9: Bit 11 | J9: Bit 10 | K9: Bit 9 | L9: Bit 8 | M9: Bit 7 | N9: Bit 6 | O9: Bit 5 | P9: Bit 4 | Q9: Bit 3 | R9: Bit 2 | S9: Bit 1 | T9: Bit 0
A10: 0x00 | B10: =VLOOKUP(A10,'Register Table'!$B$3:$C$50,2,FALSE) -> STATUS1 | D10: Content | E10: IC_MODE[1:0] | H10: WAKE_UP_IGN | I10: WAKE_UP_WAKE | J10: WAKE_UP_WUC | K10: WAKE_UP_SRC[1:0] | M10: DEVICE_ID[3:0] | Q10: REVISION[5:0]
D11: Reset Value | E11: 0x0 | H11: 0 | I11: 0 | J11: 0 | K11: 0x0 | M11: 0x0 | Q11: 0x0
D12: Reset Source | E12: POR | H12: POR | I12: POR | J12: POR | K12: POR | M12: POR | Q12: POR
D13: Access | E13: R | H13: R | I13: R | J13: R | K13: R | M13: R | Q13: R
D14: Bit Description | E14: IC_MODE[1:0] : '01' : LOW POWER NORMAL MODE '10' : NORMAL MODE '11' : AFTERRUN MODE WAKE_UP_IGN : '1' : Wakeup source 'IGN pin' detected WAKE_UP_WAKE : '1' : Wakeup source 'WAKE pin' detected WAKE_UP_WUC : '1' : Wakeup source 'Wakeup counter expired' detected WAKE_UP_SRC[1:0] : latest wakeup from STANDBY or AFTERRUN was caused by: '01' : IGN pin '10' : WAKE pin '11' : Wakeup counter expired DEVICE_ID[3:0] : device ID REVISION[5:0] : revision (Version of IC)
A16: Address | B16: Name | E16: Bit 15 | F16: Bit 14 | G16: Bit 13 | H16: Bit 12 | I16: Bit 11 | J16: Bit 10 | K16: Bit 9 | L16: Bit 8 | M16: Bit 7 | N16: Bit 6 | O16: Bit 5 | P16: Bit 4 | Q16: Bit 3 | R16: Bit 2 | S16: Bit 1 | T16: Bit 0
A17: 0x01 | B17: =VLOOKUP(A17,'Register Table'!$B$3:$C$50,2,FALSE) -> STATUS2 | D17: Content | E17: RST_OCCURRED | F17: RST_AFT_RST | H17: RST_SW_RESET | I17: RST_RSO_I | J17: RST_OSC | K17: RST_WD | L17: RST_EXT_CMON | N17: BIST_FAIL | P17: LOCK_STATUS | Q17: WDO_STATUS | R17: RSO_STATUS | S17: FREQ_ERR | T17: FREQ_FAULT
D18: Reset Value | E18: 0 | F18: 0 | H18: 0 | I18: 0 | J18: 0 | K18: 0 | L18: 0 | N18: 0 | P18: 0 | Q18: 0 | R18: 1 | S18: 0 | T18: 0
D19: Reset Source | E19: POR | F19: POR | H19: POR | I19: POR | J19: POR | K19: POR | L19: POR | N19: STBY | P19: RSO | Q19: POR | R19: POR | S19: POR | T19: POR
D20: Access | E20: RC | F20: RC | H20: RC | I20: RC | J20: RC | K20: RC | L20: RC | N20: RC | P20: R | Q20: R | R20: R | S20: RC | T20: RC
D21: Bit Description | E21: RST_OCCURRED : '1' : Reset occurred RST_AFT_RST : '1' : AFTERRUN Reset occured RST_SWRES : '1' : Software Reset occurred RST_RSO_I : '1' : external reset at RSO occurred (RSO=L in spite of IC driving H) RST_OSC : '1' : Reset occurred by main oscillator fault RST_WD : '1' Reset occurred by watchdog fault RST_EXT_CMON : '1' : Reset occurred by external clock monitoring fault BIST_FAIL : '1' : BIST fail occurred (BIST passed by timeout) LOCK_STATUS : '1' : SPI lock is active WDO_STATUS : WDO Pin status RSO_STATUS : RSO Pin status FREQ_ERR : '1' : Main oscillator and checker oscillator running with more than +/- 20% freq difference FREQ_FAULT : '1' : Main oscillator and checker oscillator running with more than +/- 30% freq difference
A23: Address | B23: Name | E23: Bit 15 | F23: Bit 14 | G23: Bit 13 | H23: Bit 12 | I23: Bit 11 | J23: Bit 10 | K23: Bit 9 | L23: Bit 8 | M23: Bit 7 | N23: Bit 6 | O23: Bit 5 | P23: Bit 4 | Q23: Bit 3 | R23: Bit 2 | S23: Bit 1 | T23: Bit 0
A24: 0x02 | B24: =VLOOKUP(A24,'Register Table'!$B$3:$C$50,2,FALSE) -> STATUS3 | D24: Content | T24: OT
D25: Reset Value | T25: 0
D26: Reset Source | T26: POR
D27: Access | T27: RC
D28: Bit Description | E28: OT : '1' over temperature occurred at each block
A30: Address | B30: Name | E30: Bit 15 | F30: Bit 14 | G30: Bit 13 | H30: Bit 12 | I30: Bit 11 | J30: Bit 10 | K30: Bit 9 | L30: Bit 8 | M30: Bit 7 | N30: Bit 6 | O30: Bit 5 | P30: Bit 4 | Q30: Bit 3 | R30: Bit 2 | S30: Bit 1 | T30: Bit 0
A31: 0x03 | B31: =VLOOKUP(A31,'Register Table'!$B$3:$C$50,2,FALSE) -> TEMP | D31: Content | T31: BIST_STAT
D32: Reset Value | T32: 0
D33: Reset Source | T33: STBY
D34: Access | T34: RC
D35: Bit Description | E35: BIST_FAIL : '1' BIST fail occurred at each block
A37: Address | B37: Name | E37: Bit 15 | F37: Bit 14 | G37: Bit 13 | H37: Bit 12 | I37: Bit 11 | J37: Bit 10 | K37: Bit 9 | L37: Bit 8 | M37: Bit 7 | N37: Bit 6 | O37: Bit 5 | P37: Bit 4 | Q37: Bit 3 | R37: Bit 2 | S37: Bit 1 | T37: Bit 0
A38: 0x04 | B38: =VLOOKUP(A38,'Register Table'!$B$3:$C$50,2,FALSE) -> VEXT_GPIO1 | D38: Content | S38: AFT_RST_EN | T38: AFT_EN
D39: Reset Value | S39: 0 | T39: 0
D40: Reset Source | S40: RSO | T40: RSO
D41: Access | S41: RW | T41: RW
D42: Bit Description | E42: AFT_EN : '1' : AFTERRUN mode enable AFT_RST_EN : '1' : AFTERRUN reset enable
A44: Address | B44: Name | E44: Bit 15 | F44: Bit 14 | G44: Bit 13 | H44: Bit 12 | I44: Bit 11 | J44: Bit 10 | K44: Bit 9 | L44: Bit 8 | M44: Bit 7 | N44: Bit 6 | O44: Bit 5 | P44: Bit 4 | Q44: Bit 3 | R44: Bit 2 | S44: Bit 1 | T44: Bit 0
A45: 0x05 | B45: =VLOOKUP(A45,'Register Table'!$B$3:$C$50,2,FALSE) -> VEXT_GPIO2 | D45: Content | J45: CMON_DRV_EN | K45: CMON_WDO_EN | L45: CMON_RSO_EN | N45: WD_DRV_EN | O45: WD_WDO_EN | P45: WD_RSO_EN | R45: SWRES_RSO_EN | S45: VMCU_RSO_EN | T45: VM50_RSO_EN
D46: Reset Value | J46: 0 | K46: 0 | L46: 0 | N46: 0 | O46: 0 | P46: 0 | R46: 0 | S46: 0 | T46: 0
D47: Reset Source | J47: RSO | K47: RSO | L47: RSO | N47: RSO | O47: RSO | P47: RSO | R47: RSO | S47: RSO | T47: RSO
D48: Access | J48: RW | K48: RW | L48: RW | N48: RW | O48: RW | P48: RW | R48: RW | S48: RW | T48: RW
D49: Bit Description | E49: CMON_DRV_EN : '1' : External clock monitoring fault (MCLK_OK = 0) can disable drivers CMON_WDO_EN : '1' : External clock monitoring fault (MCLK_OK = 0) can activate WDO CMON_RSO_EN : '1' : External clock monitoring fault (MCLK_OK = 0) can activate RSO WD_DRV_EN : '1' : Watchdog fault can adisable drivers WD_WDO_EN : '1' : Watchdog fault can activate WDO WD_RSO_EN : '1' : Watchdog fault can activate RSO SWRES_RSO_EN : '1' : SWRES can activate RSO VMCU_RSO_EN : '1' : VMCU OV can activate RSO VM50_RSO_EN : '1' : VM50 OV can activate RSO
A51: Address | B51: Name | E51: Bit 15 | F51: Bit 14 | G51: Bit 13 | H51: Bit 12 | I51: Bit 11 | J51: Bit 10 | K51: Bit 9 | L51: Bit 8 | M51: Bit 7 | N51: Bit 6 | O51: Bit 5 | P51: Bit 4 | Q51: Bit 3 | R51: Bit 2 | S51: Bit 1 | T51: Bit 0
A52: 0x06 | B52: =VLOOKUP(A52,'Register Table'!$B$3:$C$50,2,FALSE) -> VIO_MON | D52: Content | E52: SWRES[15:0]
D53: Reset Value | E53: 0x0000
D54: Reset Source | E54: POR
D55: Access | E55: WO
D56: Bit Description | E56: SWRES[15:0] : Data for software reset initiation, writing 0xA5A5 will activate the SWRES
A58: Address | B58: Name | E58: Bit 15 | F58: Bit 14 | G58: Bit 13 | H58: Bit 12 | I58: Bit 11 | J58: Bit 10 | K58: Bit 9 | L58: Bit 8 | M58: Bit 7 | N58: Bit 6 | O58: Bit 5 | P58: Bit 4 | Q58: Bit 3 | R58: Bit 2 | S58: Bit 1 | T58: Bit 0
A59: 0x07 | B59: =VLOOKUP(A59,'Register Table'!$B$3:$C$50,2,FALSE) -> SETUP1 | D59: Content | E59: REG_LOCK[15:0]
D60: Reset Value | E60: 0x0000
D61: Reset Source | E61: POR
D62: Access | E62: WO
D63: Bit Description | E63: REG_LOCK[15:0] : Data for SPI lock initiation, writing 0xAAAA will activate the SPI lock
A65: Address | B65: Name | E65: Bit 15 | F65: Bit 14 | G65: Bit 13 | H65: Bit 12 | I65: Bit 11 | J65: Bit 10 | K65: Bit 9 | L65: Bit 8 | M65: Bit 7 | N65: Bit 6 | O65: Bit 5 | P65: Bit 4 | Q65: Bit 3 | R65: Bit 2 | S65: Bit 1 | T65: Bit 0
A66: 0x08 | B66: =VLOOKUP(A66,'Register Table'!$B$3:$C$50,2,FALSE) -> SETUP2 | D66: Content | E66: REG_UNLOCK[15:0]
D67: Reset Value | E67: 0x0000
D68: Reset Source | E68: POR
D69: Access | E69: WO
D70: Bit Description | E70: REG_UNLOCK[15:0] : Data for SPI unlock initiation, writing 0x5555 will activate the SPI unlock
A72: Address | B72: Name | E72: Bit 15 | F72: Bit 14 | G72: Bit 13 | H72: Bit 12 | I72: Bit 11 | J72: Bit 10 | K72: Bit 9 | L72: Bit 8 | M72: Bit 7 | N72: Bit 6 | O72: Bit 5 | P72: Bit 4 | Q72: Bit 3 | R72: Bit 2 | S72: Bit 1 | T72: Bit 0
A73: 0x10 | B73: =VLOOKUP(A73,'Register Table'!$B$3:$C$50,2,FALSE) -> CMD_SET5 | D73: Content | L73: LIN_LP_EN | Q73: VS2_LP_EN | R73: VS1_LP_EN | S73: VCAN_LP_EN | T73: VDDR_LP_EN
D74: Reset Value | L74: 1 | Q74: 1 | R74: 1 | S74: 1 | T74: 1
D75: Reset Source | L75: POR | Q75: POR | R75: POR | S75: POR | T75: POR
D76: Access | L76: RW | Q76: RW | R76: RW | S76: RW | T76: RW
D77: Bit Description | E77: LIN_LP_EN : '1' : LIN enable at LOW POWER MODE VS2_LP_EN : '1' : VS2 enable at LOW POWER MODE VS1_LP_EN : '1' : LVS1 enable at LOW POWER MODE VCAN_LP_EN : '1' : VCAN enable at LOW POWER MODE VDDR_LP_EN : '1' : VDDR enable at LOW POWER MODE
A79: Address | B79: Name | E79: Bit 15 | F79: Bit 14 | G79: Bit 13 | H79: Bit 12 | I79: Bit 11 | J79: Bit 10 | K79: Bit 9 | L79: Bit 8 | M79: Bit 7 | N79: Bit 6 | O79: Bit 5 | P79: Bit 4 | Q79: Bit 3 | R79: Bit 2 | S79: Bit 1 | T79: Bit 0
A80: 0x20 | B80: =VLOOKUP(A80,'Register Table'!$B$3:$C$50,2,FALSE) -> #N/A | D80: Content | E80: VPR_SLOW_SR | F80: VMCU_SLOPE | G80: VPR_SPRD | H80: VMCU_SPRD | O80: VS2_EN | P80: VS1_EN | Q80: VCAN_EN | R80: VDDR_EN | S80: VMCU_EN | T80: VM50_EN
D81: Reset Value | E81: 0 | F81: 0 | G81: 0 | H81: 0 | O81: 1 | P81: 1 | Q81: 1 | R81: 1 | S81: 1 | T81: 1
D82: Reset Source | E82: RSO | F82: RSO | G82: RSO | H82: RSO | O82: RSO | P82: RSO | Q82: RSO | R82: RSO | S82: RSO | T82: RSO
D83: Access | E83: RW | F83: RW | G83: RW | H83: RW | O83: RW | P83: RW | Q83: RW | R83: RW | S83: RW | T83: RW
D84: Bit Description | E84: VPR_SLOW_SR : '1' : fast VPR switching slope selection VMCU_SLOPE : '1' : fast VMCU switching slope selection VPR_SPRD : '1' : VPE spread spectrum function enable VMCU_SPRD : '1' : VMCU spread spectrum function enable VS2_EN : '1' : VS2 enable at NORMAL MODE VS1_EN : '1' : VS1 enable at NORMAL MODE VCAN_EN : '1' : VCAN enable at NORMAL MODE VDDR_EN : '1' : VDDR enable at NORMAL MODE VMCU_EN : '1' : VMCU enable at NORMAL MODE VM50_EN : '1' : VM50 enable at NORMAL MODE
A86: Address | B86: Name | E86: Bit 15 | F86: Bit 14 | G86: Bit 13 | H86: Bit 12 | I86: Bit 11 | J86: Bit 10 | K86: Bit 9 | L86: Bit 8 | M86: Bit 7 | N86: Bit 6 | O86: Bit 5 | P86: Bit 4 | Q86: Bit 3 | R86: Bit 2 | S86: Bit 1 | T86: Bit 0
A87: 0x21 | B87: =VLOOKUP(A87,'Register Table'!$B$3:$C$50,2,FALSE) -> #N/A | D87: Content | M87: VB_IN_UV | N87: VINT_UV | O87: VINT_OV | P87: BG_ERR | Q87: VPR_OC | R87: VPR_UV2 | S87: VPR_UV1 | T87: VPR_OV
D88: Reset Value | M88: STBY | N88: POR | O88: POR | P88: POR | Q88: STBY | R88: STBY | S88: STBY | T88: STBY
D89: Reset Source | M89: 0 | N89: 0 | O89: 0 | P89: 0 | Q89: 0 | R89: 0 | S89: 0 | T89: 0
D90: Access | M90: RC | N90: RC | O90: RC | P90: RC | Q90: RC | R90: RC | S90: RC | T90: RC
D91: Bit Description | E91: VB_IN_UV : '1' VB_IN UV occurred VINT_UV : '1' VINT UV occurred VINT_OV : '1' VINT OV occurred BG_ERR : '1' Bandgap error occurred VPR_OC : '1' VPR OC occurred VPR_UV2 : '1' VPR UV occurred VPR_UV1 : '1' VPR low voltage occurred VPR_OV : '1' VPR OV occurred
A93: Address | B93: Name | E93: Bit 15 | F93: Bit 14 | G93: Bit 13 | H93: Bit 12 | I93: Bit 11 | J93: Bit 10 | K93: Bit 9 | L93: Bit 8 | M93: Bit 7 | N93: Bit 6 | O93: Bit 5 | P93: Bit 4 | Q93: Bit 3 | R93: Bit 2 | S93: Bit 1 | T93: Bit 0
A94: 0x22 | B94: =VLOOKUP(A94,'Register Table'!$B$3:$C$50,2,FALSE) -> #N/A | D94: Content | E94: VS2_UV | F94: VS2_OV | G94: VS1_UV | H94: VS1_OV | I94: VCAN_UV | J94: VCAN_OV | K94: VDDR_UV | L94: VDDR_OV | N94: VMCU_OC | O94: VMCU_UV | P94: VMCU_OV | S94: VM50_UV | T94: VM50_OV
D95: Reset Value | E95: 0 | F95: 0 | G95: 0 | H95: 0 | I95: 0 | J95: 0 | K95: 0 | L95: 0 | N95: 0 | O95: 0 | P95: 0 | S95: 0 | T95: 0
D96: Reset Source | E96: STBY | F96: STBY | G96: STBY | H96: STBY | I96: STBY | J96: STBY | K96: STBY | L96: STBY | N96: STBY | O96: STBY | P96: STBY | S96: STBY | T96: STBY
D97: Access | E97: RC | F97: RC | G97: RC | H97: RC | I97: RC | J97: RC | K97: RC | L97: RC | N97: RC | O97: RC | P97: RC | S97: RC | T97: RC
D98: Bit Description | E98: VS2_UV : '1' : VS2 UV occurred VS2_OV : '1' : VS2 OV occurred VS1_UV : '1' : VS1 UV occurred VS1_OV : '1' : VS1 OV occurred VCAN_UV : '1' : VCAN UV occurred VCAN_OV : '1' : VCAN OV occurred VDDR_UV : '1' : VDDR UV occurred VDDR_OV : '1' : VDDR OV occurred VMCU_OC : '1' : VMCU OC occurred VMCU_UV : '1' : VMCU UV occurred VMCU_OV : '1' : VMCU OV occurred VM50_UV : '1' : VM50 UV occurred VM50_OV : '1' : VM50 OV occurred
A100: Address | B100: Name | E100: Bit 15 | F100: Bit 14 | G100: Bit 13 | H100: Bit 12 | I100: Bit 11 | J100: Bit 10 | K100: Bit 9 | L100: Bit 8 | M100: Bit 7 | N100: Bit 6 | O100: Bit 5 | P100: Bit 4 | Q100: Bit 3 | R100: Bit 2 | S100: Bit 1 | T100: Bit 0
A101: 0x30 | B101: =VLOOKUP(A101,'Register Table'!$B$3:$C$50,2,FALSE) -> #N/A | D101: Content | N101: OUT7_ON | O101: OUT6_ON | P101: OUT5_ON | Q101: OUT4_ON | R101: OUT3_ON | S101: OUT2_ON | T101: OUT1_ON
D102: Reset Value | N102: 0 | O102: 0 | P102: 0 | Q102: 0 | R102: 0 | S102: 0 | T102: 0
D103: Reset Source | N103: STBY | O103: STBY | P103: STBY | Q103: STBY | R103: STBY | S103: STBY | T103: STBY
D104: Access | N104: RW | O104: RW | P104: RW | Q104: RW | R104: RW | S104: RW | T104: RW
D105: Bit Description | E105: OUT7_ON : '1' : GPO on command OUT6_ON : '1' : OUT6 (HS/LS configurable driver) on command OUT5_ON : '1' : OUT5 (HS/LS configurable driver) on command OUT4_ON : '1' : OUT4 (HS driver) on command OUT3_ON : '1' : OUT3 (HS driver) on command OUT2_ON : '1' : OUT2 (HS driver) on command OUT1_ON : '1' : OUT1 (HS driver) on command
A107: Address | B107: Name | E107: Bit 15 | F107: Bit 14 | G107: Bit 13 | H107: Bit 12 | I107: Bit 11 | J107: Bit 10 | K107: Bit 9 | L107: Bit 8 | M107: Bit 7 | N107: Bit 6 | O107: Bit 5 | P107: Bit 4 | Q107: Bit 3 | R107: Bit 2 | S107: Bit 1 | T107: Bit 0
A108: 0x31 | B108: =VLOOKUP(A108,'Register Table'!$B$3:$C$50,2,FALSE) -> #N/A | D108: Content | E108: DRV_KEEP | G108: DRV_CTRL_SEL | H108: DRV_CTRL_EN | K108: PWM_FREQ_SEL_1 | L108: PWM_FREQ_SEL_0 | O108: HS_LS_CFG[1:0] | Q108: HS_SCG_Filter_Time[3:0]
D109: Reset Value | E109: 1 | G109: 0 | H109: 0 | K109: 0 | L109: 0 | O109: 0x0 | Q109: 0x0
D110: Reset Source | E110: STBY | G110: STBY | H110: STBY | K110: STBY | L110: STBY | O110: STBY | Q110: STBY
D111: Access | E111: RW | G111: RW | H111: RW | K111: RW | L111: RW | O111: RW | Q111: RW
D112: Bit Description | E112: DRV_KEEP : '1' : DRV_KEEP function enable DRV_CTRL_SEL : Drivers control signal priority select '1' : DRV_CTRL Pin signal always can control '0' : DRV_CTRL Pin signal can control only when Watchdog block is not OK DRV_CTRL_EN : '1' : DRV_CTRL Pin signal can control drivers PWM_FREQ_SEL_1 : Drivers (OUT4/5) PWM frequency select '1' : 20KHz '0' : 15KHz PWM_FREQ_SEL_0 : Drivers (OUT1/2/3/4) PWM frequency select '1' : 20KHz '0' : 15KHz HS_LS_CFG[1:0] : OUT4 / OUT5 HS / LS select, [1] : OUT6 / [0] : OUT5 '1' : HS '0' : LS HS_SCG_Filter_Time[3:0] : OUT1 ~ 4 SCG filter time select, [0] : OUT1 ~ [3] : OUT4 '1' : Fast '0' : Normal
A114: Address | B114: Name | E114: Bit 15 | F114: Bit 14 | G114: Bit 13 | H114: Bit 12 | I114: Bit 11 | J114: Bit 10 | K114: Bit 9 | L114: Bit 8 | M114: Bit 7 | N114: Bit 6 | O114: Bit 5 | P114: Bit 4 | Q114: Bit 3 | R114: Bit 2 | S114: Bit 1 | T114: Bit 0
A115: 0x32 | B115: =VLOOKUP(A115,'Register Table'!$B$3:$C$50,2,FALSE) -> #N/A | D115: Content | F115: OUT3_PWM[4:0] | K115: OUT2_PWM[4:0] | P115: OUT1_PWM[4:0]
D116: Reset Value | F116: 0x00 | K116: 0x00 | P116: 0x00
D117: Reset Source | F117: STBY | K117: STBY | P117: STBY
D118: Access | F118: RW | K118: RW | P118: RW
D119: Bit Description | E119: OUTx_PWM[4:0] : Dutycycle of driver(OUTx), step : 5% 0x00(100%) ~ 0x14(0%)
...
